time,vehicle_id,speed,edge,x,y
1.0,0,13.89,B2B1,198.4,387.7
2.0,0,14.37114173658807,B2B1,198.4,373.3288582634119
3.0,0,13.986029392673263,B2B1,198.4,359.3428288707387
3.0,1,13.032987,A2B2,8.3,398.4
4.0,0,14.074260630464742,B2B1,198.4,345.2685682402739
4.0,1,12.822187980425813,A2B2,21.122187980425814,398.4
5.0,0,14.712977040635051,B2B1,198.4,330.55559119963885
5.0,1,11.774189155360952,A2B2,32.896377135786764,398.4
5.0,2,13.89,C0B0,391.7,1.6
6.0,0,13.673374224017934,B2B1,198.4,316.88221697562096
6.0,1,12.220018514872796,A2B2,45.11639565065957,398.4
6.0,2,13.161998513143272,C0B0,378.53800148685673,1.6
7.0,0,13.522045081650468,B2B1,198.4,303.36017189397046
7.0,1,12.527417018891581,A2B2,57.64381266955116,398.4
7.0,2,12.938819472061232,C0B0,365.5991820147955,1.6
7.0,3,13.89,C1C2,401.6,212.29999999999998
8.0,0,13.525568745920063,B2B1,198.4,289.8346031480504
8.0,1,11.946567432673916,A2B2,69.59038010222508,398.4
8.0,2,14.024630452844077,C0B0,351.5745515619514,1.6
8.0,3,14.420126213635571,C1C2,401.6,226.72012621363555
9.0,0,14.247332374524886,B2B1,198.4,275.5872707735255
9.0,1,12.988332349782146,A2B2,82.57871245200722,398.4
9.0,2,13.830968294211425,C0B0,337.74358326774,1.6
9.0,3,14.645553853841752,C1C2,401.6,241.3656800674773
9.0,4,13.89,B1A1,187.70000000000002,201.6
10.0,0,14.279348681430893,B2B1,198.4,261.3079220920946
10.0,1,11.741510876755498,A2B2,94.32022332876272,398.4
10.0,2,13.72399112525186,C0B0,324.01959214248814,1.6
10.0,3,13.770433557163246,C1C2,401.6,255.13611362464056
10.0,4,13.340375819035254,B1A1,174.35962418096474,201.6
11.0,0,13.759156672057324,B2B1,198.4,247.54876542003728
11.0,1,12.893690501361423,A2B2,107.21391383012416,398.4
11.0,2,13.85276795165869,C0B0,310.16682419082946,1.6
11.0,3,14.24850432506229,C1C2,401.6,269.38461794970283
11.0,4,13.349768706552133,B1A1,161.00985547441263,201.6
11.0,5,11.54259,A2A1,-1.6,391.7
12.0,0,13.43590158348121,B2B1,198.4,234.11286383655607
12.0,1,12.323817144193024,A2B2,119.53773097431718,398.4
12.0,2,13.476370878343232,C0B0,296.69045331248617,1.6
12.0,3,13.87958119783017,C1C2,401.6,283.264199147533
12.0,4,13.440375177749813,B1A1,147.5694802966628,201.6
12.0,5,10.731941340313442,A2A1,-1.6,380.96805865968656
13.0,0,14.494339321862535,B2B1,198.4,219.61852451469355
13.0,1,12.152030211266398,A2B2,131.68976118558356,398.4
13.0,2,13.396669335721754,C0B0,283.2937839767644,1.6
13.0,3,14.60300757844399,C1C2,401.6,297.86720672597704
13.0,4,13.480846722099379,B1A1,134.0886335745634,201.6
13.0,5,10.91447462058548,A2A1,-1.6,370.0535840391011
13.0,6,13.89,A0A1,1.6,8.3
14.0,0,14.096090992965365,:B1_1,198.4,205.52243352172817
14.0,1,12.608924067018823,A2B2,144.29868525260238,398.4
14.0,2,13.46942799129779,C0B0,269.82435598546664,1.6
14.0,3,14.904971634586595,C1C2,401.6,312.77217836056366
14.0,4,13.688909160905897,B1A1,120.39972441365752,201.6
14.0,5,10.667100261393152,A2A1,-1.6,359.38648377770795
14.0,6,13.591520232823202,A0A1,1.6,21.891520232823204
15.0,0,14.204948582506368,B1B0,198.4,191.31748493922183
15.0,1,12.43378551092305,A2B2,156.73247076352544,398.4
15.0,2,13.28838414371735,C0B0,256.5359718417493,1.6
15.0,3,13.947799937952563,C1C2,401.6,326.7199782985162
15.0,4,13.703386199475647,B1A1,106.69633821418188,201.6
15.0,5,10.83546738071289,A2A1,-1.6,348.551016396995
15.0,6,14.290533634018608,A0A1,1.6,36.18205386684182
15.0,7,12.30654,B2B1,198.4,387.7
16.0,0,14.701633364922927,B1B0,198.4,176.6158515742989
16.0,1,11.870587754527376,A2B2,168.60305851805282,398.4
16.0,2,13.40575676691974,C0B0,243.13021507482955,1.6
16.0,3,14.68444893747966,C1C2,401.6,341.40442723599585
16.0,4,13.457210492995948,B1A1,93.23912772118592,201.6
16.0,5,11.123358274585717,A2A1,-1.6,337.4276581224093
16.0,6,14.50472907579922,A0A1,1.6,50.68678294264104
16.0,7,12.080557630587332,B2B1,198.4,375.6194423694127
17.0,0,13.48634221968856,B1B0,198.4,163.12950935461035
17.0,1,12.53626680375612,A2B2,181.13932532180894,398.4
17.0,2,13.21612288948404,C0B0,229.9140921853455,1.6
17.0,3,14.702140216170132,C1C2,401.6,356.106567452166
17.0,4,13.036726444588423,B1A1,80.2024012765975,201.6
17.0,5,11.388974879061953,A2A1,-1.6,326.03868324334735
17.0,6,14.356983598530748,A0A1,1.6,65.04376654117179
17.0,7,11.459426244258843,B2B1,198.4,364.16001612515385
17.0,8,11.388974879061953,A2A1,-1.6,391.7
18.0,0,14.320871289685929,B1B0,198.4,148.8086380649244
18.0,1,8.03626680375612,A2B2,189.17559212556506,398.4
18.0,2,13.333551316218006,C0B0,216.5805408691275,1.6
18.0,3,14.34855761799428,C1C2,401.6,370.4551250701603
18.0,4,14.054426974106029,B1A1,66.14797430249146,201.6
18.0,5,10.524640360436551,A2A1,-1.6,315.5140428829108
18.0,6,14.386594356526144,A0A1,1.6,79.43036089769794
18.0,7,12.126038722674325,B2B1,198.4,352.03397740247954
18.0,8,13.009445720817096,A2A1,-1.6,378.6905542791829
19.0,0,14.39271342284661,B1B0,198.4,134.41592464207778
19.0,1,3.5362668037561207,A2B2,192.71185892932118,398.4
19.0,2,8.833551316218006,C0B0,207.7469895529095,1.6
19.0,3,14.174777976320378,C1C2,401.6,384.62990304648065
19.0,4,14.137921143813438,B1A1,52.01005315867803,201.6
19.0,5,11.148852514460833,A2A1,-1.6,304.36519036845
19.0,6,13.321300761238197,A0A1,1.6,92.75166165893613
19.0,7,11.99111265724428,B2B1,198.4,340.0428647452352
19.0,8,11.779855166491256,A2A1,-1.6,366.91069911269165
19.0,9,11.902341,C1B1,387.7,201.6
20.0,0,13.769179878227042,B1B0,198.4,120.64674476385075
20.0,1,3.378523795191273,:B2_12,193.94829296649613,400.8344713556693
20.0,2,6.264024242541842,:B0_3,202.38146142710255,4.030897621495734
20.0,3,10.42333569582215,C1C2,401.6,395.0532387423028
20.0,4,13.05921780082994,B1A1,38.95083535784809,201.6
20.0,5,10.794815749124773,A2A1,-1.6,293.5703746193252
20.0,6,14.270116669218512,A0A1,1.6,107.02177832815465
20.0,7,11.136646697184965,B2B1,198.4,328.9062180480503
20.0,8,12.701743610155903,A2A1,-1.6,354.20895550253573
20.0,9,11.768086268156752,C1B1,375.9319137318433,201.6
21.0,0,14.15734276907202,B1B0,198.4,106.48940199477873
21.0,1,2.5754478308847917,B2A2,191.60416944460277,401.6
21.0,10,10.825459756641633,C1B1,387.7,201.6
21.0,2,6.484589636271909,B0B1,201.6,10.37162432590424
21.0,3,6.12952960119246,:C2_0,399.9602359314195,400.66385844114825
21.0,4,13.721988247545816,B1A1,25.22884711030227,201.6
21.0,5,11.428337033706867,A2A1,-1.6,282.14203758561837
21.0,6,14.447292843274296,A0A1,1.6,121.46907117142895
21.0,7,12.04361522447221,B2B1,198.4,316.8626028235781
21.0,8,12.611062900674664,A2A1,-1.6,341.5978926018611
21.0,9,10.825459756641633,C1B1,365.1064539752016,201.6
22.0,0,13.633132795646416,B1B0,198.4,92.85626919913229
22.0,1,4.118057760946527,B2A2,187.48611168365625,401.6
22.0,10,11.605918038292145,C1B1,376.09408196170784,201.6
22.0,2,8.477844241207555,B0B1,201.6,18.849468567111796
22.0,3,6.304270707486555,C2B2,393.8529609490182,401.6
22.0,4,9.714081448171939,B1A1,15.514765662130316,201.6
22.0,5,11.183007856746354,A2A1,-1.6,270.959029728872
22.0,6,13.976536504039066,A0A1,1.6,135.445607675468
22.0,7,11.411001294738575,B2B1,198.4,305.4516015288395
22.0,8,12.396589583367243,A2A1,-1.6,329.20130301849383
22.0,9,11.355148995444164,C1B1,353.75130497975744,201.6
23.0,0,13.679781229730324,B1B0,198.4,79.17648796940196
23.0,1,5.520510763792395,B2A2,181.96560091986385,401.6
23.0,10,11.615528843573793,C1B1,364.4785531181341,201.6
23.0,2,9.91231201243782,B0B1,201.6,28.761780579549615
23.0,3,7.681024482051268,C2B2,386.17193646696694,401.6
23.0,4,5.214081448171939,B1A1,10.300684213958363,201.6
23.0,5,10.829385492796227,A2A1,-1.6,260.12964423607576
23.0,6,14.237236686888606,A0A1,1.6,149.6828443623566
23.0,7,12.143956755175218,B2B1,198.4,293.30764477366426
23.0,8,11.770159285863995,A2A1,-1.6,317.43114373262983
23.0,9,11.343203570120952,C1B1,342.4081014096365,201.6
24.0,0,14.37664952893425,B1B0,198.4,64.79983844046774
24.0,1,7.562656664337107,B2A2,174.40294425552673,401.6
24.0,10,11.228113626465836,C1B1,353.2504394916682,201.6
24.0,11,12.343207005683421,B0B1,201.6,12.3
24.0,2,12.343207005683421,B0B1,201.6,41.10498758523304
24.0,3,9.00923120241741,C2B2,377.1627052645495,401.6
24.0,4,1.1785616094700284,B1A1,9.12212260448834,201.6
24.0,5,10.700347029030473,A2A1,-1.6,249.4292972070453
24.0,6,14.39578709972509,A0A1,1.6,164.0786314620817
24.0,7,11.138281609005258,B2B1,198.4,282.169363164659
24.0,8,12.016862768213398,A2A1,-1.6,305.41428096441643
24.0,9,11.559620802067204,C1B1,330.8484806075693,201.6
25.0,0,13.62012926759813,B1B0,198.4,51.17970917286962
25.0,1,9.127456410090513,B2A2,165.2754878454362,401.6
25.0,10,11.66743428653769,C1B1,341.5830052051305,201.6
25.0,11,13.96525626695712,B0B1,201.6,26.265256266957124
25.0,12,10.447435642798789,C2B2,391.7,401.6
25.0,2,13.438896664057621,B0B1,201.6,54.54388424929066
25.0,3,10.447435642798789,C2B2,366.71526962175074,401.6
25.0,4,0.9046586880939523,B1A1,8.217463916394394,201.6
25.0,5,10.429255510199965,A2A1,-1.6,239.00004169684533
25.0,6,14.220282555883275,A0A1,1.6,178.29891401796496
25.0,7,12.228118270359897,B2B1,198.4,269.9412448942991
25.0,8,12.763344286823779,A2A1,-1.6,292.65093667759265
25.0,9,11.565518308929153,C1B1,319.28296229864014,201.6
26.0,0,14.172911830182748,B1B0,198.4,37.006797342686866
26.0,1,10.852364036232307,B2A2,154.4231238092039,401.6
26.0,10,12.13273976137527,C1B1,329.45026544375526,201.6
26.0,11,13.948469320251577,B0B1,201.6,40.21372558720871
26.0,12,12.619084353949365,C2B2,379.08091564605064,401.6
26.0,2,13.12384152790787,B0B1,201.6,67.66772577719854
26.0,3,12.99245901477652,C2B2,353.7228106069742,401.6
26.0,4,0.009514405360316868,B1A1,8.207949511034087,201.6
26.0,5,11.22471548501324,A2A1,-1.6,227.7753262118321
26.0,6,10.337289268919447,A0A1,1.6,188.6362032868844
26.0,7,11.859462268980183,B2B1,198.4,258.08178262531885
26.0,8,12.200439884093724,A2A1,-1.6,280.4504967934989
26.0,9,11.805149918128722,C1B1,307.4778123805114,201.6
27.0,0,13.190592310324067,B1B0,198.4,23.816205032362802
27.0,1,12.173635908447475,B2A2,142.24948790075644,401.6
27.0,10,11.723417446569167,C1B1,317.7268479971861,201.6
27.0,11,13.243041991963953,B0B1,201.6,53.456767579172656
27.0,12,13.234615376489305,C2B2,365.8463002695613,401.6
27.0,13,13.89,A1A0,-1.6,187.70000000000002
27.0,2,13.348141745955445,B0B1,201.6,81.01586752315399
27.0,3,14.125241948747329,C2B2,339.59756865822686,401.6
27.0,4,0.003814580590228879,B1A1,8.204134930443871,201.6
27.0,5,10.526389277525396,A2A1,-1.6,217.2489369343067
27.0,6,6.691004804545262,:A1_6,1.9771293782542585,195.29521563042377
27.0,7,12.036665450855121,B2B1,198.4,246.04511717446377
27.0,8,12.951375259621203,A2A1,-1.6,267.4991215338777
27.0,9,11.839124044482581,C1B1,295.63868833602885,201.6
28.0,0,8.89404651470117,B1B0,198.4,14.922158517661643
28.0,1,12.733619172590123,B2A2,129.5158687281663,401.6
28.0,10,12.043949530947392,C1B1,305.6828984662387,201.6
28.0,11,13.959061352941179,B0B1,201.6,67.41582893211384
28.0,12,13.765792899011128,C2B2,352.0805073705502,401.6
28.0,13,15.411422412694195,A1A0,-1.6,172.2885775873058
28.0,2,13.606262326275692,B0B1,201.6,94.62212984942968
28.0,3,14.492955733523026,C2B2,325.1046129247038,401.6
28.0,4,0.0021864141818457696,B1A1,8.201948516262036,201.6
28.0,5,8.432806427003648,A2A1,-1.6,208.81613050730306
28.0,6,5.607828058488846,:A1_6,6.313892276777976,198.27341318239687
28.0,7,12.269962248628921,B2B1,198.4,233.77515492583484
28.0,8,12.933423109049112,A2A1,-1.6,254.5656984248286
28.0,9,11.51634694911538,C1B1,284.12234138691343,201.6
29.0,0,5.229643913613241,B1B0,198.4,9.692514604048398
29.0,1,12.687055706789986,B2A2,116.82881302137632,401.6
29.0,10,11.286351003476664,C1B1,294.396547462762,201.6
29.0,11,13.04074401407034,B0B1,201.6,80.45657294618418
29.0,12,13.4687547535081,C2B2,338.6117526170421,401.6
29.0,13,14.453576678331704,A1A0,-1.6,157.8350009089741
29.0,14,13.767768,C1C0,398.4,187.70000000000002
29.0,2,13.862257567176357,B0B1,201.6,108.48438741660604
29.0,3,14.033639493202113,C2B2,311.0709734315017,401.6
29.0,4,0.0004801466676180815,B1A1,8.201468369594409,201.6
29.0,5,4.4358454810407215,:A1_1,-1.20181839518898,204.41272876632286
29.0,6,6.252841168758639,A1B1,12.557877318677143,198.4
29.0,7,11.788418283480182,B2B1,198.4,221.98673664235466
29.0,8,12.416782082313805,A2A1,-1.6,242.1489163425148
29.0,9,10.987367861983351,C1B1,273.13497352493005,201.6
30.0,0,1.024274175722452,B1B0,198.4,8.668240428325959
30.0,1,12.566871598640725,B2A2,104.26194142273559,401.6
30.0,10,10.928487938569397,C1B1,283.46805952419265,201.6
30.0,11,13.315343978428253,B0B1,201.6,93.77191692461244
30.0,12,13.8751851161853,C2B2,324.7365675008568,401.6
30.0,13,15.427361581023545,A1A0,-1.6,142.40763932795056
30.0,14,13.086718720666909,C1C0,398.4,174.6132812793331
30.0,2,13.750164667063155,B0B1,201.6,122.2345520836692
30.0,3,14.419342346106909,C2B2,296.6516310853948,401.6
30.0,4,0.0003000299982241488,B1A1,8.201168339596194,201.6
30.0,5,6.388035233506932,:A1_9,2.404804161247241,199.51711750325165
30.0,6,8.46842192413769,A1B1,21.026299242814837,198.4
30.0,7,9.673799570510331,B2B1,198.4,212.31293707184432
30.0,8,12.48345814170236,A2A1,-1.6,229.66545820081245
30.0,9,11.03018276634159,C1B1,262.1047907585885,201.6
31.0,0,0.2606993684252325,B1B0,198.4,8.407541059900723
31.0,1,12.359790688495421,B2A2,91.90215073424017,401.6
31.0,10,11.560616079602388,C1B1,271.9074434445902,201.6
31.0,11,13.69408969835841,B0B1,201.6,107.46600662297087
31.0,12,13.324659676491708,C2B2,311.4119078243651,401.6
31.0,13,15.121560678692298,A1A0,-1.6,127.28607864925824
31.0,14,12.8899420600653,C1C0,398.4,161.72333921926779
31.0,15,11.717102625959544,C1B1,387.7,201.6
31.0,2,12.9016710202794,B0B1,201.6,135.1362231039486
31.0,3,14.661467280461705,C2B2,281.9901638049331,401.6
31.0,4,0.00013146092659333544,B1A1,8.201036878669612,201.6
31.0,5,5.481849778911099,A1B1,7.689599986155691,198.4
31.0,6,10.982846667710872,A1B1,32.00914591052571,198.4
31.0,7,5.619458566222037,:B1_2,198.47152763431095,206.69930655982338
31.0,8,12.137625989759474,A2A1,-1.6,217.52783221105298
31.0,9,11.8735891723167,C1B1,250.23120158627177,201.6
32.0,0,0.1782889251036995,B1B0,198.4,8.229252134797036
32.0,1,12.741883552841179,B2A2,79.16026718139898,401.6
32.0,10,11.59753506033433,C1B1,260.3099083842559,201.6
32.0,11,13.882689798236795,B0B1,201.6,121.34869642120766
32.0,12,14.304094864721835,C2B2,297.10781295964324,401.6
32.0,13,14.788204967221938,A1A0,-1.6,112.4978736820363
32.0,14,13.170140793853284,C1C0,398.4,148.5531984254145
32.0,15,12.304870027202785,C1B1,375.39512997279724,201.6
32.0,2,13.512039685191349,B0B1,201.6,148.64826278913995
32.0,3,14.987364951371468,C2B2,267.0027988535616,401.6
32.0,4,0.0,B1A1,8.201036878669612,201.6
32.0,5,7.768367385353893,A1B1,15.457967371509586,198.4
32.0,6,13.322423024662019,A1B1,45.33156893518773,198.4
32.0,7,6.002573858771473,:B1_16,200.29468194379098,201.108863427015
32.0,8,8.451472706081654,A2A1,-1.6,209.07635950497132
32.0,9,11.618292554919593,C1B1,238.61290903135216,201.6
33.0,0,0.024561196504898585,B1B0,198.4,8.204690938292146
33.0,1,12.879275911090232,B2A2,66.28099127030876,401.6
33.0,10,11.179578053139359,C1B1,249.13033033111657,201.6
33.0,11,13.732563534900516,B0B1,201.6,135.08125995610817
33.0,12,13.496774689844303,C2B2,283.61103826979894,401.6
33.0,13,15.553646249408596,A1A0,-1.6,96.94422743262771
33.0,14,13.609352915621207,C1C0,398.4,134.94384550979328
33.0,15,12.79598388098334,C1B1,362.5991460918139,201.6
33.0,16,12.200976,B1B2,201.6,212.29999999999998
33.0,2,13.544897604279914,B0B1,201.6,162.19316039341987
33.0,3,14.40415483805283,C2B2,252.5986440155088,401.6
33.0,4,0.0,B1A1,8.201036878669612,201.6
33.0,5,9.583183415818029,A1B1,25.041150787327616,198.4
33.0,6,14.258148472080462,A1B1,59.589717407268196,198.4
33.0,7,6.954430689976551,:B1_16,206.47105710896344,198.5041346987195
33.0,8,4.599213449146439,:A1_1,-1.215496472779829,204.5084753094588
33.0,9,11.611370473480768,C1B1,227.00153855787138,201.6
34.0,0,0.003097437140978896,B1B0,198.4,8.201593501151166
34.0,1,12.675081424576499,B2A2,53.60590984573224,401.6
34.0,10,12.48840162486814,C1B1,236.64192870624842,201.6
34.0,11,13.875492295701958,B0B1,201.6,148.95675225181012
34.0,12,14.274496102231048,C2B2,269.3365421675679,401.6
34.0,13,14.906286269557425,A1A0,-1.6,82.03794116307027
34.0,14,13.367437816787355,C1C0,398.4,121.57640769300593
34.0,15,12.317840637608104,C1B1,350.2813054542058,201.6
34.0,16,11.781950730080926,B1B2,201.6,224.0819507300809
34.0,2,13.428878642188147,B0B1,201.6,175.62203903560803
34.0,3,14.228979295994408,C2B2,238.3696647195144,401.6
34.0,4,0.0,B1A1,8.201036878669612,201.6
34.0,5,10.685464258430676,A1B1,35.7266150457583,198.4
34.0,6,13.285441902931304,A1B1,72.8751593101995,198.4
34.0,7,6.283125858369283,B1C1,212.74665190149503,198.4
34.0,8,6.040701561678973,:A1_9,2.0239778092128535,199.74561331447228
34.0,9,10.766042435389993,C1B1,216.23549612248138,201.6
35.0,0,0.0005008636049112086,B1B0,198.4,8.201092637546253
35.0,1,12.642934124193422,B2A2,40.96297572153881,401.6
35.0,10,11.36902325450665,C1B1,225.27290545174176,201.6
35.0,11,13.39825459624172,B0B1,201.6,162.35500684805183
35.0,12,14.029071867457084,C2B2,255.30747030011082,401.6
35.0,13,14.587429017308862,A1A0,-1.6,67.45051214576141
35.0,14,13.050005202557735,C1C0,398.4,108.5264024904482
35.0,15,11.829727932197645,C1B1,338.4515775220081,201.6
35.0,16,12.051697630360932,B1B2,201.6,236.13364836044184
35.0,17,13.076046000000002,B0C0,212.29999999999998,-1.6
35.0,2,13.496885504911416,B0B1,201.6,189.11892454051943
35.0,3,14.980885610020973,C2B2,223.3887791094934,401.6
35.0,4,0.0,B1A1,8.201036878669612,201.6
35.0,5,11.078060054089093,A1B1,46.804675099847394,198.4
35.0,6,13.300507422838816,A1B1,86.17566673303833,198.4
35.0,7,8.46478548572585,B1C1,221.21143738722088,198.4
35.0,8,7.50269394504074,A1B1,9.266249450894826,198.4
35.0,9,6.266042435389993,C1B1,209.96945368709137,201.6
36.0,0,0.0,B1B0,198.4,8.201092637546253
36.0,1,11.951344359757647,B2A2,29.011631361781156,401.6
36.0,10,6.869023254506651,C1B1,218.4038821972351,201.6
36.0,11,13.762368647856608,B0B1,201.6,176.11737549590845
36.0,12,14.501377221001738,C2B2,240.80609307910908,401.6
36.0,13,15.442271804381855,A1A0,-1.6,52.00824034137955
36.0,14,13.434469839771122,C1C0,398.4,95.09193265067707
36.0,15,12.606668327089071,C1B1,325.84490919491907,201.6
36.0,16,11.571240187152497,B1B2,201.6,247.70488854759435
36.0,17,11.780676911606365,B0C0,224.08067691160636,-1.6
36.0,2,13.772373355145328,:B1_9,201.6,202.89129789566474
36.0,3,14.973420760677449,C2B2,208.41535834881597,401.6
36.0,4,0.0,B1A1,8.201036878669612,201.6
36.0,5,11.084406268977709,A1B1,57.88908136882512,198.4
36.0,6,14.169548480351912,A1B1,100.34521521339023,198.4
36.0,7,10.905242639278992,B1C1,232.11668002649986,198.4
36.0,8,9.566503692103362,A1B1,18.83275314299819,198.4
36.0,9,1.766042435389993,C1B1,208.20341125170137,201.6
37.0,0,0.0,B1B0,198.4,8.201092637546253
37.0,1,11.945906162586331,B2A2,17.065725199194816,401.6
37.0,10,2.3690232545066507,C1B1,216.03485894272845,201.6
37.0,11,10.957239712118595,B0B1,201.6,187.07461520802704
37.0,12,13.513033873090015,C2B2,227.29305920601905,401.6
37.0,13,15.269285912430608,A1A0,-1.6,36.738954428948944
37.0,14,13.054402965031407,C1C0,398.4,82.03752968564567
37.0,15,11.738541315464907,C1B1,314.1063678794541,201.6
37.0,16,11.331279241102957,B1B2,201.6,259.0361677886973
37.0,17,12.13379759765035,B0C0,236.21447450925672,-1.6
37.0,18,4.703220654825929,C1B1,387.7,201.6
37.0,2,13.988746889808908,B1B2,201.6,216.88004478547364
37.0,3,14.184724342370659,:B2_0,194.23063400644534,401.6
37.0,4,0.0,B1A1,8.201036878669612,201.6
37.0,5,10.723880593370795,A1B1,68.6129619621959,198.4
37.0,6,13.669072314863548,A1B1,114.01428752825382,198.4
37.0,7,11.881049391002357,B1C1,243.99772941750223,198.4
37.0,8,11.193946757574377,A1B1,30.026699900572567,198.4
37.0,9,0.002097394506231613,C1B1,208.20131385719515,201.6
38.0,0,0.0,B1B0,198.4,8.201092637546253
38.0,1,9.560250551213452,B2A2,7.505474647981373,401.6
38.0,10,0.30754598708578107,C1B1,215.72731295564267,201.6
38.0,11,7.00930032184856,:B1_10,201.41869389250715,194.06914275244992
38.0,12,11.8609473108056,C2B2,215.43211189521347,401.6
38.0,13,15.357074542404847,A1A0,-1.6,21.381879886544084
38.0,14,13.69309402546271,C1C0,398.4,68.34443566018295
38.0,15,12.021937731575825,C1B1,302.0844301478783,201.6
38.0,16,11.041877693352498,B1B2,201.6,270.0780454820498
38.0,17,12.444473386973055,B0C0,248.65894789622976,-1.6
38.0,18,6.5810042120397725,C1B1,381.1189957879602,201.6
38.0,2,13.428721160290525,B1B2,201.6,230.30876594576418
38.0,3,14.536232332689009,B2A2,179.69440167375632,401.6
38.0,4,0.0,B1A1,8.201036878669612,201.6
38.0,5,11.116359166273996,A1B1,79.7293211284699,198.4
38.0,6,14.48742201738012,A1B1,128.5017095456339,198.4
38.0,7,11.10160379137747,B1C1,255.0993332088797,198.4
38.0,8,11.875965316010774,A1B1,41.90266521658335,198.4
38.0,9,0.00015727450153303217,C1B1,208.2011565826936,201.6
39.0,0,0.0,B1B0,198.4,8.201092637546253
39.0,1,5.060250551213452,:A2_0,2.4526929919069893,401.49324185598675
39.0,10,0.013572538030468406,C1B1,215.7137404176122,201.6
39.0,11,7.399643330224417,:B1_20,198.0446065991156,200.21323604053063
39.0,12,7.360947310805599,C2B2,208.07116458440785,401.6
39.0,13,14.983202994233691,A1A0,-1.6,6.398676892310391
39.0,14,12.90354594842422,C1C0,398.4,55.44088971175873
39.0,15,12.768623816051193,C1B1,289.3158063318271,201.6
39.0,16,11.832355958195613,B1B2,201.6,281.91040144024544
39.0,17,12.382520254769275,B0C0,261.04146815099904,-1.6
39.0,18,8.148889195162122,C1B1,372.9701065927981,201.6
39.0,19,12.90354594842422,C1C0,398.4,187.70000000000002
39.0,2,13.252094348625041,B1B2,201.6,243.56086029438922
39.0,3,14.145351946553468,B2A2,165.54904972720286,401.6
39.0,4,0.0,B1A1,8.201036878669612,201.6
39.0,5,10.869649539523907,A1B1,90.59897066799381,198.4
39.0,6,14.493067914968812,A1B1,142.9947774606027,198.4
39.0,7,11.100890993074477,B1C1,266.20022420195414,198.4
39.0,8,12.47285235070078,A1B1,54.37551756728412,198.4
39.0,9,0.00014849175642106177,C1B1,208.2010080909372,201.6
40.0,0,0.0,B1B0,198.4,8.201092637546253
40.0,1,5.064074699377582,:A2_0,-1.3282659089149735,398.70213863759517
40.0,10,0.010058070987281372,C1B1,215.70368234662493,201.6
40.0,11,7.324526090751961,B1A1,190.99191504914802,201.6
40.0,12,4.413023371096842,:B2_1,203.69889396558443,401.0998419950835
40.0,14,12.92785641865696,C1C0,398.4,42.513033293101756
40.0,15,12.268938219120399,C1B1,277.0468681127067,201.6
40.0,16,11.839902833169536,B1B2,201.6,293.75030427341494
40.0,17,12.944157493508333,B0C0,273.98562564450737,-1.6
40.0,18,10.657991684891533,C1B1,362.31211490790656,201.6
40.0,19,14.995750910629361,C1C0,398.4,172.70424908937065
40.0,2,13.269556689367391,B1B2,201.6,256.8304169837566
40.0,3,15.028901472002522,B2A2,150.52014825520033,401.6
40.0,4,0.0,B1A1,8.201036878669612,201.6
40.0,5,10.271839602230266,A1B1,100.87081027022407,198.4
40.0,6,14.090610365592399,A1B1,157.0853878261951,198.4
40.0,7,11.751159895354844,B1C1,277.951384097309,198.4
40.0,8,12.463344556232117,A1B1,66.83886212351625,198.4
40.0,9,0.0,C1B1,208.2010080909372,201.6
41.0,0,0.0,B1B0,198.4,8.201092637546253
41.0,1,5.5891469598346735,A2A1,-1.6,393.1320024375557
41.0,10,0.0013955619967631204,C1B1,215.70228678462817,201.6
41.0,11,8.930420477566868,B1A1,182.06149457158116,201.6
41.0,12,6.304726584079818,:B2_9,199.18849773703477,397.04749622839125
41.0,14,12.85080403862878,C1C0,398.4,29.662229254472976
41.0,15,12.673014787809596,C1B1,264.37385332489714,201.6
41.0,16,12.10762275559383,B1B2,201.6,305.8579270290088
41.0,17,12.01967263405482,B0C0,286.0052982785622,-1.6
41.0,18,12.703297000247085,C1B1,349.6088179076595,201.6
41.0,19,15.198299205381378,C1C0,398.4,157.50594988398927
41.0,2,13.62057947028684,B1B2,201.6,270.45099645404343
41.0,20,13.89,B2C2,212.29999999999998,398.4
41.0,3,14.162066448656164,B2A2,136.35808180654416,401.6
41.0,4,0.0,B1A1,8.201036878669612,201.6
41.0,5,10.38794652883351,A1B1,111.2587567990576,198.4
41.0,6,13.57931223153089,A1B1,170.66470005772598,198.4
41.0,7,11.90133288700968,B1C1,289.8527169843187,198.4
41.0,8,12.526525207724557,A1B1,79.36538733124081,198.4
41.0,9,0.0,C1B1,208.2010080909372,201.6
42.0,0,0.0,B1B0,198.4,8.201092637546253
42.0,1,8.132895649556943,A2A1,-1.6,384.99910678799876
42.0,10,0.00024865738076418993,C1B1,215.70203812724742,201.6
42.0,11,10.739175279526599,B1A1,171.32231929205457,201.6
42.0,12,7.982433500963449,B2B1,198.4,389.1709811282678
42.0,14,12.86099844932059,C1C0,398.4,16.801230805152386
42.0,15,12.537786011064098,C1B1,251.836067313833,201.6
42.0,16,11.874122293638274,B1B2,201.6,317.7320493226471
42.0,17,12.70081467507212,B0C0,298.7061129536343,-1.6
42.0,18,11.805280876866572,C1B1,337.8035370307929,201.6
42.0,19,14.878029034271792,C1C0,398.4,142.62792084971747
42.0,2,13.767929066845909,B1B2,201.6,284.21892552088934
42.0,20,13.12107771506069,B2C2,225.42107771506068,398.4
42.0,3,14.976106099564836,B2A2,121.38197570697932,401.6
42.0,4,0.0,B1A1,8.201036878669612,201.6
42.0,5,11.485414864853174,A1B1,122.74417166391076,198.4
42.0,6,13.634396571199865,A1B1,184.29909662892584,198.4
42.0,7,11.807294878809676,B1C1,301.6600118631284,198.4
42.0,8,12.964107536896266,A1B1,92.32949486813708,198.4
42.0,9,0.0,C1B1,208.2010080909372,201.6
43.0,0,0.0,B1B0,198.4,8.201092637546253
43.0,1,10.186626963184155,A2A1,-1.6,374.8124798248146
43.0,10,0.0,C1B1,215.70203812724742,201.6
43.0,11,13.224751204689591,B1A1,158.09756808736498,201.6
43.0,12,10.471235916910878,B2B1,198.4,378.6997452113569
43.0,14,8.36099844932059,C1C0,398.4,8.440232355831796
43.0,15,12.551460844852635,C1B1,239.28460646898037,201.6
43.0,16,11.165145588731603,B1B2,201.6,328.8971949113787
43.0,17,12.096225918338547,B0C0,310.8023388719729,-1.6
43.0,18,12.97982244573909,C1B1,324.82371458505384,201.6
43.0,19,14.892852312241637,C1C0,398.4,127.73506853747584
43.0,2,12.902884722536191,B1B2,201.6,297.12181024342556
43.0,20,13.917873492571541,B2C2,239.33895120763222,398.4
43.0,3,14.435962285883047,B2A2,106.94601342109627,401.6
43.0,4,0.0,B1A1,8.201036878669612,201.6
43.0,5,11.023540697208755,A1B1,133.76771236111952,198.4
43.0,7,12.095999657878615,B1C1,313.756011521007,198.4
43.0,8,11.771833979500592,A1B1,104.10132884763767,198.4
43.0,9,0.0,C1B1,208.2010080909372,201.6
44.0,0,0.0,B1B0,198.4,8.201092637546253
44.0,1,11.794002124231248,A2A1,-1.6,363.01847770058333
44.0,10,0.0,C1B1,215.70203812724742,201.6
44.0,11,13.549707626374408,B1A1,144.54786046099056,201.6
44.0,12,12.263293413220158,B2B1,198.4,366.4364517981367
44.0,14,3.9988384528874064,C1C0,398.4,4.441393902944384
44.0,15,9.746386956829575,C1B1,229.5382195121508,201.6
44.0,16,11.584506285418966,B1B2,201.6,340.48170119679764
44.0,17,12.76319083564254,B0C0,323.5655297076154,-1.6
44.0,18,12.376695421951853,C1B1,312.44701916310197,201.6
44.0,19,15.167702495361635,C1C0,398.4,112.5673660421142
44.0,2,13.99962385863787,B1B2,201.6,311.12143410206346
44.0,20,13.153350116349772,B2C2,252.492301323982,398.4
44.0,21,11.794002124231248,A2A1,-1.6,391.7
44.0,3,14.53873516441255,B2A2,92.40727825668371,401.6
44.0,4,0.0,B1A1,8.201036878669612,201.6
44.0,5,11.400246413759106,A1B1,145.1679587748786,198.4
44.0,7,11.289172315997034,B1C1,325.04518383700406,198.4
44.0,8,12.88093563737268,A1B1,116.98226448501036,198.4
44.0,9,0.0,C1B1,208.2010080909372,201.6
45.0,0,0.0,B1B0,198.4,8.201092637546253
45.0,1,12.265695877581171,A2A1,-1.6,350.7527818230022
45.0,10,0.0,C1B1,215.70203812724742,201.6
45.0,11,13.514693819601058,B1A1,131.0331666413895,201.6
45.0,12,13.708749358160846,B2B1,198.4,352.7277024399759
45.0,14,2.670539561496414,:C0_0,397.8806649012046,1.928398940722784
45.0,15,5.246386956829575,C1B1,224.2918325553212,201.6
45.0,16,12.008857898689085,B1B2,201.6,352.49055909548673
45.0,17,12.890922461355018,B0C0,336.45645216897043,-1.6
45.0,18,12.786139312301794,C1B1,299.6608798508002,201.6
45.0,19,15.841575733371034,C1C0,398.4,96.72579030874314
45.0,2,13.494438458595187,B1B2,201.6,324.6158725606586
45.0,20,13.790713844578729,B2C2,266.2830151685607,398.4
45.0,21,13.84796888241607,A2A1,-1.6,377.8520311175839
45.0,22,13.54275,A0B0,8.3,-1.6
45.0,3,14.331773938717573,B2A2,78.07550431796612,401.6
45.0,4,0.0,B1A1,8.201036878669612,201.6
45.0,5,11.516822074595057,A1B1,156.68478084947367,198.4
45.0,7,11.83323849472586,B1C1,336.8784223317299,198.4
45.0,8,13.010753704513558,A1B1,129.9930181895239,198.4
45.0,9,0.0,C1B1,208.2010080909372,201.6
46.0,0,2.2649928177008407,:B0_0,198.22122953730565,5.948606761139366
46.0,1,11.795174735410408,A2A1,-1.6,338.9576070875918
46.0,10,0.0,C1B1,215.70203812724742,201.6
46.0,11,14.08133388416373,B1A1,116.95183275722577,201.6
46.0,12,14.362053712727926,B2B1,198.4,338.36564872724796
46.0,14,3.717284021689854,C0B0,394.23357031975814,1.6
46.0,15,0.7540474470725638,C1B1,223.53778510824864,201.6
46.0,16,11.082697226288937,B1B2,201.6,363.57325632177566
46.0,17,13.058429744744586,B0C0,349.51488191371504,-1.6
46.0,18,11.781406975080289,C1B1,287.8794728757199,201.6
46.0,19,14.959532735668079,C1C0,398.4,81.76625757307507
46.0,2,13.463257204496996,B1B2,201.6,338.0791297651556
46.0,20,13.753137987074458,B2C2,280.0361531556352,398.4
46.0,21,13.755057861121067,A2A1,-1.6,364.0969732564629
46.0,22,13.06042475917004,A0B0,21.360424759170044,-1.6
46.0,3,13.851999018564142,B2A2,64.22350529940198,401.6
46.0,4,2.5410368786696234,:A1_11,5.955263757898955,200.7105275157979
46.0,5,11.224352444460765,A1B1,167.90913329393445,198.4
46.0,7,11.377771654239819,B1C1,348.25619398596973,198.4
46.0,8,12.827830234518409,A1B1,142.8208484240423,198.4
46.0,9,2.273222461808473,:B1_6,205.9424237726057,201.42034625322938
47.0,0,3.642539141257294,:B0_0,196.66429099851786,2.7985745991107076
47.0,1,12.113381025333226,A2A1,-1.6,326.84422606225854
47.0,10,1.2632580561635882,C1B1,214.43878007108384,201.6
47.0,11,14.058984320713177,B1A1,102.8928484365126,201.6
47.0,12,13.661808487228543,B2B1,198.4,324.7038402400194
47.0,14,6.1211010984613745,C0B0,388.11246922129675,1.6
47.0,15,0.3002260160826771,C1B1,223.23755909216595,201.6
47.0,16,10.951888070041523,B1B2,201.6,374.5251443918172
47.0,17,12.566183389535086,B0C0,362.0810653032501,-1.6
47.0,18,12.621686289118633,C1B1,275.25778658660124,201.6
47.0,19,15.622558136572085,C1C0,398.4,66.14369943650298
47.0,2,12.493909779907668,B1B2,201.6,350.57303954506324
47.0,20,13.686665829471329,B2C2,293.7228189851065,398.4
47.0,21,12.648019093703509,A2A1,-1.6,351.4489541627594
47.0,22,12.28130640941765,A0B0,33.6417311685877,-1.6
47.0,23,12.356544,A1A0,-1.6,187.70000000000002
47.0,3,13.755937558728524,B2A2,50.467567740673445,401.6
47.0,4,3.1478507078953832,A1B1,7.2178507078953755,198.4
47.0,5,10.772581860524753,A1B1,178.6817151544592,198.4
47.0,7,11.618556778113321,B1C1,359.87475076408305,198.4
47.0,8,12.726285612908326,A1B1,155.54713403695064,198.4
47.0,9,4.153079606546089,:B1_18,202.0380508373055,200.2628305023833
48.0,0,6.161284446693027,B0A0,190.76227623189513,1.6
48.0,1,12.35334228223496,A2A1,-1.6,314.4908837800236
48.0,10,3.0004895993813743,C1B1,211.43829047170246,201.6
48.0,11,13.302193251121759,B1A1,89.5906551853908,201.6
48.0,12,13.713421416669577,B2B1,198.4,310.99041882334984
48.0,14,7.934468958759979,C0B0,380.1780002625368,1.6
48.0,15,1.2445201135155275,C1B1,221.99303897865042,201.6
48.0,16,10.612252921013564,B1B2,201.6,385.1373973128308
48.0,17,12.269583709373052,B0C0,374.3506490126232,-1.6
48.0,18,11.96795750326387,C1B1,263.2898290833374,201.6
48.0,19,15.02583872476495,C1C0,398.4,51.11786071173805
48.0,2,12.462126074307362,B1B2,201.6,363.0351656193706
48.0,20,13.099883920643494,B2C2,306.82270290575,398.4
48.0,21,13.216692276282323,A2A1,-1.6,338.23226188647703
48.0,22,12.569874010957777,A0B0,46.21160517954548,-1.6
48.0,23,12.22568210481783,A1A0,-1.6,175.47431789518217
48.0,3,14.475561785711228,B2A2,35.992005954962224,401.6
48.0,4,5.388817170635126,A1B1,12.606667878530502,198.4
48.0,5,10.402022875785999,A1B1,189.0837380302452,198.4
48.0,7,11.117589493704923,B1C1,370.99234025778793,198.4
48.0,8,11.18230033518713,A1B1,166.72943437213777,198.4
48.0,9,5.994174857065082,:B1_18,198.79315684213773,195.5520978949642
49.0,0,7.9247947214404135,B0A0,182.83748151045472,1.6
49.0,1,12.592875815903104,A2A1,-1.6,301.89800796412044
49.0,10,4.929586161191376,:B1_4,206.51554503633812,201.69777928052312
49.0,11,13.454616572018683,B1A1,76.13603861337214,201.6
49.0,12,13.899691584930249,B2B1,198.4,297.09072723841956
49.0,14,10.31323362982396,C0B0,369.8647666327128,1.6
49.0,15,1.9928051661118664,C1B1,220.00023381253854,201.6
49.0,16,6.703163587426223,B1B2,201.6,391.84056090025695
49.0,17,11.872707341609434,B0C0,386.2233563542326,-1.6
49.0,18,11.996950064631209,C1B1,251.29287901870615,201.6
49.0,19,16.017264751190275,C1C0,398.4,35.100595960547764
49.0,2,10.676814539544088,B1B2,201.6,373.7119801589147
49.0,20,13.250674422145837,B2C2,320.07337732789586,398.4
49.0,21,12.97622712192116,A2A1,-1.6,325.25603476455586
49.0,22,12.310311789276078,A0B0,58.521916968821564,-1.6
49.0,23,12.303858455243759,A1A0,-1.6,163.1704594399384
49.0,24,11.468973,B2B1,198.4,387.7
49.0,3,14.119277266333134,B2A2,21.87272868862908,401.6
49.0,4,7.375018514506779,A1B1,19.981686393037283,198.4
49.0,5,5.902022875785999,:B1_14,194.96061146386054,198.7086587805515
49.0,7,11.280754954697526,B1C1,382.2730952124855,198.4
49.0,8,11.703136599546456,A1B1,178.43257097168424,198.4
49.0,9,6.754038509013876,B1B0,198.4,188.8264926565037
50.0,0,10.401672785240226,B0A0,172.43580872521449,1.6
50.0,1,12.725511846852758,A2A1,-1.6,289.17249611726766
50.0,10,6.758324999793961,:B1_4,201.82353437798778,205.63525935408538
50.0,11,13.248378375205181,B1A1,62.887660238166944,201.6
50.0,12,14.130197895868175,B2B1,198.4,282.96052934255135
50.0,14,12.25734845625732,C0B0,357.6074181764555,1.6
50.0,15,3.4244788634475123,C1B1,216.57575494909102,201.6
50.0,16,5.227598297169819,:B2_3,202.87298157110322,396.7883026185054
50.0,17,10.076586381677247,B0C0,396.2999427359099,-1.6
50.0,18,11.307690291263864,C1B1,239.98518872744228,201.6
50.0,19,14.92121893367438,C1C0,398.4,20.179377026873397
50.0,2,7.774328114255113,B1B2,201.6,381.4863082731698
50.0,20,12.865359580880048,B2C2,332.9387369087759,398.4
50.0,21,13.409966080184784,A2A1,-1.6,311.84606868437106
50.0,22,13.048217206449248,A0B0,71.57013417527081,-1.6
50.0,23,11.366297576223738,A1A0,-1.6,151.80416186371468
50.0,24,10.444442379499554,B2B1,198.4,377.25555762050044
50.0,3,10.33048629527247,B2A2,11.542242393356617,401.6
50.0,4,9.562890741764829,A1B1,29.54457713480211,198.4
50.0,5,1.6197007069396818,:B1_14,196.56167583726963,198.93738226246708
50.0,8,7.203136599546456,A1B1,185.6357075712307,198.4
50.0,9,8.168601931896806,B1B0,198.4,180.6578907246069
51.0,0,12.357880259864032,B0A0,160.07792846535045,1.6
51.0,1,12.655158222907492,A2A1,-1.6,276.5173378943602
51.0,10,6.973652067048072,B1B2,201.6,212.59327275633092
51.0,11,14.084035640102782,B1A1,48.803624598064175,201.6
51.0,12,13.815701489141636,B2B1,198.4,269.14482785340977
51.0,14,13.077676547671512,C0B0,344.529741628784,1.6
51.0,15,4.776896984211708,C1B1,211.79885796487932,201.6
51.0,16,5.096694581017285,B2C2,207.53485377844405,398.4
51.0,17,5.576586381677247,:C0_1,401.0208512990418,0.634752165069678
51.0,18,9.44679525371178,C1B1,230.5383934737305,201.6
51.0,19,10.461187874371536,C1C0,398.4,9.71818915250185
51.0,2,6.639414348581876,B1B2,201.6,388.1257226217517
51.0,20,13.250526624186913,B2C2,346.18926353296285,398.4
51.0,21,13.331473366711407,A2A1,-1.6,298.51459531765965
51.0,22,13.073225146975368,A0B0,84.64335932224617,-1.6
51.0,23,11.813245761484145,A1A0,-1.6,139.99091610223053
51.0,24,11.330797373225682,B2B1,198.4,365.9247602472748
51.0,25,12.120414,B0B1,201.6,12.3
51.0,3,7.138755175161987,B2A2,4.403487218194641,401.6
51.0,4,12.106906770123429,A1B1,41.65148390492555,198.4
51.0,5,0.08575761857120733,:B1_14,196.6464467256532,198.949492389379
51.0,8,3.1365840851892406,A1B1,188.77229165641995,198.4
51.0,9,9.998773833652772,B1B0,198.4,170.65911689095412
52.0,0,14.556122215121613,B0A0,145.52180625022885,1.6
52.0,1,12.703844659657486,A2A1,-1.6,263.8134932347027
52.0,10,8.946231191664532,B1B2,201.6,221.53950394799546
52.0,11,14.208268015701295,B1A1,34.59535658236288,201.6
52.0,12,13.542867414644412,B2B1,198.4,255.60196043876533
52.0,14,13.017970049594373,C0B0,331.5117715791896,1.6
52.0,15,3.799039375597107,C1B1,207.9998185892822,201.6
52.0,16,6.492964548214726,B2C2,214.02781832665877,398.4
52.0,17,5.153336383477494,C0C1,401.6,5.6898655010646095
52.0,18,7.3151821098058605,C1B1,223.22321136392466,201.6
52.0,19,6.226213120840828,C1C0,398.4,3.491976031661011
52.0,2,5.777351845838354,:B2_3,201.7560227113294,393.8921589793058
52.0,20,12.963016891400345,B2C2,359.1522804243632,398.4
52.0,21,12.812395799854977,A2A1,-1.6,285.7021995178047
52.0,22,12.282315458032302,A0B0,96.92567478027847,-1.6
52.0,23,11.253196254345827,A1A0,-1.6,128.7377198478847
52.0,24,11.32925571766845,B2B1,198.4,354.59550452960633
52.0,25,11.249813824119173,B0B1,201.6,23.549813824119177
52.0,3,6.175791607560948,:A2_0,-0.9672197231726635,399.4546337947122
52.0,4,14.016340731504753,A1B1,55.66782463643031,198.4
52.0,5,0.048435683460504655,:B1_14,196.68839434783092,198.97303660869852
52.0,8,0.26039818827346617,A1B1,189.0326898446934,198.4
52.0,9,11.351658238223738,B1B0,198.4,159.30745865273036
53.0,0,13.54320910236016,B0A0,131.97859714786867,1.6
53.0,1,12.938410857923598,A2A1,-1.6,250.87508237677912
53.0,10,10.382992330485553,B1B2,201.6,231.92249627848102
53.0,11,13.57635342984923,B1A1,21.019003152513648,201.6
53.0,12,13.89133203578224,B2B1,198.4,241.7106284029831
53.0,14,13.306534691531056,C0B0,318.20523688765854,1.6
53.0,15,2.6109682657883315,:B1_19,205.83396158216095,200.46792316432195
53.0,16,8.365898690156094,B2C2,222.39371701681486,398.4
53.0,17,7.094625293492049,C0C1,401.6,12.78449079455666
53.0,18,5.958283177595128,C1B1,217.26492818632954,201.6
53.0,19,3.5283616698780276,C0B0,396.143614361783,1.6
53.0,2,5.667202623926192,:B2_3,204.96263821006082,398.08037688715154
53.0,20,13.509138232925922,B2C2,372.6614186572891,398.4
53.0,21,12.144692470953096,A2A1,-1.6,273.5575070468516
53.0,22,12.697138892557472,A0B0,109.62281367283596,-1.6
53.0,23,11.880450437284313,A1A0,-1.6,116.85726941060038
53.0,24,10.917435272412144,B2B1,198.4,343.6780692571942
53.0,25,11.82210449173128,B0B1,201.6,35.371918315850465
53.0,26,12.739908000000002,A2B2,8.3,398.4
53.0,3,5.364671293386616,A2A1,-1.6,394.2030243172471
53.0,4,13.29659468496815,A1B1,68.96441932139845,198.4
53.0,5,0.019490735041147664,:B1_14,196.70508294177034,198.9830497650622
53.0,8,0.17583993541785295,A1B1,189.20852978011126,198.4
53.0,9,11.483162788683533,B1B0,198.4,147.82429586404683
54.0,0,13.538147872645968,B0A0,118.4404492752227,1.6
54.0,1,12.094722022906215,A2A1,-1.6,238.7803603538729
54.0,10,12.232887831994862,B1B2,201.6,244.15538411047586
54.0,11,10.856469262067705,B1A1,10.162533890445928,201.6
54.0,12,14.258861767002806,B2B1,198.4,227.4517666359803
54.0,14,12.529539716806106,C0B0,305.67569717085246,1.6
54.0,15,3.0576937013898786,B1C1,207.398843377896,198.4
54.0,16,10.79248293714357,B2C2,233.18619995395844,398.4
54.0,17,9.52191141627793,C0C1,401.6,22.30640221083459
54.0,18,3.1203721984365913,C1B1,214.14455598789294,201.6
54.0,19,5.386527564373351,C0B0,390.75708679740967,1.6
54.0,2,5.30562039440693,B2C2,210.24589748592317,398.4
54.0,20,12.036477497877701,B2C2,384.6978961551668,398.4
54.0,21,13.61490575735429,A2A1,-1.6,259.9426012894973
54.0,22,13.071643162962049,A0B0,122.694456835798,-1.6
54.0,23,11.848402171625063,A1A0,-1.6,105.00886723897531
54.0,24,11.240227991204478,B2B1,198.4,332.4378412659897
54.0,25,11.790315676871813,B0B1,201.6,47.16223399272228
54.0,26,11.608265260734775,A2B2,19.90826526073478,398.4
54.0,3,7.681724812971785,A2A1,-1.6,386.5212995042753
54.0,4,13.313199758018747,A1B1,82.2776190794172,198.4
54.0,5,0.0065749762128302,:B1_14,196.71071264777916,198.98642758866748
54.0,8,0.04772423449958256,A1B1,189.25625401461085,198.4
54.0,9,11.858648216361164,B1B0,198.4,135.96564764768567
55.0,0,13.62241391407475,B0A0,104.81803536114795,1.6
55.0,1,12.580285485785723,A2A1,-1.6,226.20007486808717
55.0,10,14.512233545946486,B1B2,201.6,258.66761765642235
55.0,11,6.356469262067705,:A1_3,3.961455496173415,202.42312670229595
55.0,12,9.758861767002806,B2B1,198.4,217.6929048689775
55.0,14,13.573517673605897,C0B0,292.10217949724654,1.6
55.0,15,4.519687758724838,B1C1,211.91853113662083,198.4
55.0,16,11.96225788339062,B2C2,245.14845783734907,398.4
55.0,17,11.309292134391784,C0C1,401.6,33.61569434522638
55.0,18,4.202314808744619,C1B1,209.9422411791483,201.6
55.0,19,7.142084424566961,C0B0,383.6150023728427,1.6
55.0,2,6.812468789231121,B2C2,217.0583662751543,398.4
55.0,20,7.536477497877701,B2C2,392.2343736530445,398.4
55.0,21,12.464178493895998,A2A1,-1.6,247.47842279560132
55.0,22,12.261954360968433,A0B0,134.95641119676642,-1.6
55.0,23,11.780966887689434,A1A0,-1.6,93.22790035128587
55.0,24,10.434697835521542,B2B1,198.4,322.0031434304681
55.0,25,11.012519333972723,B0B1,201.6,58.17475332669501
55.0,26,12.657861423550354,A2B2,32.56612668428514,398.4
55.0,27,10.096779801262173,B2B1,198.4,387.7
55.0,3,9.460851850264131,A2A1,-1.6,377.06044765401117
55.0,4,13.660003433843523,A1B1,95.93762251326073,198.4
55.0,5,0.002862828242155023,:B1_14,196.7131638933556,198.98789833601336
55.0,8,0.005429335632484978,A1B1,189.26168335024335,198.4
55.0,9,11.129291436062179,B1B0,198.4,124.8363562116235
56.0,0,14.591147676279398,B0A0,90.22688768486853,1.6
56.0,1,12.256152280325338,A2A1,-1.6,213.94392258776182
56.0,10,14.137862457914421,B1B2,201.6,272.8054801143368
56.0,11,6.573962482090584,A1A2,1.6,208.13789785371236
56.0,12,6.397391007328594,B2B1,198.4,211.2955138616489
56.0,14,12.562306930617273,C0B0,279.53987256662924,1.6
56.0,15,6.943476030988321,B1C1,218.86200716760914,198.4
56.0,16,11.457999186702281,B2C2,256.60645702405134,398.4
56.0,17,12.288715428391384,C0C1,401.6,45.904409773617765
56.0,18,4.264632090973835,:B1_4,205.69267392799298,201.815332296001
56.0,19,9.428934208207316,C0B0,374.1860681646354,1.6
56.0,2,9.271699883944445,B2C2,226.33006615909875,398.4
56.0,20,3.372065741016951,B2C2,395.60643939406145,398.4
56.0,21,12.67768022917622,A2A1,-1.6,234.8007425664251
56.0,22,12.48979883126542,A0B0,147.44621002803186,-1.6
56.0,23,11.560389999087207,A1A0,-1.6,81.66751035219866
56.0,24,10.673250808498592,B2B1,198.4,311.3298926219695
56.0,25,11.171223099548497,B0B1,201.6,69.34597642624351
56.0,26,12.1358999560235,A2B2,44.70202664030864,398.4
56.0,27,12.212296977134983,B2B1,198.4,375.48770302286505
56.0,3,11.182540020506254,A2A1,-1.6,365.87790763350495
56.0,4,13.232289091475687,A1B1,109.16991160473644,198.4
56.0,5,0.0003291602407768143,:B1_14,196.71344573093577,198.98806743856144
56.0,8,0.005416615133607847,A1B1,189.26709996537696,198.4
56.0,9,11.824434248018063,B1B0,198.4,113.01192196360543
57.0,0,13.959304965689407,B0A0,76.26758271917912,1.6
57.0,10,14.778219801417695,B1B2,201.6,287.5836999157545
57.0,11,9.096319533141806,A1A2,1.6,217.23421738685417
57.0,12,2.5210889207201084,B2B1,198.4,208.7744249409288
57.0,14,13.431100060654648,C0B0,266.1087725059746,1.6
57.0,15,8.715789781174324,B1C1,227.5777969487835,198.4
57.0,16,11.100717945648567,B2C2,267.7071749696999,398.4
57.0,17,12.372327621744859,C0C1,401.6,58.27673739536263
57.0,18,5.8573165751933,:B1_4,201.83342314587742,205.56603797885808
57.0,19,10.971152108252532,C0B0,363.21491605638283,1.6
57.0,2,11.441696663030513,B2C2,237.77176282212926,398.4
57.0,20,3.626768527814336,:C2_1,398.3792372149809,396.9453394951336
57.0,21,12.284447447412997,A2A1,-1.6,222.5162951190121
57.0,22,12.393598847581073,A0B0,159.83980887561293,-1.6
57.0,23,11.112772344747796,A1A0,-1.6,70.55473800745085
57.0,24,10.544912276418648,B2B1,198.4,300.78498034555093
57.0,25,11.320150571242102,B0B1,201.6,80.6661269974856
57.0,26,12.41595724812913,A2B2,57.11798388843778,398.4
57.0,27,12.999324685120552,B2B1,198.4,362.48837833774445
57.0,28,7.057706663795941,A1B1,12.3,198.4
57.0,3,13.110694745272754,A2A1,-1.6,352.76721288823217
57.0,4,14.114715190745338,A1B1,123.28462679548178,198.4
57.0,5,0.0,:B1_14,196.71344573093577,198.98806743856144
57.0,8,0.0006981368465448378,A1B1,189.2677981022235,198.4
57.0,9,11.066355106825926,B1B0,198.4,101.94556685677951
58.0,0,14.720095744106548,B0A0,61.54748697507256,1.6
58.0,10,14.254585045899407,B1B2,201.6,301.83828496165387
58.0,11,10.72470909359633,A1A2,1.6,227.9589264804505
58.0,12,0.4889603291298079,B2B1,198.4,208.285464611799
58.0,14,13.540080636277638,C0B0,252.56869186969698,1.6
58.0,15,11.136385031476319,B1C1,238.7141819802598,198.4
58.0,16,11.74004161692711,B2C2,279.44721658662706,398.4
58.0,17,12.975870955314399,C0C1,401.6,71.25260835067704
58.0,18,5.702959191583551,B1B2,201.6,211.25266667860234
58.0,19,12.849045115403383,C0B0,350.36587094097945,1.6
58.0,2,12.886897538288258,B2C2,250.6586603604175,398.4
58.0,20,2.7261733633756267,C2C1,398.4,394.2206187147486
58.0,21,8.537589158090258,A2A1,-1.6,213.97870596092184
58.0,22,12.700915795123205,A0B0,172.54072467073613,-1.6
58.0,23,11.56184895676212,A1A0,-1.6,58.992889050688746
58.0,24,10.935244128598601,B2B1,198.4,289.8497362169523
58.0,25,11.761597661855758,B0B1,201.6,92.42772465934137
58.0,26,12.595694827299745,A2B2,69.71367871573753,398.4
58.0,27,12.080221013696463,B2B1,198.4,350.40815732404803
58.0,28,8.704447004772918,A1B1,21.004447004772924,198.4
58.0,3,15.002205668845468,A2A1,-1.6,337.7650072193867
58.0,4,13.71519886518494,A1B1,136.99982566066672,198.4
58.0,5,2.291624204550895,:B1_22,198.67803713838987,200.16682228303392
58.0,8,0.0,A1B1,189.2677981022235,198.4
58.0,9,10.603364133215495,B1B0,198.4,91.34220272356401
59.0,0,14.314893279067801,B0A0,47.232593696004756,1.6
59.0,10,14.74193932795632,B1B2,201.6,316.5802242896102
59.0,11,12.27451936502709,A1A2,1.6,240.23344584547758
59.0,12,0.06761065361923982,B2B1,198.4,208.21785395817977
59.0,14,12.51157825095936,C0B0,240.05711361873762,1.6
59.0,15,11.58662818867401,B1C1,250.30081016893382,198.4
59.0,16,11.856631796709472,B2C2,291.3038483833365,398.4
59.0,17,11.791447602885688,C0C1,401.6,83.04405595356272
59.0,18,7.966022577875747,B1B2,201.6,219.21868925647811
59.0,19,15.066692558113969,C0B0,335.2991783828655,1.6
59.0,2,13.173704955179938,B2C2,263.8323653155975,398.4
59.0,20,5.25174493876394,C2C1,398.4,388.96887377598466
59.0,21,4.3848306441055165,A2A1,-1.6,209.59387531681634
59.0,22,10.301494467052944,A0B0,182.84221913778907,-1.6
59.0,23,12.17956446038676,A1A0,-1.6,46.81332459030199
59.0,24,11.353759884835922,B2B1,198.4,278.49597633211636
59.0,25,12.083209770983212,B0B1,201.6,104.5109344303246
59.0,26,12.539158612664037,A2B2,82.25283732840157,398.4
59.0,27,12.676022275276079,B2B1,198.4,337.7321350487719
59.0,28,10.79591706063711,A1B1,31.80036406541003,198.4
59.0,29,12.27451936502709,A1A2,1.6,212.29999999999998
59.0,3,14.48280481522835,A2A1,-1.6,323.28220240415834
59.0,4,13.273685361469544,A1B1,150.27351102213626,198.4
59.0,5,4.873075403917607,:B1_22,201.16642408830225,204.16496861811567
59.0,8,1.7920114421985427,A1B1,191.05980954442205,198.4
59.0,9,11.158019477650509,B1B0,198.4,80.18418324591349
60.0,0,13.720180369128101,B0A0,33.51241332687667,1.6
60.0,10,14.529484467764528,B1B2,201.6,331.10970875737473
60.0,11,14.182546952096716,A1A2,1.6,254.4159927975743
60.0,12,0.013812912507252478,B2B1,198.4,208.2040410456725
60.0,14,13.49918241596672,C0B0,226.5579312027709,1.6
60.0,15,11.960518205460765,B1C1,262.26132837439457,198.4
60.0,16,11.872133761872746,B2C2,303.1759821452092,398.4
60.0,17,12.599252459591167,C0C1,401.6,95.64330841315389
60.0,18,10.162156556307792,B1B2,201.6,229.38084581278588
60.0,19,15.828344105192416,C0B0,319.4708342776731,1.6
60.0,2,12.828301714489,B2C2,276.6606670300865,398.4
60.0,20,7.244148262409643,C2C1,398.4,381.72472551357504
60.0,21,0.7492572271140747,A2A1,-1.6,208.84461808970227
60.0,22,6.715232194614907,A0B0,189.55745133240399,-1.6
60.0,23,11.650940492070518,A1A0,-1.6,35.162384098231456
60.0,24,11.023040491134628,B2B1,198.4,267.47293584098173
60.0,25,11.970484054503158,B0B1,201.6,116.48141848482776
60.0,26,12.188593225169177,A2B2,94.44143055357074,398.4
60.0,27,12.60544006782078,B2B1,198.4,325.12669498095113
60.0,28,13.392784936648058,A1B1,45.19314900205809,198.4
60.0,29,11.947330163606226,A1A2,1.6,224.24733016360622
60.0,3,14.151460901311852,A2A1,-1.6,309.1307415028465
60.0,4,13.34129511974883,A1B1,163.61480614188508,198.4
60.0,5,6.577871531412937,B1B2,201.6,210.71148375462093
60.0,8,3.243510884652039,:B1_14,194.28602317113035,198.6122890244472
60.0,9,10.941958258333601,B1B0,198.4,69.24222498757989
61.0,0,13.623003750804338,B0A0,19.889409576072325,1.6
61.0,10,14.412862690931329,B1B2,201.6,345.52257144830605
61.0,11,13.534257751502999,A1A2,1.6,267.9502505490773
61.0,12,0.002848060726939219,B2B1,198.4,208.20119298494558
61.0,14,10.795645826044378,C0B0,215.7622853767265,1.6
61.0,15,11.812600624437117,B1C1,274.0739289988317,198.4
61.0,16,11.90983799255474,B2C2,315.085820137764,398.4
61.0,17,12.271501536036753,C0C1,401.6,107.91480994919065
61.0,18,12.508016365667327,B1B2,201.6,241.88886217845322
61.0,19,15.211114315231287,C0B0,304.25971996244175,1.6
61.0,2,13.071509807405755,B2C2,289.7321768374922,398.4
61.0,20,9.425526669627205,C2C1,398.4,372.2991988439478
61.0,21,0.45844364737929644,A2A1,-1.6,208.38617444232298
61.0,22,2.2152321946149067,A0B0,191.7726835270189,-1.6
61.0,23,11.07750537686167,A1A0,-1.6,24.08487872136979
61.0,24,10.262685240247988,B2B1,198.4,257.21025060073373
61.0,25,11.948969060178042,B0B1,201.6,128.4303875450058
61.0,26,11.69344175009727,A2B2,106.13487230366803,398.4
61.0,27,12.096848836768947,B2B1,198.4,313.0298461441822
61.0,28,15.587891929354935,A1B1,60.78104093141303,198.4
61.0,29,12.20286522673049,A1A2,1.6,236.45019539033672
61.0,3,14.93340671720381,A2A1,-1.6,294.1973347856427
61.0,30,9.425526669627205,C2C1,398.4,391.7
61.0,4,11.797727239342215,A1B1,175.4125333812273,198.4
61.0,5,8.175842601854354,B1B2,201.6,218.88732635647528
61.0,8,5.220282294205514,:B1_22,199.07504254708942,200.40502552825365
61.0,9,11.686469121146931,B1B0,198.4,57.555755866432946
62.0,0,9.701823676212214,B0A0,10.187585899860125,1.6
62.0,10,14.139222108756336,B1B2,201.6,359.6617935570624
62.0,11,14.196814424833253,A1A2,1.6,282.1470649739106
62.0,12,0.00017354766679809127,B2B1,198.4,208.20101943727877
62.0,14,7.6065295791391865,C0B0,208.15575579758732,1.6
62.0,15,12.016496579341263,B1C1,286.090425578173,198.4
62.0,16,11.946419402114325,B2C2,327.03223953987833,398.4
62.0,17,12.685578509115526,C0C1,401.6,120.6003884583062
62.0,18,12.052009469232553,B1B2,201.6,253.94087164768575
62.0,19,15.204906350266144,C0B0,289.0548136121756,1.6
62.0,2,12.59942911942388,B2C2,302.33160595691606,398.4
62.0,20,11.830066598212495,C2C1,398.4,360.4691322457353
62.0,21,0.16990961103582708,A2A1,-1.6,208.21626483128716
62.0,22,0.022060532270809556,A0B0,191.7947440592897,-1.6
62.0,23,11.22032185736695,A1A0,-1.6,12.86455686400285
62.0,24,10.1716518237039,B2B1,198.4,247.03859877702985
62.0,25,10.996667455784172,B0B1,201.6,139.42705500078995
62.0,26,12.08825778983272,A2B2,118.22313009350074,398.4
62.0,27,13.094329740264982,B2B1,198.4,299.93551640391723
62.0,28,15.297291865703135,A1B1,76.07833279711616,198.4
62.0,29,12.697138004075521,A1A2,1.6,249.14733339441221
62.0,3,14.564439331217923,A2A1,-1.6,279.6328954544248
62.0,30,9.656490763982793,C2C1,398.4,382.0435092360172
62.0,4,10.129515280517683,A1B1,185.54204866174499,198.4
62.0,5,10.751011486888864,B1B2,201.6,229.63833784336416
62.0,8,7.416106009051949,:B1_22,201.59147503732416,207.1403252612692
62.0,9,11.6617458401108,B1B0,198.4,45.89401002632215
63.0,0,6.642562108298302,B0A0,3.5450237915618175,1.6
63.0,10,14.684046475353794,B1B2,201.6,374.3458400324162
63.0,11,13.405422591729991,A1A2,1.6,295.55248756564055
63.0,12,0.0,B2B1,198.4,208.20101943727877
63.0,14,6.372635077477142,:B0_3,202.53591428972865,3.773476183785567
63.0,15,12.819546222911821,B1C1,298.9099718010848,198.4
63.0,16,11.330372950174123,B2C2,338.36261249005247,398.4
63.0,17,12.64329151531952,C0C1,401.6,133.2436799736257
63.0,18,12.651512143210539,B1B2,201.6,266.5923837908963
63.0,19,15.162307074418248,C0B0,273.89250653775736,1.6
63.0,2,12.494127170064479,B2C2,314.8257331269806,398.4
63.0,20,13.896439612205157,C2C1,398.4,346.57269263353015
63.0,21,0.010815429195029883,A2A1,-1.6,208.20544940209214
63.0,22,0.0028852346307444024,A0B0,191.79762929392047,-1.6
63.0,23,9.267768008244365,A1A0,-1.6,3.59678885575849
63.0,24,10.265273636534578,B2B1,198.4,236.77332514049527
63.0,25,11.68110859381979,B0B1,201.6,151.10816359460975
63.0,26,11.48542162078637,A2B2,129.7085517142871,398.4
63.0,27,12.514923512511483,B2B1,198.4,287.4205928914057
63.0,28,14.950212086541995,A1B1,91.02854488365816,198.4
63.0,29,12.509120540181891,A1A2,1.6,261.65645393459414
63.0,3,14.631200139447369,A2A1,-1.6,265.0016953149774
63.0,30,12.019612467086908,C2C1,398.4,370.0238967689303
63.0,31,12.819546222911821,B1C1,212.29999999999998,198.4
63.0,4,6.3870792236097085,A1B1,191.9291278853547,198.4
63.0,5,11.33816704590261,B1B2,201.6,240.97650488926675
63.0,8,7.4802710253156715,B1B2,201.6,214.6199797576472
63.0,9,11.37850035408976,B1B0,198.4,34.51550967223238
64.0,0,2.900491688624956,:A0_1,1.603469906454444,3.175710654818892
64.0,10,11.196425646532855,B1B2,201.6,385.5422656789491
64.0,11,13.40519531973169,A1A2,1.6,308.95768288537226
64.0,12,0.0,B2B1,198.4,208.20101943727877
64.0,14,5.419457806997642,B0B1,201.6,9.006337086887442
64.0,15,12.571980235298769,B1C1,311.4819520363836,198.4
64.0,16,11.056530966651835,B2C2,349.4191434567043,398.4
64.0,17,12.499308547282503,C0C1,401.6,145.7429885209082
64.0,18,11.777988412449167,B1B2,201.6,278.3703722033455
64.0,19,15.365154388671696,C0B0,258.5273521490857,1.6
64.0,2,11.803426914806225,B2C2,326.6291600417868,398.4
64.0,20,13.757385206888445,C2C1,398.4,332.8153074266417
64.0,21,0.003190519895318098,A2A1,-1.6,208.20225888219682
64.0,22,0.0010832760764789397,A0B0,191.79871256999695,-1.6
64.0,23,4.767768008244365,:A0_0,0.02965333793701891,-0.6577920027622114
64.0,24,10.880558921933874,B2B1,198.4,225.8927662185614
64.0,25,12.01286731985876,B0B1,201.6,163.12103091446852
64.0,26,11.725802683119843,A2B2,141.43435439740693,398.4
64.0,27,12.991652822140201,B2B1,198.4,274.42894006926554
64.0,28,15.175566715528674,A1B1,106.20411159918685,198.4
64.0,29,12.196016819682688,A1A2,1.6,273.8524707542768
64.0,3,14.220651459823616,A2A1,-1.6,250.78104385515377
64.0,30,14.04632466986355,C2C1,398.4,355.9775720990668
64.0,31,15.155733247023681,B1C1,227.45573324702366,198.4
64.0,4,5.882804340542734,:B1_12,197.25570955021885,196.57381741630192
64.0,5,10.561623141015097,B1B2,201.6,251.53812803028185
64.0,8,9.626132648146523,B1B2,201.6,224.24611240579372
64.0,9,11.715636488595031,B1B0,198.4,22.799873183637345
65.0,0,4.13035618061293,A0A1,1.6,7.305824077676055
65.0,10,6.696425646532855,B1B2,201.6,392.2386913254819
65.0,11,13.235656499522708,A1A2,1.6,322.19333938489495
65.0,12,0.0,B2B1,198.4,208.20101943727877
65.0,14,7.226626437671191,B0B1,201.6,16.232963524558635
65.0,15,11.975337313410499,B1C1,323.4572893497941,198.4
65.0,16,11.359580716602714,B2C2,360.778724173307,398.4
65.0,17,12.974412781580263,C0C1,401.6,158.71740130248847
65.0,18,11.903569717667096,B1B2,201.6,290.2739419210126
65.0,19,15.580658935274885,C0B0,242.9466932138108,1.6
65.0,2,11.46088787630191,B2C2,338.0900479180887,398.4
65.0,20,13.740647231964411,C2C1,398.4,319.0746601946773
65.0,21,0.0006733766367655136,A2A1,-1.6,208.20158550556005
65.0,22,0.000265193433059264,A0B0,191.79897776343,-1.6
65.0,23,4.250456669705763,A0B0,4.081435822191621,-1.6
65.0,24,6.978530696037478,B2B1,198.4,218.91423552252394
65.0,25,11.124254375109576,B0B1,201.6,174.2452852895781
65.0,26,11.713007609464409,A2B2,153.14736200687133,398.4
65.0,27,12.867819496006302,B2B1,198.4,261.56112057325925
65.0,28,15.450250861202782,A1B1,121.65436246038965,198.4
65.0,29,12.38272386572861,A1A2,1.6,286.2351946200054
65.0,3,13.858822517785496,A2A1,-1.6,236.92222133736828
65.0,30,13.861103041414516,C2C1,398.4,342.11646905765224
65.0,31,15.836497833001975,B1C1,243.29223108002566,198.4
65.0,32,13.89,C1C0,398.4,187.70000000000002
65.0,4,6.100086976820111,B1B0,198.4,190.71798079728248
65.0,5,11.492155119855106,B1B2,201.6,263.03028315013694
65.0,8,11.572179956395923,B1B2,201.6,235.81829236218965
65.0,9,9.573934693933703,B1B0,198.4,13.225938489703651
66.0,0,6.412469702205621,A0A1,1.6,13.718293779881677
66.0,10,7.029332205642543,:B2_3,204.6749660640636,398.00497963843816
66.0,11,13.396432827142968,A1A2,1.6,335.58977221203793
66.0,12,0.0,B2B1,198.4,208.20101943727877
66.0,14,8.801958895406393,B0B1,201.6,25.034922419965028
66.0,15,12.626182495096371,B1C1,336.0834718448905,198.4
66.0,16,11.292831458333158,B2C2,372.0715556316402,398.4
66.0,17,12.116682617736892,C0C1,401.6,170.83408392022537
66.0,18,11.946922952643627,B1B2,201.6,302.2208648736562
66.0,19,15.59201868116758,C0B0,227.3546745326432,1.6
66.0,2,11.484729202437846,B2C2,349.57477712052656,398.4
66.0,20,13.037430551592276,C2C1,398.4,306.037229643085
66.0,21,0.0005180067854620356,A2A1,-1.6,208.2010674987746
66.0,22,0.0,A0B0,191.79897776343,-1.6
66.0,23,6.168005216343171,A0B0,10.249441038534794,-1.6
66.0,24,2.6520635210706693,B2B1,198.4,216.26217200145328
66.0,25,9.638350551852971,B0B1,201.6,183.88363584143107
66.0,26,11.64068279700558,A2B2,164.78804480387691,398.4
66.0,27,11.890269242827378,B2B1,198.4,249.67085133043184
66.0,28,15.65167134785135,A1B1,137.30603380824098,198.4
66.0,29,11.835779063124926,A1A2,1.6,298.0709736831303
66.0,3,11.207510246984205,A2A1,-1.6,225.71471109038407
66.0,30,13.718644849126258,C2C1,398.4,328.397824208526
66.0,31,15.055649451869156,B1C1,258.3478805318948,198.4
66.0,32,13.951655495608108,C1C0,398.4,173.7483445043919
66.0,4,7.665427975565635,B1B0,198.4,183.05255282171683
66.0,5,10.38710499141287,B1B2,201.6,273.41738814154985
66.0,8,12.717122485115327,B1B2,201.6,248.535414847305
66.0,9,5.522430794961951,B1B0,198.4,7.703507694741688
67.0,0,8.725116645582952,A0A1,1.6,22.44341042546463
67.0,10,7.012753871328726,B2C2,211.65077740245314,398.4
67.0,11,13.988096895450697,A1A2,1.6,349.5778691074886
67.0,12,0.0,B2B1,198.4,208.20101943727877
67.0,14,10.656358992659195,B0B1,201.6,35.69128141262423
67.0,15,11.73877648195871,B1C1,347.82224832684915,198.4
67.0,16,11.273211884494149,B2C2,383.3447675161343,398.4
67.0,17,10.965183592550195,C0C1,401.6,181.79926751277557
67.0,18,12.329442601612799,B1B2,201.6,314.550307475269
67.0,19,11.845864576826184,C0B0,215.50880995581701,1.6
67.0,2,12.51841397029769,B2C2,362.09319109082423,398.4
67.0,20,12.88769164005296,C2C1,398.4,293.14953800303203
67.0,21,0.0,A2A1,-1.6,208.2010674987746
67.0,22,0.0,A0B0,191.79897776343,-1.6
67.0,23,7.865746375511243,A0B0,18.115187414046037,-1.6
67.0,24,0.5120930040025167,B2B1,198.4,215.75007899745077
67.0,25,5.38153717538623,B0B1,201.6,189.2651730168173
67.0,26,12.73068376720156,A2B2,177.51872857107847,398.4
67.0,27,12.00904616260421,B2B1,198.4,237.66180516782762
67.0,28,14.61077523598489,A1B1,151.9168090442259,198.4
67.0,29,12.924613227975339,A1A2,1.6,310.9955869111057
67.0,3,6.9351285946633086,A2A1,-1.6,218.77958249572077
67.0,30,12.417489444109869,C2C1,398.4,315.9803347644161
67.0,31,15.44287130837756,B1C1,273.7907518402724,198.4
67.0,32,13.839177216867798,C1C0,398.4,159.9091672875241
67.0,33,3.4675642973316543,A2A1,-1.6,391.7
67.0,4,8.972969408658772,B1B0,198.4,174.07958341305806
67.0,5,10.256161480428801,B1B2,201.6,283.6735496219786
67.0,8,11.759150341355266,B1B2,201.6,260.2945651886603
67.0,9,4.366620949885114,:B0_0,197.33544547452095,3.559075790868238
68.0,0,10.411826038794592,A0A1,1.6,32.85523646425923
68.0,10,9.01039907067415,B2C2,220.6611764731273,398.4
68.0,11,13.501191582027793,A1A2,1.6,363.0790606895164
68.0,12,0.0,B2B1,198.4,208.20101943727877
68.0,14,13.23022125484579,B0B1,201.6,48.921502667470016
68.0,15,12.331660436272294,B1C1,360.1539087631215,198.4
68.0,16,8.219339035833258,B2C2,391.5641065519676,398.4
68.0,17,6.465183592550195,C0C1,401.6,188.26445110532578
68.0,18,12.401072876140505,B1B2,201.6,326.9513803514095
68.0,19,8.099119730273571,C0B0,207.40969022554344,1.6
68.0,2,10.9079969669395,B2C2,373.0011880577638,398.4
68.0,20,13.387047006017545,C2C1,398.4,279.76249099701454
68.0,21,0.0,A2A1,-1.6,208.2010674987746
68.0,22,0.0,A0B0,191.79897776343,-1.6
68.0,23,9.310566992441034,A0B0,27.42575440648708,-1.6
68.0,24,0.0352636815366945,B2B1,198.4,215.71481531591408
68.0,25,2.4632085066224967,B0B1,201.6,191.7283815234398
68.0,26,10.316558690842173,A2B2,187.83528726192066,398.4
68.0,27,9.198675347925157,B2B1,198.4,228.46312981990246
68.0,28,15.447755298638201,A1B1,167.3645643428641,198.4
68.0,29,12.037236434641079,A1A2,1.6,323.0328233457468
68.0,3,3.0481464369998768,A2A1,-1.6,215.7314360587209
68.0,30,12.654242496005688,C2C1,398.4,303.32609226841043
68.0,31,14.79360487868971,B1C1,288.5843567189621,198.4
68.0,32,13.738848212569835,C1C0,398.4,146.17031907495425
68.0,33,5.37682225739506,A2A1,-1.6,386.32317774260497
68.0,4,10.43312919742844,B1B0,198.4,163.6464542156296
68.0,5,10.923827342790702,B1B2,201.6,294.59737696476935
68.0,8,11.707198236469246,B1B2,201.6,272.0017634251295
68.0,9,5.327200571770086,B0A0,192.63968617308652,1.6
69.0,0,12.148857794856653,A0A1,1.6,45.00409425911588
69.0,10,10.47547187955451,B2C2,231.13664835268182,398.4
69.0,11,13.096069978210114,A1A2,1.6,376.17513066772653
69.0,12,0.0,B2B1,198.4,208.20101943727877
69.0,14,12.649274416527554,B0B1,201.6,61.57077708399757
69.0,15,11.99838818664816,B1C1,372.1522969497696,198.4
69.0,16,4.269636470740664,B2C2,395.83374302270823,398.4
69.0,17,3.340169885460937,C0C1,401.6,191.6046209907867
69.0,18,12.937994979865879,B1B2,201.6,339.8893753312754
69.0,19,6.390444722515314,:B0_3,202.142842200611,4.428596332314983
69.0,2,8.74881101880556,B2C2,381.74999907656934,398.4
69.0,20,14.074644023869203,C2C1,398.4,265.68784697314527
69.0,21,0.0,A2A1,-1.6,208.2010674987746
69.0,22,0.0,A0B0,191.79897776343,-1.6
69.0,23,11.46944960976283,A0B0,38.89520401624991,-1.6
69.0,24,0.010496589351140468,B2B1,198.4,215.70431872656295
69.0,25,0.0639578820262454,B0B1,201.6,191.79233940546604
69.0,26,5.816558690842173,:B2_6,193.64341649963833,398.2795119286231
69.0,27,4.698675347925157,B2B1,198.4,223.7644544719773
69.0,28,15.55332140598022,A1B1,182.91788574884433,198.4
69.0,29,12.696746824286663,A1A2,1.6,335.7295701700334
69.0,3,0.02924283426939446,A2A1,-1.6,215.70219322445152
69.0,30,13.528268260383834,C2C1,398.4,289.79782400802657
69.0,31,14.816044765738386,B1C1,303.40040148470047,198.4
69.0,32,13.20792981577001,C1C0,398.4,132.96238925918425
69.0,33,7.674739716019639,A2A1,-1.6,378.6484380265853
69.0,4,11.948809588606906,B1B0,198.4,151.69764462702273
69.0,5,11.067953679067232,B1B2,201.6,305.66533064383657
69.0,8,11.637087238772866,B1B2,201.6,283.63885066390236
69.0,9,7.214373066226258,B0A0,185.42531310686024,1.6
70.0,0,14.533833662543074,A0A1,1.6,59.53792792165897
70.0,10,12.399593428791098,B2C2,243.5362417814729,398.4
70.0,11,13.376794031620927,A1A2,1.6,389.55192469934747
70.0,12,0.0,B2B1,198.4,208.20101943727877
70.0,14,13.567039525419318,B0B1,201.6,75.13781660941689
70.0,15,11.749557072862391,B1C1,383.90185402263205,198.4
70.0,16,3.090799936173707,:C2_1,398.3355785628829,397.25095005981956
70.0,17,0.10112405449770744,C0C1,401.6,191.70574504528443
70.0,18,11.738066210815713,B1B2,201.6,351.6274415420911
70.0,19,6.705267791612788,B0B1,201.6,11.05602228858466
70.0,2,5.191936945543701,B2C2,386.941936022113,398.4
70.0,20,12.996582372430728,C2C1,398.4,252.69126460071456
70.0,21,0.0,A2A1,-1.6,208.2010674987746
70.0,22,0.0,A0B0,191.79897776343,-1.6
70.0,23,11.397615410360746,A0B0,50.292819426610656,-1.6
70.0,24,0.0017543578630942265,B2B1,198.4,215.70256436869985
70.0,25,0.003887193786184717,B0B1,201.6,191.79622659925224
70.0,26,5.619003110316514,:B2_6,198.00643359024016,395.3226106829331
70.0,27,0.31589026453239466,B2B1,198.4,223.44856420744492
70.0,28,15.320717035551041,:B1_13,198.23860278439537,198.4
70.0,29,12.437333000778006,A1A2,1.6,348.16690317081145
70.0,3,0.00011962051584605719,A2A1,-1.6,215.70207360393567
70.0,30,14.211773522763409,C2C1,398.4,275.5860504852631
70.0,31,15.8585891366979,B1C1,319.25899062139837,198.4
70.0,32,13.32598296373512,C1C0,398.4,119.63640629544913
70.0,33,9.369694356181816,A2A1,-1.6,369.2787436704035
70.0,4,13.453969424847893,B1B0,198.4,138.2436752021748
70.0,5,11.249258647937477,B1B2,201.6,316.91458929177406
70.0,8,11.266909342832976,B1B2,201.6,294.90576000673536
70.0,9,9.289160291800513,B0A0,176.13615281505975,1.6
71.0,0,14.102382835961507,A0A1,1.6,73.64031075762047
71.0,10,13.895960176143392,B2C2,257.4322019576163,398.4
71.0,12,0.0,B2B1,198.4,208.20101943727877
71.0,14,13.108480343063206,B0B1,201.6,88.2462969524801
71.0,15,8.448480485991917,B1C1,392.350334508624,198.4
71.0,16,2.332060835800357,C2C1,398.4,394.9233962053177
71.0,17,0.04988891875301558,C0C1,401.6,191.75563396403746
71.0,18,12.884450681865246,B1B2,201.6,364.51189222395635
71.0,19,8.40216306112685,B0B1,201.6,19.458185349711513
71.0,2,3.8537736025986633,B2C2,390.79570962471166,398.4
71.0,20,14.061361532160097,C2C1,398.4,238.62990306855446
71.0,21,0.0,A2A1,-1.6,208.2010674987746
71.0,22,0.0,A0B0,191.79897776343,-1.6
71.0,23,11.689383585118927,A0B0,61.982203011729595,-1.6
71.0,24,0.0003234648169818022,B2B1,198.4,215.70224090388288
71.0,25,0.0024557414211613905,B0B1,201.6,191.7986823406734
71.0,26,5.846803392081454,B2B1,198.4,389.5123475448392
71.0,27,0.2271682709625437,B2B1,198.4,223.22139593648237
71.0,28,15.263846042184575,B1C1,213.50244882657992,198.4
71.0,29,12.476575264544943,A1A2,1.6,360.6434784353564
71.0,3,0.0,A2A1,-1.6,215.70207360393567
71.0,30,13.70402902118412,C2C1,398.4,261.882021464079
71.0,31,15.727936371489974,B1C1,334.98692699288836,198.4
71.0,32,12.814075771555187,C1C0,398.4,106.82233052389395
71.0,33,11.481138902510672,A2A1,-1.6,357.79760476789284
71.0,34,11.662506832760997,B0A0,187.70000000000002,1.6
71.0,35,3.8270463008368907,A2A1,-1.6,391.7
71.0,4,13.352982178168752,B1B0,198.4,124.89069302400607
71.0,5,10.452760828155242,B1B2,201.6,327.3673501199293
71.0,8,11.536071745908945,B1B2,201.6,306.4418317526443
71.0,9,11.662506832760997,B0A0,164.47364598229873,1.6
72.0,0,14.313072630792485,A0A1,1.6,87.95338338841296
72.0,10,14.168045833494658,B2C2,271.600247791111,398.4
72.0,12,0.0,B2B1,198.4,208.20101943727877
72.0,14,13.256426546400256,B0B1,201.6,101.50272349888036
72.0,15,5.385770189799956,:C1_6,397.21669050107295,196.6388491648784
72.0,16,4.335816929173879,C2C1,398.4,390.58757927614386
72.0,17,0.04034132577306738,C0C1,401.6,191.7959752898105
72.0,18,12.200285951056548,B1B2,201.6,376.7121781750129
72.0,19,10.291388314496508,B0B1,201.6,29.74957366420802
72.0,2,1.6931582521053306,B2C2,392.488867876817,398.4
72.0,20,13.153339300691167,C2C1,398.4,225.4765637678633
72.0,21,0.0,A2A1,-1.6,208.2010674987746
72.0,22,0.0,A0B0,191.79897776343,-1.6
72.0,23,12.076144860984064,A0B0,74.05834787271365,-1.6
72.0,24,0.00015765752203366425,B2B1,198.4,215.70208324636084
72.0,25,0.0002970037265579683,B0B1,201.6,191.79897934439995
72.0,26,8.296314975347302,B2B1,198.4,381.2160325694919
72.0,27,0.009346172035061415,B2B1,198.4,223.2120497644473
72.0,28,14.81747284267605,B1C1,228.31992166925596,198.4
72.0,29,12.3442036062719,A1A2,1.6,372.9876820416283
72.0,3,0.0,A2A1,-1.6,215.70207360393567
72.0,30,14.282555051996734,C2C1,398.4,247.5994664120823
72.0,31,15.625351942940231,B1C1,350.6122789358286,198.4
72.0,32,13.344662794167059,C1C0,398.4,93.47766772972687
72.0,33,13.67111728503757,A2A1,-1.6,344.1264874828552
72.0,34,12.851580399687649,B0A0,174.84841960031235,1.6
72.0,35,5.791303984907508,A2A1,-1.6,385.9086960150925
72.0,4,13.98172087010593,B1B0,198.4,110.90897215390014
72.0,5,10.380731731172801,B1B2,201.6,337.74808185110214
72.0,8,11.279802094936507,B1B2,201.6,317.7216338475808
72.0,9,11.383142254487597,B0A0,153.09050372781115,1.6
73.0,0,14.30669856451601,A0A1,1.6,102.26008195292899
73.0,10,14.383400193692328,B2C2,285.98364798480327,398.4
73.0,12,0.0,B2B1,198.4,208.20101943727877
73.0,14,12.98723567200716,B0B1,201.6,114.48995917088754
73.0,15,5.448446138706646,C1C0,398.4,191.44544916286947
73.0,16,6.051151750968992,C2C1,398.4,384.5364275251749
73.0,17,0.0026018819036188246,C0C1,401.6,191.79857717171413
73.0,18,10.722186820563302,B1B2,201.6,387.4343649955762
73.0,19,12.604841435025229,B0B1,201.6,42.35441509923326
73.0,2,3.909361232478385,B2C2,396.39822910929536,398.4
73.0,20,10.750979657218727,C2C1,398.4,214.72558411064458
73.0,21,0.0,A2A1,-1.6,208.2010674987746
73.0,22,0.0,A0B0,191.79897776343,-1.6
73.0,23,11.097223834084584,A0B0,85.15557170679824,-1.6
73.0,24,0.0,B2B1,198.4,215.70208324636084
73.0,25,0.0,B0B1,201.6,191.79897934439995
73.0,26,10.756778803614832,B2B1,198.4,370.45925376587707
73.0,27,0.007179041589968748,B2B1,198.4,223.20487072285732
73.0,28,15.42779009045609,B1C1,243.74771175971208,198.4
73.0,29,12.217639451469928,A1A2,1.6,385.2053214930982
73.0,3,0.0,A2A1,-1.6,215.70207360393567
73.0,30,12.696034023953644,C2C1,398.4,234.90343238812866
73.0,31,15.160121521730524,B1C1,365.7724004575591,198.4
73.0,32,12.710567085304179,C1C0,398.4,80.7671006444227
73.0,33,15.477758050550863,A2A1,-1.6,328.6487294323044
73.0,34,11.99623598305787,B0A0,162.85218361725447,1.6
73.0,35,7.576244479411333,A2A1,-1.6,378.3324515356812
73.0,36,13.517748,C1C2,401.6,212.29999999999998
73.0,4,13.612717391970948,B1B0,198.4,97.29625476192918
73.0,5,10.772017379579284,B1B2,201.6,348.5200992306814
73.0,8,10.81701080027237,B1B2,201.6,328.5386446478532
73.0,9,11.446801913166404,B0A0,141.64370181464471,1.6
74.0,0,13.59805314238798,A0A1,1.6,115.85813509531697
74.0,10,14.148071917819003,B2C2,300.1317199026223,398.4
74.0,12,0.0,B2B1,198.4,208.20101943727877
74.0,14,12.694510714480497,B0B1,201.6,127.18446988536803
74.0,15,7.333605674831785,C1C0,398.4,184.1118434880377
74.0,16,8.505604382801092,C2C1,398.4,376.0308231423738
74.0,17,0.00038074796681741835,C0C1,401.6,191.79895791968096
74.0,18,7.245462239887938,:B2_4,201.3341106600457,394.66122537968005
74.0,19,14.659689526771908,B0B1,201.6,57.01410462600518
74.0,20,6.883486212793679,C2C1,398.4,207.8420978978509
74.0,21,0.0,A2A1,-1.6,208.2010674987746
74.0,22,0.0,A0B0,191.79897776343,-1.6
74.0,23,11.956473943471215,A0B0,97.11204565026945,-1.6
74.0,24,0.0,B2B1,198.4,215.70208324636084
74.0,25,0.0,B0B1,201.6,191.79897934439995
74.0,26,11.489699506305339,B2B1,198.4,358.96955425957174
74.0,27,0.00158060435912314,B2B1,198.4,223.2032901184982
74.0,28,14.614467842518769,B1C1,258.36217960223087,198.4
74.0,29,7.717639451469928,A1A2,1.6,392.9229609445681
74.0,3,0.0,A2A1,-1.6,215.70207360393567
74.0,30,10.775985615792028,C2C1,398.4,224.12744677233664
74.0,31,12.702443906864165,B1C1,378.4748443644233,198.4
74.0,32,13.293444915487314,C1C0,398.4,67.47365572893537
74.0,33,15.906901519121462,A2A1,-1.6,312.74182791318293
74.0,34,11.102265228409,B0A0,151.7499183888455,1.6
74.0,35,9.80432248208025,A2A1,-1.6,368.52812905360094
74.0,36,12.657628200335756,C1C2,401.6,224.95762820033576
74.0,4,14.307696781332053,B1B0,198.4,82.98855798059711
74.0,5,10.597743986578807,B1B2,201.6,359.1178432172602
74.0,8,10.208542560454918,B1B2,201.6,338.7471872083081
74.0,9,10.905695674461297,B0A0,130.73800614018342,1.6
75.0,0,14.288212381681987,A0A1,1.6,130.14634747699895
75.0,10,14.667084254321786,B2C2,314.79880415694413,398.4
75.0,12,0.0,B2B1,198.4,208.20101943727877
75.0,14,13.701981525732048,B0B1,201.6,140.88645141110007
75.0,15,9.447807650212788,C1C0,398.4,174.66403583782488
75.0,16,10.779871383948473,C2C1,398.4,365.2509517584253
75.0,17,0.0,C0C1,401.6,191.79895791968096
75.0,18,6.208461911725253,:B2_4,198.54812822947042,399.91112306231776
75.0,19,14.805608543505848,B0B1,201.6,71.81971316951102
75.0,20,6.006856480826385,:C1_0,396.2712239425445,202.5627343655267
75.0,21,0.0,A2A1,-1.6,208.2010674987746
75.0,22,0.0,A0B0,191.79897776343,-1.6
75.0,23,11.689002199141546,A0B0,108.801047849411,-1.6
75.0,24,0.0,B2B1,198.4,215.70208324636084
75.0,25,0.0,B0B1,201.6,191.79897934439995
75.0,26,12.291816464054579,B2B1,198.4,346.67773779551715
75.0,27,0.0001986911129517891,B2B1,198.4,223.20309142738523
75.0,28,14.995635282635174,B1C1,273.357814884866,198.4
75.0,29,3.5172498685761013,A1A2,1.6,396.44021081314423
75.0,3,0.0,A2A1,-1.6,215.70207360393567
75.0,30,6.78171554412535,C2C1,398.4,217.3457312282113
75.0,31,8.603805900820543,B1C1,387.0786502652438,198.4
75.0,32,12.852866960036451,C1C0,398.4,54.62078876889893
75.0,33,14.978644339069584,A2A1,-1.6,297.7631835741133
75.0,34,10.575082474908882,B0A0,141.1748359139366,1.6
75.0,35,11.757803535082429,A2A1,-1.6,356.77032551851846
75.0,36,12.970297228700808,C1C2,401.6,237.92792542903655
75.0,37,3.0730037887918824,B2B1,198.4,387.7
75.0,4,14.291935129884079,B1B0,198.4,68.69662285071304
75.0,5,10.408154535581508,B1B2,201.6,369.5259977528417
75.0,8,10.904214492043842,B1B2,201.6,349.6514017003519
75.0,9,10.728486979878493,B0A0,120.00951916030493,1.6
76.0,0,13.857705874421264,A0A1,1.6,144.0040533514202
76.0,10,14.544947240429142,B2C2,329.34375139737324,398.4
76.0,12,0.0,B2B1,198.4,208.20101943727877
76.0,14,12.659296860549443,B0B1,201.6,153.5457482716495
76.0,15,11.234244412221603,C1C0,398.4,163.4297914256033
76.0,16,11.38165540408364,C2C1,398.4,353.86929635434166
76.0,17,0.0,C0C1,401.6,191.79895791968096
76.0,18,7.389697214011476,B2A2,191.51201363879917,401.6
76.0,19,15.99222253852892,B0B1,201.6,87.81193570803994
76.0,20,6.200865144914709,C1B1,390.2643762721098,201.6
76.0,21,0.0,A2A1,-1.6,208.2010674987746
76.0,22,0.0,A0B0,191.79897776343,-1.6
76.0,23,11.598193207589215,A0B0,120.39924105700021,-1.6
76.0,24,0.0,B2B1,198.4,215.70208324636084
76.0,25,0.0,B0B1,201.6,191.79897934439995
76.0,26,11.632363069324935,B2B1,198.4,335.0453747261922
76.0,27,0.0,B2B1,198.4,223.20309142738523
76.0,28,14.699300404652439,B1C1,288.05711528951844,198.4
76.0,29,2.595388820181303,:A2_1,2.859007651802973,398.3512868074004
76.0,3,0.0,A2A1,-1.6,215.70207360393567
76.0,30,5.732490470726902,C2C1,398.4,211.6132407574844
76.0,31,4.632137439552719,B1C1,391.71078770479653,198.4
76.0,32,13.91948227705329,C1C0,398.4,40.701306491845656
76.0,33,15.548267738688597,A2A1,-1.6,282.2149158354247
76.0,34,11.32673676595346,B0A0,129.84809914798313,1.6
76.0,35,13.413603096349718,A2A1,-1.6,343.3567224221688
76.0,36,13.140614401611826,C1C2,401.6,251.06853983064838
76.0,37,4.967840328613582,B2B1,198.4,382.73215967138646
76.0,4,13.961142295157916,B1B0,198.4,54.735480555555114
76.0,5,10.32643882179089,B1B2,201.6,379.85243657463263
76.0,8,10.726819853075757,B1B2,201.6,360.3782215534277
76.0,9,11.074310351987354,B0A0,108.93520880831758,1.6
77.0,0,14.376055818196946,A0A1,1.6,158.38010916961716
77.0,10,14.267992521377423,B2C2,343.6117439187507,398.4
77.0,12,0.0,B2B1,198.4,208.20101943727877
77.0,14,12.887372764995165,B0B1,201.6,166.43312103664468
77.0,15,11.601226588237704,C1C0,398.4,151.82856483736558
77.0,16,11.291073031043844,C2C1,398.4,342.5782233232978
77.0,17,0.0,C0C1,401.6,191.79895791968096
77.0,18,8.786569152987004,B2A2,182.72544448581215,401.6
77.0,19,15.864907333379566,B0B1,201.6,103.67684304141952
77.0,20,7.542789079392091,C1B1,382.7215871927177,201.6
77.0,21,0.0,A2A1,-1.6,208.2010674987746
77.0,22,0.0,A0B0,191.79897776343,-1.6
77.0,23,11.588244939196162,A0B0,131.98748599619637,-1.6
77.0,24,0.0,B2B1,198.4,215.70208324636084
77.0,25,0.0,B0B1,201.6,191.79897934439995
77.0,26,11.683804737974139,B2B1,198.4,323.3615699882181
77.0,27,0.0,B2B1,198.4,223.20309142738523
77.0,28,14.889517120263024,B1C1,302.94663240978144,198.4
77.0,29,3.233762483876832,A2B2,6.089362117202368,398.4
77.0,3,0.0,A2A1,-1.6,215.70207360393567
77.0,30,6.094220514702451,:C1_0,398.16223634295153,205.5356544006608
77.0,31,1.6623426989771863,:C1_8,393.27760866981146,198.71840577987427
77.0,32,13.687341673880697,C1C0,398.4,27.01396481796496
77.0,33,15.336872538206958,A2A1,-1.6,266.8780432972178
77.0,34,11.103912328562524,B0A0,118.7441868194206,1.6
77.0,35,13.225528939917304,A2A1,-1.6,330.13119348225143
77.0,36,13.09978251328445,C1C2,401.6,264.16832234393286
77.0,37,7.49352423363487,B2B1,198.4,375.23863543775155
77.0,38,13.09978251328445,C1C2,401.6,212.29999999999998
77.0,4,13.886047246657691,B1B0,198.4,40.84943330889743
77.0,5,11.456894616604933,B1B2,201.6,391.30933119123756
77.0,8,10.225326104518372,B1B2,201.6,370.603547657946
77.0,9,11.285493966247872,B0A0,97.64971484206973,1.6
78.0,0,14.342482606723534,A0A1,1.6,172.7225917763407
78.0,10,13.889900201253736,B2C2,357.50164412000436,398.4
78.0,12,0.0,B2B1,198.4,208.20101943727877
78.0,14,9.873537864876198,B0B1,201.6,176.30665890152088
78.0,15,11.851829134129591,C1C0,398.4,139.976735703236
78.0,16,11.256702986448282,C2C1,398.4,331.3215203368495
78.0,17,0.0,C0C1,401.6,191.79895791968096
78.0,18,10.597819851669856,B2A2,172.1276246341423,401.6
78.0,19,15.024930200966962,B0B1,201.6,118.70177324238648
78.0,20,10.056160867916184,C1B1,372.66542632480156,201.6
78.0,21,0.0,A2A1,-1.6,208.2010674987746
78.0,22,0.0,A0B0,191.79897776343,-1.6
78.0,23,12.110423612800664,A0B0,144.09790960899704,-1.6
78.0,24,0.0,B2B1,198.4,215.70208324636084
78.0,25,0.0,B0B1,201.6,191.79897934439995
78.0,26,12.347196938714193,B2B1,198.4,311.0143730495039
78.0,27,0.0,B2B1,198.4,223.20309142738523
78.0,28,14.991471108482635,B1C1,317.93810351826414,198.4
78.0,29,5.6182567047613485,A2B2,11.707618821963717,398.4
78.0,3,0.0,A2A1,-1.6,215.70207360393567
78.0,30,7.498797001917161,C1B1,392.6502232408648,201.6
78.0,31,0.5931466607126213,:C1_8,393.7718975537386,199.0479317024924
78.0,32,11.976045656521544,C1C0,398.4,15.037919161443426
78.0,33,15.199369357065157,A2A1,-1.6,251.6786739401526
78.0,34,10.894135772902084,B0A0,107.85005104651852,1.6
78.0,35,13.554931226546497,A2A1,-1.6,316.57626225570493
78.0,36,12.97308239866267,C1C2,401.6,277.1414047425955
78.0,37,9.307336717598426,B2B1,198.4,365.9312987201531
78.0,38,14.431837462072568,C1C2,401.6,226.73183746207255
78.0,4,13.070241215244316,B1B0,198.4,27.77919209365311
78.0,8,11.055541930481143,B1B2,201.6,381.6590895884272
78.0,9,11.33010097314602,B0A0,86.31961386892368,1.6
79.0,0,14.256484005932325,A0A1,1.6,186.97907578227301
79.0,10,14.152945134623119,B2C2,371.65458925462747,398.4
79.0,12,0.0,B2B1,198.4,208.20101943727877
79.0,14,6.1706404058288165,B0B1,201.6,182.47729930734968
79.0,15,12.648148542006172,C1C0,398.4,127.32858716122982
79.0,16,12.115722530982666,C2C1,398.4,319.20579780586684
79.0,17,0.0,C0C1,401.6,191.79895791968096
79.0,18,11.70713379495687,B2A2,160.42049083918542,401.6
79.0,19,14.95621727154027,B0B1,201.6,133.65799051392676
79.0,20,12.381519350459563,C1B1,360.283906974342,201.6
79.0,21,0.0,A2A1,-1.6,208.2010674987746
79.0,22,0.0,A0B0,191.79897776343,-1.6
79.0,23,11.223760707719489,A0B0,155.32167031671653,-1.6
79.0,24,0.0,B2B1,198.4,215.70208324636084
79.0,25,0.0,B0B1,201.6,191.79897934439995
79.0,26,12.33265325428191,B2B1,198.4,298.68171979522197
79.0,27,0.0,B2B1,198.4,223.20309142738523
79.0,28,14.422184857274821,B1C1,332.36028837553897,198.4
79.0,29,7.191039398448243,A2B2,18.898658220411964,398.4
79.0,3,0.0,A2A1,-1.6,215.70207360393567
79.0,30,9.38657052227693,C1B1,383.2636527185879,201.6
79.0,31,0.17200206994846484,:C1_8,393.915232612029,199.14348840801932
79.0,32,7.476045656521544,C1C0,398.4,7.561873504921891
79.0,33,13.780467397697404,A2A1,-1.6,237.8982065424552
79.0,34,11.214425891268078,B0A0,96.63562515525041,1.6
79.0,35,13.15625671202931,A2A1,-1.6,303.42000554367564
79.0,36,12.476244263809502,C1C2,401.6,289.61764900640503
79.0,37,11.551835187674786,B2B1,198.4,354.3794635324783
79.0,38,14.603195854227366,C1C2,401.6,241.33503331629993
79.0,4,11.961975434276033,B1B0,198.4,15.817216659377067
79.0,8,10.305611977253829,B1B2,201.6,391.964701565681
79.0,9,10.688668613773755,B0A0,75.63094525514994,1.6
80.0,10,14.477405162269392,B2C2,386.1319944168969,398.4
80.0,12,0.0,B2B1,198.4,208.20101943727877
80.0,14,1.6706404058288165,B0B1,201.6,184.1479397131785
80.0,15,12.18890893295561,C1C0,398.4,115.1396782282742
80.0,16,11.925103950076945,C2C1,398.4,307.2806938557899
80.0,17,0.0,C0C1,401.6,191.79895791968096
80.0,18,12.974737162360952,B2A2,147.44575367682447,401.6
80.0,19,15.628025012355254,B0B1,201.6,149.286015526282
80.0,20,12.92442596679555,C1B1,347.35948100754644,201.6
80.0,21,0.0,A2A1,-1.6,208.2010674987746
80.0,22,0.0,A0B0,191.79897776343,-1.6
80.0,23,11.364703326412714,A0B0,166.68637364312926,-1.6
80.0,24,0.0,B2B1,198.4,215.70208324636084
80.0,25,0.0,B0B1,201.6,191.79897934439995
80.0,26,12.564100645261066,B2B1,198.4,286.1176191499609
80.0,27,0.0,B2B1,198.4,223.20309142738523
80.0,28,14.437789950301356,B1C1,346.79807832584027,198.4
80.0,29,9.429111745553724,A2B2,28.32776996596569,398.4
80.0,3,0.0,A2A1,-1.6,215.70207360393567
80.0,30,11.974578562047578,C1B1,371.2890741565403,201.6
80.0,31,2.348247681528554,:C1_12,393.61857146908204,201.05428568727862
80.0,32,3.1486588299340723,C1C0,398.4,4.413214674987813
80.0,33,9.280467397697404,A2A1,-1.6,228.6177391447578
80.0,34,11.229926882541742,B0A0,85.40569827270866,1.6
80.0,35,13.424086533870168,A2A1,-1.6,289.99591900980545
80.0,36,12.458069384766139,C1C2,401.6,302.07571839117116
80.0,37,14.027005972537498,B2B1,198.4,340.35245755994083
80.0,38,14.898715052122558,C1C2,401.6,256.2337483684225
80.0,39,9.429111745553724,A2B2,8.3,398.4
80.0,4,8.484430861838842,B1B0,198.4,7.332785797538236
80.0,8,6.418612289788946,:B2_4,200.17787787538182,398.1035368743636
80.0,9,11.023383260550894,B0A0,64.60756199459902,1.6
81.0,12,0.0,B2B1,198.4,208.20101943727877
81.0,14,0.10825871361568085,B0B1,201.6,184.25619842679416
81.0,15,12.573263108070613,C1C0,398.4,102.56641512020359
81.0,16,12.011140835327305,C2C1,398.4,295.2695530204626
81.0,17,0.0,C0C1,401.6,191.79895791968096
81.0,18,11.722910756556347,B2A2,135.72284292026814,401.6
81.0,19,12.495677898000913,B0B1,201.6,161.7816934242829
81.0,20,13.890715503357367,C1B1,333.46876550418904,201.6
81.0,21,0.0,A2A1,-1.6,208.2010674987746
81.0,22,0.0,A0B0,191.79897776343,-1.6
81.0,23,9.60045497321916,A0B0,176.28682861634843,-1.6
81.0,24,0.0,B2B1,198.4,215.70208324636084
81.0,25,0.0,B0B1,201.6,191.79897934439995
81.0,26,12.103169880725623,B2B1,198.4,274.01444926923523
81.0,27,0.0,B2B1,198.4,223.20309142738523
81.0,28,14.705060465508557,B1C1,361.5031387913489,198.4
81.0,29,11.233859101283066,A2B2,39.56162906724876,398.4
81.0,3,0.0,A2A1,-1.6,215.70207360393567
81.0,30,13.058709281714306,C1B1,358.23036487482597,201.6
81.0,31,3.8252632953072343,C1B1,389.9582098887294,201.6
81.0,32,2.685620925613419,:C0_0,397.84356344160636,1.9061380649638033
81.0,33,4.780467397697404,A2A1,-1.6,223.83727174706038
81.0,34,10.754695292159914,B0A0,74.65100298054877,1.6
81.0,35,13.447713235217698,A2A1,-1.6,276.54820577458776
81.0,36,13.066674144489086,C1C2,401.6,315.14239253566024
81.0,37,15.997379812616103,B2B1,198.4,324.35507774732474
81.0,38,14.33022680722394,C1C2,401.6,270.5639751756464
81.0,39,10.327455846538696,A2B2,18.627455846538698,398.4
81.0,4,5.985961137874491,:B0_0,195.85234445611647,2.3114066736698837
81.0,40,14.312256,B1C1,212.29999999999998,198.4
81.0,8,7.170144872913882,:B2_4,194.22232595807122,401.3968105774184
81.0,9,11.22390406982506,B0A0,53.383657924773956,1.6
82.0,12,0.0,B2B1,198.4,208.20101943727877
82.0,14,0.04066623169327856,B0B1,201.6,184.29686465848744
82.0,15,11.867709225711085,C1C0,398.4,90.69870589449248
82.0,16,11.57241943869295,C2C1,398.4,283.6971335817696
82.0,17,0.0,C0C1,401.6,191.79895791968096
82.0,18,12.045287076578505,B2A2,123.67755584368962,401.6
82.0,19,9.185240624726923,B0B1,201.6,170.96693404900984
82.0,20,12.871137052183055,C1B1,320.597628452006,201.6
82.0,21,0.0,A2A1,-1.6,208.2010674987746
82.0,22,0.0,A0B0,191.79897776343,-1.6
82.0,23,5.394846978235717,A0B0,181.68167559458414,-1.6
82.0,24,0.0,B2B1,198.4,215.70208324636084
82.0,25,0.0,B0B1,201.6,191.79897934439995
82.0,26,12.149533779720956,B2B1,198.4,261.86491548951426
82.0,27,0.0,B2B1,198.4,223.20309142738523
82.0,28,13.688847713942826,B1C1,375.19198650529165,198.4
82.0,29,12.008563481993757,A2B2,51.57019254924252,398.4
82.0,3,0.0,A2A1,-1.6,215.70207360393567
82.0,30,14.641965199024643,C1B1,343.5883996758013,201.6
82.0,31,5.8759709357362615,C1B1,384.0822389529932,201.6
82.0,32,3.1811510231957962,C0B0,394.7264427261786,1.6
82.0,33,0.60301507639548,A2A1,-1.6,223.2342566706649
82.0,34,11.782700929277265,B0A0,62.86830205127151,1.6
82.0,35,13.373428158263296,A2A1,-1.6,263.1747776163245
82.0,36,13.417078547172576,C1C2,401.6,328.55947108283283
82.0,37,15.349395244144084,B2B1,198.4,309.00568250318065
82.0,38,14.861252795506577,C1C2,401.6,285.425227971153
82.0,39,11.0755618423548,A2B2,29.7030176888935,398.4
82.0,4,5.47472840384531,B0A0,190.50209625581846,1.6
82.0,40,13.412359253847919,B1C1,225.71235925384792,198.4
82.0,8,6.693585266789235,B2A2,187.54295600482695,401.6
82.0,9,11.59359899855683,B0A0,41.790058926217114,1.6
83.0,12,0.0,B2B1,198.4,208.20101943727877
83.0,14,0.0006049265288808461,B0B1,201.6,184.29746958501633
83.0,15,12.307845415702694,C1C0,398.4,78.39086047878978
83.0,16,11.858144407412247,C2C1,398.4,271.8389891743574
83.0,17,0.0,C0C1,401.6,191.79895791968096
83.0,18,12.394331549651952,B2A2,111.28322429403767,401.6
83.0,19,4.6974668646184305,B0B1,201.6,175.66440091362827
83.0,20,13.432232548799382,C1B1,307.1653959032066,201.6
83.0,21,0.0,A2A1,-1.6,208.2010674987746
83.0,22,0.0,A0B0,191.79897776343,-1.6
83.0,23,2.3086055345709604,A0B0,183.9902811291551,-1.6
83.0,24,0.0,B2B1,198.4,215.70208324636084
83.0,25,0.0,B0B1,201.6,191.79897934439995
83.0,26,11.544592585006908,B2B1,198.4,250.32032290450738
83.0,27,0.0,B2B1,198.4,223.20309142738523
83.0,28,11.736293585933588,B1C1,386.92828009122525,198.4
83.0,29,11.698160205921875,A2B2,63.26835275516439,398.4
83.0,3,0.0,A2A1,-1.6,215.70207360393567
83.0,30,13.275839059616148,C1B1,330.3125606161852,201.6
83.0,31,7.665640421615393,C1B1,376.41659853137776,201.6
83.0,32,4.493092300594524,C0B0,390.2333504255841,1.6
83.0,33,0.022428432385934317,A2A1,-1.6,223.21182823827897
83.0,34,10.966349496415301,B0A0,51.90195255485622,1.6
83.0,35,13.93068156294673,A2A1,-1.6,249.24409605337772
83.0,36,12.53773995839744,C1C2,401.6,341.09721104123025
83.0,37,15.972289064334886,B2B1,198.4,293.03339343884574
83.0,38,15.124040963149007,C1C2,401.6,300.549268934302
83.0,39,11.394810378886959,A2B2,41.09782806778046,398.4
83.0,4,7.176060026906869,B0A0,183.3260362289116,1.6
83.0,40,13.755914431340008,B1C1,239.4682736851879,198.4
83.0,8,8.837641983723081,B2A2,178.70531402110385,401.6
83.0,9,11.364559429916538,B0A0,30.425499496300574,1.6
84.0,12,0.0,B2B1,198.4,208.20101943727877
84.0,14,0.000393769169654211,B0B1,201.6,184.29786335418598
84.0,15,11.646063337909663,C1C0,398.4,66.74479714088012
84.0,16,11.710633787298784,C2C1,398.4,260.1283553870586
84.0,17,0.0,C0C1,401.6,191.79895791968096
84.0,18,12.809927462166206,B2A2,98.47329683187147,401.6
84.0,19,1.0282109525659906,B0B1,201.6,176.69261186619426
84.0,20,13.532190563869678,C1B1,293.63320533933694,201.6
84.0,21,0.0,A2A1,-1.6,208.2010674987746
84.0,22,0.0,A0B0,191.79897776343,-1.6
84.0,23,0.27302512358633463,A0B0,184.26330625274144,-1.6
84.0,24,0.0,B2B1,198.4,215.70208324636084
84.0,25,0.0,B0B1,201.6,191.79897934439995
84.0,26,10.139378107114492,B2B1,198.4,240.1809447973929
84.0,27,0.0,B2B1,198.4,223.20309142738523
84.0,28,7.236293585933588,:C1_6,394.15107051991635,198.20698992572625
84.0,29,12.6430189140381,A2B2,75.9113716692025,398.4
84.0,3,0.0,A2A1,-1.6,215.70207360393567
84.0,30,13.592080109845398,C1B1,316.7204805063398,201.6
84.0,31,9.047688474234604,C1B1,367.3689100571431,201.6
84.0,32,6.585018627546467,C0B0,383.64833179803765,1.6
84.0,33,0.006023134471817257,A2A1,-1.6,223.20580510380717
84.0,34,11.106187439489455,B0A0,40.79576511536678,1.6
84.0,35,9.68960418184804,A2A1,-1.6,239.55449187152968
84.0,36,12.477436138915225,C1C2,401.6,353.5746471801455
84.0,37,15.260071516171278,B2B1,198.4,277.7733219226745
84.0,38,15.252364916351931,C1C2,401.6,315.80163385065396
84.0,39,12.00876388269031,A2B2,53.10659195047078,398.4
84.0,4,8.56523369317825,B0A0,174.76080253573335,1.6
84.0,40,13.389384192526288,B1C1,252.85765787771422,198.4
84.0,8,11.043888512148335,B2A2,167.66142550895552,401.6
84.0,9,11.811470552333615,B0A0,18.614028943966957,1.6
85.0,12,0.0,B2B1,198.4,208.20101943727877
85.0,14,0.0,B0B1,201.6,184.29786335418598
85.0,15,12.469916379443974,C1C0,398.4,54.27488076143615
85.0,16,11.984662860254966,C2C1,398.4,248.14369252680365
85.0,17,0.0,C0C1,401.6,191.79895791968096
85.0,18,11.984388130120033,B2A2,86.48890870175141,401.6
85.0,19,0.09908811148912634,B0B1,201.6,176.79169997768338
85.0,20,13.466370919826456,C1B1,280.16683441951045,201.6
85.0,21,0.0,A2A1,-1.6,208.2010674987746
85.0,22,0.0,A0B0,191.79897776343,-1.6
85.0,23,0.03244536040981836,A0B0,184.29575161315125,-1.6
85.0,24,0.0,B2B1,198.4,215.70208324636084
85.0,25,0.0,B0B1,201.6,191.79897934439995
85.0,26,6.100653651679203,B2B1,198.4,234.0802911457137
85.0,27,0.0,B2B1,198.4,223.20309142738523
85.0,28,6.590937704974628,:C1_6,398.24802057125083,193.86385600124405
85.0,29,12.767192234076344,A2B2,88.67856390327884,398.4
85.0,3,0.0,A2A1,-1.6,215.70207360393567
85.0,30,13.896226454870447,C1B1,302.8242540514693,201.6
85.0,31,11.21612504500285,C1B1,356.1527850121403,201.6
85.0,32,8.633297196604051,C0B0,375.01503460143357,1.6
85.0,33,0.0017303734098028285,A2A1,-1.6,223.20407473039737
85.0,34,11.611155104066427,B0A0,29.18461001130035,1.6
85.0,35,6.367852456404378,A2A1,-1.6,233.1866394151253
85.0,36,13.366610662515603,C1C2,401.6,366.9412578426611
85.0,37,15.216061974803287,B2B1,198.4,262.5572599478712
85.0,38,14.958150148994598,C1C2,401.6,330.75978399964856
85.0,39,11.972468405389428,A2B2,65.07906035586021,398.4
85.0,4,9.94914421655654,B0A0,164.8116583191768,1.6
85.0,40,13.46552190919867,B1C1,266.3231797869129,198.4
85.0,41,12.370857093568508,B2A2,187.70000000000002,401.6
85.0,42,13.89,B0C0,212.29999999999998,-1.6
85.0,8,12.757326057016984,B2A2,154.90409945193852,401.6
85.0,9,8.989379420636169,B0A0,9.624649523330788,1.6
86.0,12,0.0,B2B1,198.4,208.20101943727877
86.0,14,0.0,B0B1,201.6,184.29786335418598
86.0,15,12.06253921274715,C1C0,398.4,42.21234154868901
86.0,16,10.985998120224313,C2C1,398.4,237.15769440657934
86.0,17,0.0,C0C1,401.6,191.79895791968096
86.0,18,12.400055811050379,B2A2,74.08885289070103,401.6
86.0,19,0.002775891653628432,B0B1,201.6,176.79447586933702
86.0,20,13.089505535727383,C1B1,267.0773288837831,201.6
86.0,21,0.0,A2A1,-1.6,208.2010674987746
86.0,22,0.0,A0B0,191.79897776343,-1.6
86.0,23,0.0017903097667941459,A0B0,184.29754192291804,-1.6
86.0,24,0.0,B2B1,198.4,215.70208324636084
86.0,25,0.0,B0B1,201.6,191.79897934439995
86.0,26,2.690958355340438,B2B1,198.4,231.38933279037326
86.0,27,0.0,B2B1,198.4,223.20309142738523
86.0,28,6.300486097610398,C1C0,398.4,187.57400252025613
86.0,29,12.267119662487664,A2B2,100.94568356576652,398.4
86.0,3,0.0,A2A1,-1.6,215.70207360393567
86.0,30,13.218915461972111,C1B1,289.60533858949725,201.6
86.0,31,13.335411258003154,C1B1,342.8173737541372,201.6
86.0,32,10.315433550594113,C0B0,364.6996010508395,1.6
86.0,33,0.0008005750146007308,A2A1,-1.6,223.20327415538276
86.0,34,9.628593880299265,B0A0,19.556016131001087,1.6
86.0,35,2.146994242755611,A2A1,-1.6,231.0396451723697
86.0,36,12.56689612578354,C1C2,401.6,379.5081539684446
86.0,37,11.13919882341039,B2B1,198.4,251.4180611244608
86.0,38,14.047484170782688,C1C2,401.6,344.80726817043126
86.0,39,11.949320247825435,A2B2,77.02838060368565,398.4
86.0,4,11.33766021977595,B0A0,153.47399809940086,1.6
86.0,40,13.240902278567612,B1C1,279.56408206548053,198.4
86.0,41,12.06484896122297,B2A2,175.63515103877705,401.6
86.0,42,14.951506982505867,B0C0,227.25150698250587,-1.6
86.0,8,11.96752088190908,B2A2,142.93657857002944,401.6
86.0,9,5.985388656488567,B0A0,3.6392608668422213,1.6
87.0,12,0.0,B2B1,198.4,208.20101943727877
87.0,14,0.0,B0B1,201.6,184.29786335418598
87.0,15,12.684931136496969,C1C0,398.4,29.52741041219204
87.0,16,12.096804902861104,C2C1,398.4,225.06088950371824
87.0,17,0.0,C0C1,401.6,191.79895791968096
87.0,18,12.554292836141803,B2A2,61.53456005455922,401.6
87.0,19,0.002337072920960869,B0B1,201.6,176.796812942258
87.0,20,13.876789436223932,C1B1,253.20053944755915,201.6
87.0,21,0.0,A2A1,-1.6,208.2010674987746
87.0,22,0.0,A0B0,191.79897776343,-1.6
87.0,23,0.0002960038635509742,A0B0,184.2978379267816,-1.6
87.0,24,0.0,B2B1,198.4,215.70208324636084
87.0,25,0.0,B0B1,201.6,191.79897934439995
87.0,26,0.4339778984330593,B2B1,198.4,230.9553548919402
87.0,27,0.0,B2B1,198.4,223.20309142738523
87.0,28,8.041717071188456,C1C0,398.4,179.53228544906767
87.0,29,12.094018334197596,A2B2,113.03970189996411,398.4
87.0,3,0.0,A2A1,-1.6,215.70207360393567
87.0,30,13.621267281835717,C1B1,275.9840713076615,201.6
87.0,31,15.4335269317808,C1B1,327.38384682235636,201.6
87.0,32,12.0394854139683,C0B0,352.6601156368712,1.6
87.0,33,0.00016244096393089747,A2A1,-1.6,223.20311171441884
87.0,34,6.818090948133024,B0A0,12.737925182868054,1.6
87.0,35,0.32425610944485517,A2A1,-1.6,230.71538906292483
87.0,36,9.746933346381141,C1C2,401.6,389.2550873148258
87.0,37,7.996257013510741,B2B1,198.4,243.42180411095006
87.0,38,14.803034894422005,C1C2,401.6,359.61030306485327
87.0,39,12.12685556028524,A2B2,89.15523616397088,398.4
87.0,4,13.331219775857841,B0A0,140.142778323543,1.6
87.0,40,14.016630774266034,B1C1,293.5807128397465,198.4
87.0,41,13.245420395520568,B2A2,162.38973064325646,401.6
87.0,42,14.256210255128877,B0C0,241.50771723763475,-1.6
87.0,43,12.096804902861104,C2C1,398.4,391.7
87.0,8,12.556235227453657,B2A2,130.3803433425758,401.6
87.0,9,2.493018630094677,:A0_1,1.6744335427985944,2.67896520040984
88.0,12,0.0,B2B1,198.4,208.20101943727877
88.0,14,0.0,B0B1,201.6,184.29786335418598
88.0,15,12.004514377207169,C1C0,398.4,17.522896034984882
88.0,16,11.375563275600062,C2C1,398.4,213.68532622811819
88.0,17,0.0,C0C1,401.6,191.79895791968096
88.0,18,12.310481158466109,B2A2,49.22407889609312,401.6
88.0,19,0.0,B0B1,201.6,176.796812942258
88.0,20,13.364190516495162,C1B1,239.83634893106398,201.6
88.0,21,0.0,A2A1,-1.6,208.2010674987746
88.0,22,0.0,A0B0,191.79897776343,-1.6
88.0,23,0.0,A0B0,184.2978379267816,-1.6
88.0,24,0.0,B2B1,198.4,215.70208324636084
88.0,25,0.0,B0B1,201.6,191.79897934439995
88.0,26,0.23664611375016065,B2B1,198.4,230.71870877819003
88.0,27,0.0,B2B1,198.4,223.20309142738523
88.0,28,9.872048642914585,C1C0,398.4,169.66023680615308
88.0,29,11.809310661513143,A2B2,124.84901256147725,398.4
88.0,3,0.0,A2A1,-1.6,215.70207360393567
88.0,30,13.552663147321313,C1B1,262.4314081603402,201.6
88.0,31,14.949392395470838,C1B1,312.4344544268855,201.6
88.0,32,13.917863419976898,C0B0,338.74225221689426,1.6
88.0,33,0.0,A2A1,-1.6,223.20311171441884
88.0,34,3.3028805735270668,B0A0,9.435044609340991,1.6
88.0,35,0.00768094076149598,A2A1,-1.6,230.70770812216333
88.0,36,7.070489782280964,C1C2,401.6,396.3255770971067
88.0,37,3.496257013510741,B2B1,198.4,239.92554709743933
88.0,38,13.066769948980623,C1C2,401.6,372.67707301383393
88.0,39,11.321815384840793,A2B2,100.47705154881167,398.4
88.0,4,13.846929379763461,B0A0,126.29584894377955,1.6
88.0,40,13.470239281603083,B1C1,307.0509521213496,198.4
88.0,41,12.606871190837637,B2A2,149.78285945241882,401.6
88.0,42,14.481933643803547,B0C0,255.9896508814383,-1.6
88.0,43,14.103929806283311,C2C1,398.4,377.5960701937167
88.0,8,12.416051516099035,B2A2,117.96429182647675,401.6
88.0,9,2.937107996124625,A0A1,1.6,5.610865759377061
89.0,12,0.0,B2B1,198.4,208.20101943727877
89.0,14,0.0,B0B1,201.6,184.29786335418598
89.0,15,8.821622318153757,C1C0,398.4,8.701273716831139
89.0,17,0.0,C0C1,401.6,191.79895791968096
89.0,18,12.186807786821419,B2A2,37.0372711092717,401.6
89.0,19,0.0,B0B1,201.6,176.796812942258
89.0,20,12.969053537459128,C1B1,226.86729539360485,201.6
89.0,21,0.0,A2A1,-1.6,208.2010674987746
89.0,22,0.0,A0B0,191.79897776343,-1.6
89.0,23,0.0001010064246578263,A0B0,184.29793893320627,-1.6
89.0,24,0.0,B2B1,198.4,215.70208324636084
89.0,25,0.0,B0B1,201.6,191.79897934439995
89.0,26,0.010605587995588481,B2B1,198.4,230.70810319019444
89.0,27,0.0,B2B1,198.4,223.20309142738523
89.0,28,12.460004340563744,C1C0,398.4,157.20023246558932
89.0,29,12.820206692536146,A2B2,137.66921925401337,398.4
89.0,3,0.0,A2A1,-1.6,215.70207360393567
89.0,30,12.800119834960697,C1B1,249.6312883253795,201.6
89.0,31,15.39964802565946,C1B1,297.03480640122604,201.6
89.0,32,13.05487168505683,C0B0,325.68738053183745,1.6
89.0,33,0.0,A2A1,-1.6,223.20311171441884
89.0,34,2.4641682338145054,B0A0,6.970876375526473,1.6
89.0,35,0.0028433596695134557,A2A1,-1.6,230.7048647624938
89.0,36,5.385743311559915,:C2_0,399.50693531412327,400.935838811526
89.0,37,1.630453211930452,B2B1,198.4,238.2950938855089
89.0,38,10.61097026036448,C1C2,401.6,383.28804327419834
89.0,39,12.054938089810513,A2B2,112.53198963862219,398.4
89.0,4,13.25298377168496,B0A0,113.04286517209458,1.6
89.0,40,13.750980335026927,B1C1,320.80193245637656,198.4
89.0,41,13.079687757308648,B2A2,136.70317169511017,401.6
89.0,42,14.589295352361711,B0C0,270.5789462338,-1.6
89.0,43,14.391272487041176,C2C1,398.4,363.2047977066755
89.0,44,13.89,A1A0,-1.6,187.70000000000002
89.0,8,12.902504994509876,B2A2,105.06178683196687,401.6
89.0,9,5.444905363087393,A0A1,1.6,11.055771122464456
90.0,12,0.0,B2B1,198.4,208.20101943727877
90.0,14,0.0,B0B1,201.6,184.29786335418598
90.0,15,4.551469017992298,C1C0,398.4,4.149804698838835
90.0,17,0.0,C0C1,401.6,191.79895791968096
90.0,18,12.917816689013534,B2A2,24.119454420258165,401.6
90.0,19,0.0,B0B1,201.6,176.796812942258
90.0,20,10.315099148212337,C1B1,216.5521962453925,201.6
90.0,21,0.0,A2A1,-1.6,208.2010674987746
90.0,22,0.0,A0B0,191.79897776343,-1.6
90.0,23,0.0,A0B0,184.29793893320627,-1.6
90.0,24,0.0,B2B1,198.4,215.70208324636084
90.0,25,0.0,B0B1,201.6,191.79897934439995
90.0,26,0.0021432821045589304,B2B1,198.4,230.70595990808988
90.0,27,0.0,B2B1,198.4,223.20309142738523
90.0,28,13.80065050514865,C1C0,398.4,143.39958196044068
90.0,29,12.348040475464211,A2B2,150.0172597294776,398.4
90.0,3,0.0,A2A1,-1.6,215.70207360393567
90.0,30,13.555093736595675,C1B1,236.07619458878384,201.6
90.0,31,15.424961234237614,C1B1,281.6098451669884,201.6
90.0,32,13.281229561193728,C0B0,312.4061509706437,1.6
90.0,33,0.0,A2A1,-1.6,223.20311171441884
90.0,34,3.5849357102618367,B0A0,3.385940665264627,1.6
90.0,35,0.0004439400350748897,A2A1,-1.6,230.70442082245873
90.0,36,5.78004555923412,C2B2,393.84863403209926,401.6
90.0,37,0.05771931844461001,B2B1,198.4,238.23737456706428
90.0,38,7.502068728603232,C1C2,401.6,390.7901120028016
90.0,39,12.25375929066,A2B2,124.78574892928219,398.4
90.0,4,14.075505343080879,B0A0,98.9673598290137,1.6
90.0,40,13.720424945647776,B1C1,334.52235740202434,198.4
90.0,41,12.69214153213711,B2A2,124.01103016297306,401.6
90.0,42,14.033993768919805,B0C0,284.6129400027198,-1.6
90.0,43,14.19763055135646,C2C1,398.4,349.00716715531905
90.0,44,13.906455294745626,A1A0,-1.6,173.7935447052544
90.0,8,12.337570928245917,B2A2,92.72421590372093,401.6
90.0,9,7.009946322272382,A0A1,1.6,18.06571744473684
91.0,12,1.9066345664206894,:B1_1,198.4,206.2943848708581
91.0,14,0.00011094488983475262,B0B1,201.6,184.2979742990758
91.0,15,2.6021749207372586,:C0_0,397.6892214483675,1.8135328690205004
91.0,17,1.7069714737124742,:C1_4,401.5003132935908,193.49780694486455
91.0,18,12.458624836787612,B2A2,11.660829583470559,401.6
91.0,19,0.0,B0B1,201.6,176.796812942258
91.0,20,5.815099148212337,C1B1,210.73709709718017,201.6
91.0,21,2.541067498774603,:A1_10,-0.7105275157979094,205.95526375789896
91.0,22,1.462754106381908,:B0_7,193.2564191666127,-1.534797261912473
91.0,23,0.0,A0B0,184.29793893320627,-1.6
91.0,24,0.0,B2B1,198.4,215.70208324636084
91.0,25,1.9355221448000521,:B1_9,201.6,193.7345014892
91.0,26,0.0012377421441303132,B2B1,198.4,230.70472216594575
91.0,27,0.0,B2B1,198.4,223.20309142738523
91.0,28,14.885611774297848,C1C0,398.4,128.51397018614284
91.0,29,12.457610195899166,A2B2,162.47486992537677,398.4
91.0,3,0.0,A2A1,-1.6,215.70207360393567
91.0,30,10.010177313549352,C1B1,226.0660172752345,201.6
91.0,31,15.97068919821604,C1B1,265.6391559687724,201.6
91.0,32,12.996863228128174,C0B0,299.4092877425155,1.6
91.0,33,0.0,A2A1,-1.6,223.20311171441884
91.0,34,3.3782325294188036,A0A1,1.6,3.812291864154157
91.0,35,0.00024094112478084494,A2A1,-1.6,230.70417988133394
91.0,36,8.077456623898021,C2B2,385.77117740820125,401.6
91.0,37,0.024386702403677914,B2B1,198.4,238.2129878646606
91.0,38,5.572803770358503,C1C2,401.6,396.3629157731601
91.0,39,11.273694933355054,A2B2,136.05944386263724,398.4
91.0,4,13.816501147697128,B0A0,85.15085868131655,1.6
91.0,40,13.805143440766207,B1C1,348.3275008427905,198.4
91.0,41,12.586312113011308,B2A2,111.42471804996175,401.6
91.0,42,14.358566041751379,B0C0,298.9715060444712,-1.6
91.0,43,13.959559234922388,C2C1,398.4,335.0476079203967
91.0,44,13.741143477153617,A1A0,-1.6,160.05240122810076
91.0,45,13.741143477153617,A1A0,-1.6,187.70000000000002
91.0,8,12.838571541941858,B2A2,79.88564436177907,401.6
91.0,9,9.21515166141916,A0A1,1.6,27.280869106156
92.0,12,3.8599261833122007,:B1_1,198.4,202.4344586875459
92.0,14,1.8113657152873204,B0B1,201.6,186.1093400143631
92.0,15,3.316548305735439,C0B0,394.41108147236616,1.6
92.0,17,3.4640706066065676,:C1_10,400.9085595369541,196.88573410507652
92.0,19,0.0001334732088251733,B0B1,201.6,176.7969464154668
92.0,20,1.913865371218427,C1B1,208.82323172596173,201.6
92.0,21,3.10745429429926,:A1_10,1.5874897307918425,207.18123459618775
92.0,22,3.708268130188101,:B0_11,196.88573410507652,-0.9085595369540993
92.0,23,1.2579055845709866,A0B0,185.55584451777725,-1.6
92.0,24,1.494747621833429,B2B1,198.4,214.20733562452742
92.0,25,3.40654928535223,:B1_9,201.6,197.1410507745522
92.0,26,0.0004535231288142723,B2B1,198.4,230.70426864281694
92.0,27,0.0,B2B1,198.4,223.20309142738523
92.0,28,15.534002313916988,C1C0,398.4,112.97996787222584
92.0,29,12.256792422594287,A2B2,174.73166234797105,398.4
92.0,3,1.5713630096821616,A2A1,-1.6,214.13071059425351
92.0,30,5.62282727032565,C1B1,220.44319000490884,201.6
92.0,31,14.791277674520003,C1B1,250.84787829425238,201.6
92.0,32,13.638110430071944,C0B0,285.77117731244357,1.6
92.0,33,0.0,A2A1,-1.6,223.20311171441884
92.0,34,5.004043495570571,A0A1,1.6,8.816335359724729
92.0,35,0.0,A2A1,-1.6,230.70417988133394
92.0,36,10.259461415838583,C2B2,375.51171599236267,401.6
92.0,37,0.0036514284369090705,B2B1,198.4,238.20933643622368
92.0,38,6.493500777803191,:C2_0,398.4669235262903,401.36186806767284
92.0,39,12.060424741180814,A2B2,148.11986860381805,398.4
92.0,4,13.84331316901502,B0A0,71.30754551230154,1.6
92.0,40,13.901379841980471,B1C1,362.22888068477107,198.4
92.0,41,12.7053174847812,B2A2,98.71940056518055,401.6
92.0,42,15.112183458166744,B0C0,314.0836895026379,-1.6
92.0,43,13.389915049068266,C2C1,398.4,321.6576928713284
92.0,44,14.253152503845866,A1A0,-1.6,145.79924872425488
92.0,45,14.948935698761309,A1A0,-1.6,172.7510643012387
92.0,8,12.51356914865239,B2A2,67.37207521312666,401.6
92.0,9,10.606556163443102,A0A1,1.6,37.887425269599106
93.0,12,5.466589552769438,:B1_1,198.4,196.96786913477646
93.0,14,3.4312736761866955,B0B1,201.6,189.5406136905498
93.0,15,5.397813935260736,C0B0,389.01326753710543,1.6
93.0,17,4.805418419677319,:C1_10,397.79438341763176,200.36336994942093
93.0,19,1.3219500283578771,B0B1,201.6,178.1188964438247
93.0,20,0.3203873097267651,C1B1,208.50284441623498,201.6
93.0,21,2.9201702554314584,A1A2,1.6,210.0976245497307
93.0,22,6.120920513117911,:B0_11,201.04007031766528,3.33345052944213
93.0,23,2.9194131744532266,A0B0,188.47525769223049,-1.6
93.0,24,3.907357078103431,B2B1,198.4,210.29997854642397
93.0,25,4.78803330953233,:B1_9,201.6,201.92908408408454
93.0,26,0.0,B2B1,198.4,230.70426864281694
93.0,27,0.841060235210127,B2B1,198.4,222.3620311921751
93.0,28,15.219389903932296,C1C0,398.4,97.76057796829355
93.0,29,10.751639279274945,A2B2,185.483301627246,398.4
93.0,3,3.339940543690152,A2A1,-1.6,210.79077005056337
93.0,30,3.900657669237414,C1B1,216.54253233567144,201.6
93.0,31,11.921622901123817,C1B1,238.92625539312857,201.6
93.0,32,12.937272351629915,C0B0,272.83390496081364,1.6
93.0,33,1.108632887536166,A2A1,-1.6,222.09447882688266
93.0,34,7.183594585870654,A0A1,1.6,15.999929945595383
93.0,35,0.0,A2A1,-1.6,230.70417988133394
93.0,36,12.05080198135706,C2B2,363.46091401100557,401.6
93.0,37,0.0021268619662008015,B2B1,198.4,238.2072095742575
93.0,38,5.828446434045971,C2B2,392.65513701499077,401.6
93.0,39,12.39267093158347,A2B2,160.51253953540152,398.4
93.0,4,13.43453235998881,B0A0,57.87301315231272,1.6
93.0,40,13.160044575815922,B1C1,375.388925260587,198.4
93.0,41,12.082824106382258,B2A2,86.63657645879827,401.6
93.0,42,14.560979417543473,B0C0,328.6446689201814,-1.6
93.0,43,14.036838144475231,C2C1,398.4,307.62085472685317
93.0,44,13.48954776758759,A1A0,-1.6,132.3097009566673
93.0,45,14.64412784629658,A1A0,-1.6,158.10693645494212
93.0,8,12.35211502159866,B2A2,55.019960191528014,401.6
93.0,9,10.801962933093295,A0A1,1.6,48.6893882026924
94.0,12,7.254024269874208,B1B0,198.4,189.71384486490228
94.0,14,3.789542563795113,:B1_9,201.6,193.33015625434493
94.0,15,7.23684921612449,C0B0,381.7764183209809,1.6
94.0,17,6.864402965249049,C1B1,391.1601786150736,201.6
94.0,19,3.612632326583263,B0B1,201.6,181.73152877040795
94.0,20,0.1606946762601893,C1B1,208.3421497399748,201.6
94.0,21,5.18568403325744,A1A2,1.6,215.28330858298813
94.0,22,7.666408644290641,B0B1,201.6,10.957329157408552
94.0,23,4.801792607476971,:B0_7,193.27156134211293,-1.5326340939838674
94.0,24,4.871056820501559,:B1_1,198.4,205.4289217259224
94.0,25,6.947347217169591,B1B2,201.6,208.87643130125412
94.0,26,0.554913173163806,B2B1,198.4,230.14935546965313
94.0,27,3.0463467736713503,B2B1,198.4,219.31568441850374
94.0,28,15.717985117938786,C1C0,398.4,82.04259285035474
94.0,29,6.321281422482554,A2B2,191.80458304972854,398.4
94.0,3,2.960374886712547,A2A1,-1.6,207.83039516385082
94.0,30,0.43199208140825374,C1B1,216.11054025426319,201.6
94.0,31,9.156183847288563,C1B1,229.77007154584,201.6
94.0,32,13.818926150280864,C0B0,259.01497881053274,1.6
94.0,33,3.012745544323204,A2A1,-1.6,219.08173328255947
94.0,34,8.636212124008948,A0A1,1.6,24.636142069604333
94.0,35,0.599064488237034,A2A1,-1.6,230.1051153930969
94.0,36,12.900783851852037,C2B2,350.5601301591536,401.6
94.0,37,0.0017945436658270684,B2B1,198.4,238.20541503059167
94.0,38,7.376290443985553,C2B2,385.2788465710052,401.6
94.0,39,12.483573640380255,A2B2,172.99611317578177,398.4
94.0,4,13.308930124157488,B0A0,44.56408302815524,1.6
94.0,40,9.248383027508757,B1C1,384.6373082880957,198.4
94.0,41,12.166669575691275,B2A2,74.469906883107,401.6
94.0,42,14.479052869085768,B0C0,343.12372178926717,-1.6
94.0,43,13.311080369997406,C2C1,398.4,294.30977435685577
94.0,44,13.24431879581383,A1A0,-1.6,119.06538216085346
94.0,45,14.01040529086264,A1A0,-1.6,144.09653116407947
94.0,8,12.833789116073534,B2A2,42.18617107545447,401.6
94.0,9,11.895483676609569,A0A1,1.6,60.58487187930197
95.0,12,9.05804732395336,B1B0,198.4,180.6557975409489
95.0,14,5.108963460102678,:B1_9,201.6,198.4391197144476
95.0,15,8.690693468725756,C0B0,373.08572485225517,1.6
95.0,17,9.389318555037045,C1B1,381.7708600600366,201.6
95.0,19,3.0282892766641667,B0B1,201.6,184.75981804707212
95.0,20,0.1088978700346511,C1B1,208.23325186994015,201.6
95.0,21,6.931672415609955,A1A2,1.6,222.2149809985981
95.0,22,9.879373513394967,B0B1,201.6,20.836702670803522
95.0,23,6.7322175585834305,:B0_11,199.45485392255597,0.6914232042599429
95.0,24,6.774706287545138,:B1_1,198.4,198.6542154383773
95.0,25,8.716100750258192,B1B2,201.6,217.5925320515123
95.0,26,3.130428468612519,B2B1,198.4,227.01892700104062
95.0,27,4.835754456681391,B2B1,198.4,214.47992996182234
95.0,28,15.139936348414466,C1C0,398.4,66.90265650194027
95.0,29,4.789624011260189,:B2_6,196.38182838413348,397.37090296951993
95.0,3,4.7928347759251695,:A1_0,-1.6,203.03756038792565
95.0,30,0.2550796280729058,C1B1,215.85546062619028,201.6
95.0,31,4.656183847288563,C1B1,225.11388769855145,201.6
95.0,32,13.709686258550615,C0B0,245.30529255198215,1.6
95.0,33,3.7001089809452643,A2A1,-1.6,215.3816243016142
95.0,34,10.553553038331941,A0A1,1.6,35.18969510793628
95.0,35,2.235546340321432,A2A1,-1.6,227.86956905277546
95.0,36,13.094014644196584,C2B2,337.466115514957,401.6
95.0,37,0.5335847105375945,B2B1,198.4,237.67183032005408
95.0,38,8.843829664940776,C2B2,376.43501690606445,401.6
95.0,39,8.687550622164448,A2B2,181.68366379794622,398.4
95.0,4,13.049409195875198,B0A0,31.51467383228004,1.6
95.0,40,5.645415411151841,B1C1,390.2827236992476,198.4
95.0,41,12.267803632685036,B2A2,62.20210325042197,401.6
95.0,42,14.282270431234116,B0C0,357.4059922205013,-1.6
95.0,43,13.18924909936414,C2C1,398.4,281.12052525749164
95.0,44,13.19694443620241,A1A0,-1.6,105.86843772465105
95.0,45,13.794268611964053,A1A0,-1.6,130.3022625521154
95.0,47,12.507945,A0B0,8.3,-1.6
95.0,8,12.963037674756855,B2A2,29.223133400697606,401.6
95.0,9,11.281021282039568,A0A1,1.6,71.86589316134155
96.0,12,10.726256561721675,B1B0,198.4,169.92954097922723
96.0,14,7.360003676242196,:B1_9,201.6,205.79912339068977
96.0,15,10.741546908821427,C0B0,362.34417794343375,1.6
96.0,17,10.888443766303846,C1B1,370.8824162937328,201.6
96.0,19,5.4595030268887275,B0B1,201.6,190.21932107396086
96.0,20,0.0249165454408508,C1B1,208.2083353244993,201.6
96.0,21,9.189775392117463,A1A2,1.6,231.40475639071556
96.0,22,11.656527340877801,B0B1,201.6,32.49323001168133
96.0,23,6.023559077636524,:B0_11,201.46324529917626,6.242717094233765
96.0,24,8.336138508238815,B1B0,198.4,190.3180769301385
96.0,25,10.934984321682714,B1B2,201.6,228.52751637319503
96.0,26,4.037138438099087,B2B1,198.4,222.98178856294155
96.0,27,5.280712527029857,B2B1,198.4,209.19921743479247
96.0,28,15.00266256226734,C1C0,398.4,51.89999393967295
96.0,29,4.798309303540469,:B2_6,198.33812078424995,393.2331545102505
96.0,3,6.699022792426425,:A1_0,-1.6,196.33853759549925
96.0,30,0.07581491224618409,C1B1,215.7796457139441,201.6
96.0,31,1.6844849954844943,C1B1,223.42940270306696,201.6
96.0,32,13.412155566992121,C0B0,231.89313698499004,1.6
96.0,33,4.534477090144089,A2A1,-1.6,210.84714721147012
96.0,34,13.000499441157356,A0A1,1.6,48.19019454909364
96.0,35,3.780274846124978,A2A1,-1.6,224.0892942066505
96.0,36,12.470585675460613,C2B2,324.9955298394963,401.6
96.0,37,2.9536926514479784,B2B1,198.4,234.71813766860612
96.0,38,11.21552315235959,C2B2,365.21949375370485,401.6
96.0,39,5.079858154706141,A2B2,186.76352195265235,398.4
96.0,4,13.122655450533284,B0A0,18.392018381746766,1.6
96.0,40,1.1838097960867193,B1C1,391.46653349533426,198.4
96.0,41,12.264766566509433,B2A2,49.93733668391255,401.6
96.0,42,14.424853815575677,B0C0,371.830846036077,-1.6
96.0,43,13.318268076299326,C2C1,398.4,267.8022571811923
96.0,44,13.780743132861915,A1A0,-1.6,92.08769459178912
96.0,45,13.689635028672248,A1A0,-1.6,116.61262752344317
96.0,46,3.1684150548688437,C1B1,387.7,201.6
96.0,47,11.551544916296079,A0B0,19.85154491629608,-1.6
96.0,8,12.70174039055048,B2A2,16.521393010147136,401.6
96.0,9,10.783926620576516,A0A1,1.6,82.64981978191807
97.0,12,12.237923435517587,B1B0,198.4,157.69161754370964
97.0,14,9.874490815447645,B1B2,201.6,215.67361420613742
97.0,15,11.756214142792532,C0B0,350.5879638006412,1.6
97.0,17,12.215102416298265,C1B1,358.6673138774345,201.6
97.0,19,6.810227321903004,:B1_8,202.85311336737905,196.75518894563174
97.0,20,0.006487530869849744,C1B1,208.20184779362944,201.6
97.0,21,11.43768110520441,A1A2,1.6,242.84243749591997
97.0,22,12.712888904755003,B0B1,201.6,45.20611891643633
97.0,23,6.830734244355186,B0B1,201.6,13.0635611802826
97.0,24,10.380124355017193,B1B0,198.4,179.93795257512127
97.0,25,10.977769435565115,B1B2,201.6,239.50528580876016
97.0,26,5.730042211975535,B2B1,198.4,217.25174635096602
97.0,27,2.851540650699924,:B1_3,198.87351289772636,206.48973065341048
97.0,28,15.163070235834873,C1C0,398.4,36.73692370383807
97.0,29,4.88543929916314,B2B1,198.4,388.3520443363077
97.0,3,8.788742675080451,A1A0,-1.6,187.5497949204188
97.0,30,0.05466343048981706,C1B1,215.72498228345427,201.6
97.0,31,0.07622319916038724,C1B1,223.35317950390657,201.6
97.0,32,12.148379982501911,C0B0,219.74475700248811,1.6
97.0,33,6.003480702497274,:A1_1,-1.2672540807614125,204.87077856532989
97.0,34,12.778535209871949,A0A1,1.6,60.968729758965594
97.0,35,4.819263044099614,A2A1,-1.6,219.27003116255088
97.0,36,13.022755316824048,C2B2,311.9727745226723,401.6
97.0,37,4.066900982864245,B2B1,198.4,230.65123668574188
97.0,38,13.35143199898658,C2B2,351.86806175471827,401.6
97.0,39,5.136782070659581,A2B2,191.90030402331195,398.4
97.0,4,9.215906183495331,B0A0,9.176112198251445,1.6
97.0,40,0.330827217586235,B1C1,391.7973607129205,198.4
97.0,41,12.137163601520523,B2A2,37.800173082392035,401.6
97.0,42,14.059521308825135,B0C0,385.89036734490213,-1.6
97.0,43,13.727541052123168,C2C1,398.4,254.07471612906912
97.0,44,13.19721142463817,A1A0,-1.6,78.89048316715095
97.0,45,13.303183274774753,A1A0,-1.6,103.30944424866841
97.0,46,5.511439990605164,C1B1,382.18856000939485,201.6
97.0,47,12.083491877598389,A0B0,31.935036793894472,-1.6
97.0,48,12.180141,C2C1,398.4,391.7
97.0,8,12.795024937227502,B2A2,3.7263680729196267,401.6
97.0,9,10.818260186500833,A0A1,1.6,93.4680799684189
98.0,12,14.299403892960823,B1B0,198.4,143.39221365074883
98.0,14,11.638657527696342,B1B2,201.6,227.31227173383377
98.0,15,12.256546112514705,C0B0,338.3314176881265,1.6
98.0,17,12.918002753865817,C1B1,345.74931112356865,201.6
98.0,19,7.200668717245354,B1C1,209.60021711310918,198.4
98.0,20,0.0006276862068599144,C1B1,208.20122010742259,201.6
98.0,21,13.503518835618788,A1A2,1.6,256.3459563315388
98.0,22,12.52453650594782,B0B1,201.6,57.73065542238416
98.0,23,9.276388112263009,B0B1,201.6,22.33994929254561
98.0,24,11.022870568187676,B1B0,198.4,168.9150820069336
98.0,25,12.047008492490404,B1B2,201.6,251.55229430125056
98.0,26,2.528075969855859,B2B1,198.4,214.72367038111017
98.0,27,2.3738547691198812,:B1_17,200.79813781547492,205.99906890773744
98.0,28,15.21570886910053,C1C0,398.4,21.52121483473755
98.0,29,7.462564334971562,B2B1,198.4,380.8894800013361
98.0,3,11.150457501721124,A1A0,-1.6,176.39933741869768
98.0,30,0.017312690038975447,C1B1,215.7076695934153,201.6
98.0,31,0.09513081303196916,C1B1,223.2580486908746,201.6
98.0,32,7.846566569520334,C0B0,211.89819043296777,1.6
98.0,33,8.101859430478163,:A1_9,3.496456047033564,198.92907770756662
98.0,34,13.299314060663924,A0A1,1.6,74.26804381962953
98.0,35,6.30828457719006,A2A1,-1.6,212.96174658536083
98.0,36,12.241414584864257,C2B2,299.731359937808,401.6
98.0,37,5.030192336739139,B2B1,198.4,225.62104434900274
98.0,38,14.577621144798892,C2B2,337.29044060991936,401.6
98.0,39,2.468850945760086,:B2_12,194.0577790796496,399.3155581592992
98.0,4,5.381753978230217,B0A0,3.7943582200212234,1.6
98.0,40,0.0014359317016709584,B1C1,391.7987966446222,198.4
98.0,41,13.134859921045654,B2A2,24.665313161346376,401.6
98.0,42,10.22291197528109,B0C0,396.1132793201832,-1.6
98.0,43,13.812435455076963,C2C1,398.4,240.26228067399217
98.0,44,14.242992356237608,A1A0,-1.6,64.64749081091335
98.0,45,13.89794808668988,A1A0,-1.6,89.41149616197852
98.0,46,6.821513432850067,C1B1,375.3670465765448,201.6
98.0,47,11.42065930554334,A0B0,43.355696099437814,-1.6
98.0,48,10.919814510799185,C2C1,398.4,380.78018548920085
98.0,9,11.365180835556224,A0A1,1.6,104.83326080397514
99.0,12,14.149125694334932,B1B0,198.4,129.2430879564139
99.0,14,12.493237963983681,B1B2,201.6,239.80550969781746
99.0,15,12.215426373241142,C0B0,326.1159913148854,1.6
99.0,17,12.455082317369902,C1B1,333.29422880619876,201.6
99.0,19,9.65917424752821,B1C1,219.2593913606374,198.4
99.0,20,0.00011889772883204624,C1B1,208.20110120969375,201.6
99.0,21,13.470085158642076,A1A2,1.6,269.81604149018085
99.0,22,12.97905971298553,B0B1,201.6,70.70971513536969
99.0,23,11.145275896664895,B0B1,201.6,33.48522518921051
99.0,24,10.69797997211735,B1B0,198.4,158.21710203481626
99.0,25,11.985095268623098,B1B2,201.6,263.53738956987365
99.0,26,2.9198928428170112,B2B1,198.4,211.80377753829316
99.0,27,2.4827436239746214,B1B2,201.6,208.23892160900192
99.0,28,10.855665309818912,C1C0,398.4,10.665549524918646
99.0,29,9.811639693542116,B2B1,198.4,371.077840307794
99.0,3,13.707955037110972,A1A0,-1.6,162.6913823815867
99.0,30,0.0027427880141845597,C1B1,215.7049268054011,201.6
99.0,31,0.03223482978527813,C1B1,223.22581386108934,201.6
99.0,32,4.3750551356879726,C0B0,207.5231352972798,1.6
99.0,33,8.810258018114231,A1B1,12.268450939619552,198.4
99.0,34,12.591735949084283,A0A1,1.6,86.8597797687138
99.0,35,7.052218140450828,:A1_1,-1.4177680937419057,205.92437665619332
99.0,36,13.426282415368922,C2B2,286.3050775224391,401.6
99.0,37,2.1068462047456697,B2B1,198.4,223.51419814425708
99.0,38,14.866486094167763,C2B2,322.4239545157516,401.6
99.0,39,2.2703892310937492,:B2_12,193.4912109400765,401.1391927066157
99.0,4,2.8953279763386393,:A0_1,1.6394670137342335,2.923730903860365
99.0,40,0.0001299335996836187,B1C1,391.7989265782219,198.4
99.0,41,11.838831309110521,B2A2,12.826481852235844,401.6
99.0,42,6.039322629327558,:C0_1,401.1629118376824,0.871519729470604
99.0,43,13.291057198929236,C2C1,398.4,226.97122347506294
99.0,44,14.048530606464135,A1A0,-1.6,50.59896020444921
99.0,45,14.52852316032824,A1A0,-1.6,74.88297300165029
99.0,46,9.2301456291498,C1B1,366.13690094739496,201.6
99.0,47,11.268523712099231,A0B0,54.624219811537046,-1.6
99.0,48,11.595918220437303,C2C1,398.4,369.1842672687635
99.0,49,11.812056000000002,C2C1,398.4,391.7
99.0,9,10.864609363451585,A0A1,1.6,115.69787016742673
100.0,12,14.351604702617466,B1B0,198.4,114.89148325379641
100.0,14,12.360407879354675,B1B2,201.6,252.16591757717214
100.0,15,11.965827241881424,C0B0,314.1501640730039,1.6
100.0,17,12.466630026533181,C1B1,320.82759877966555,201.6
100.0,19,11.935182966221838,B1C1,231.19457432685923,198.4
100.0,20,0.0,C1B1,208.20110120969375,201.6
100.0,21,13.017402524385297,A1A2,1.6,282.83344401456617
100.0,22,13.19152564581111,B0B1,201.6,83.9012407811808
100.0,23,11.757764400002785,B0B1,201.6,45.242989589213295
100.0,24,10.722733497830808,B1B0,198.4,147.49436853698543
100.0,25,10.9733568454116,B1B2,201.6,274.51074641528527
100.0,26,3.3615467148987306,B2B1,198.4,208.44223082339442
100.0,27,4.995282430323661,B1B2,201.6,213.2342040393256
100.0,28,6.680220619867083,C1C0,398.4,3.985328905051574
100.0,29,11.983468109997652,B2B1,198.4,359.09437219779636
100.0,3,14.494163858298466,A1A0,-1.6,148.19721852328823
100.0,30,0.001976568624293443,C1B1,215.70295023677681,201.6
100.0,31,0.01243085859628821,C1B1,223.21338300249306,201.6
100.0,32,3.4655728339865064,:B0_10,205.96160657804023,-0.7232131560804783
100.0,33,10.553300331654585,A1B1,22.821751271274138,198.4
100.0,34,13.56784863073484,A0A1,1.6,100.42762839944866
100.0,35,6.993937152775377,:A1_9,1.6131855899545173,199.99208864602727
100.0,36,12.726104965030542,C2B2,273.5789725574086,401.6
100.0,37,3.11523534581613,B2B1,198.4,220.39896279844095
100.0,38,15.246232195778127,C2B2,307.1777223199735,401.6
100.0,39,2.2799511456252635,B2A2,191.35050465420898,401.6
100.0,4,3.1007499951562654,A0A1,1.6,6.021719751473681
100.0,40,0.0,B1C1,391.7989265782219,198.4
100.0,41,9.499053492953653,B2A2,3.3274283592821803,401.6
100.0,42,5.9931777540022955,C0C1,401.6,6.805779703513053
100.0,43,11.97352135294383,C2C1,398.4,214.9977021221191
100.0,44,14.139932876224282,A1A0,-1.6,36.45902732822492
100.0,45,14.634532683504721,A1A0,-1.6,60.248440318145555
100.0,46,11.439621603120056,C1B1,354.69727934427493,201.6
100.0,47,11.475266220436133,A0B0,66.09948603197319,-1.6
100.0,48,11.619002176581123,C2C1,398.4,357.5652650921824
100.0,49,11.508400905509616,C2C1,398.4,380.1915990944904
100.0,9,11.895772049073114,A0A1,1.6,127.59364221649983
101.0,12,13.973504478312522,B1B0,198.4,100.91797877548389
101.0,14,11.512312280897257,B1B2,201.6,263.6782298580694
101.0,15,11.607223731248313,C0B0,302.54294034175564,1.6
101.0,17,12.957666622193443,C1B1,307.86993215747214,201.6
101.0,19,13.916518261958627,B1C1,245.11109258881788,198.4
101.0,20,0.0,C1B1,208.20110120969375,201.6
101.0,21,13.644195949007452,A1A2,1.6,296.4776399635736
101.0,22,12.305475619878619,B0B1,201.6,96.20671640105942
101.0,23,11.68806226413814,B0B1,201.6,56.93105185335144
101.0,24,10.660510289856933,B1B0,198.4,136.83385824712852
101.0,25,11.181123967673756,B1B2,201.6,285.691870382959
101.0,26,4.732607481068263,:B1_2,198.89288803722783,203.74978373940516
101.0,27,7.391743427264393,B1B2,201.6,220.62594746659
101.0,28,3.2940528742247075,:C0_0,396.87057071790167,1.6100815311288108
101.0,29,12.438019624842115,B2B1,198.4,346.65635257295423
101.0,3,14.852601593001067,A1A0,-1.6,133.34461693028715
101.0,30,0.0005316434656703898,C1B1,215.70241859331114,201.6
101.0,31,0.007389147433246309,C1B1,223.2059938550598,201.6
101.0,32,3.0198467246205736,B0C0,208.69228426132725,-1.6
101.0,33,11.87087943174932,A1B1,34.69263070302346,198.4
101.0,34,12.755827425137284,A0A1,1.6,113.18345582458595
101.0,35,7.978382812219113,A1B1,9.262791520084484,198.4
101.0,36,12.274671071551136,C2B2,261.3043014858574,401.6
101.0,37,3.470237448244892,B2B1,198.4,216.92872535019606
101.0,38,15.119862308793078,C2B2,292.0578600111804,401.6
101.0,39,4.604413077779635,B2A2,186.74609157642934,401.6
101.0,4,4.865307618414126,A0A1,1.6,10.887027369887807
101.0,40,0.0,B1C1,391.7989265782219,198.4
101.0,41,4.999053492953653,:A2_0,-0.9154125634667359,399.54097906088873
101.0,42,8.448976511730486,C0C1,401.6,15.254756215243539
101.0,43,7.763097520021586,C2C1,398.4,207.23460460209753
101.0,44,13.798688908996644,A1A0,-1.6,22.66033841922828
101.0,45,14.665575683262794,A1A0,-1.6,45.58286463488275
101.0,46,12.918400395943841,C1B1,341.77887894833106,201.6
101.0,47,11.745971948389597,A0B0,77.84545798036278,-1.6
101.0,48,11.80231695470138,C2C1,398.4,345.76294813748103
101.0,49,10.923523030225324,C2C1,398.4,369.2680760642651
101.0,9,11.624251718269646,A0A1,1.6,139.21789393476948
102.0,12,13.290751991691492,B1B0,198.4,87.62722678379238
102.0,14,11.607658311520263,B1B2,201.6,275.28588816958967
102.0,15,12.048468177711264,C0B0,290.49447216404434,1.6
102.0,17,12.73469665206308,C1B1,295.135235505409,201.6
102.0,19,14.938301658359311,B1C1,260.0493942471772,198.4
102.0,20,0.0,C1B1,208.20110120969375,201.6
102.0,21,13.758905279008367,A1A2,1.6,310.236545242582
102.0,22,13.473990003858693,B0B1,201.6,109.68070640491814
102.0,23,12.193074864262021,B0B1,201.6,69.12412671761346
102.0,24,10.94439470546949,B1B0,198.4,125.88946354165901
102.0,25,11.620008834726304,B1B2,201.6,297.3118792176853
102.0,26,6.657376879871155,:B1_16,203.21070760416958,199.03357543749823
102.0,27,9.36274112843059,B1B2,201.6,229.98868859502056
102.0,28,3.578371958967745,C0B0,393.29290407185914,1.6
102.0,29,12.638024608651891,B2B1,198.4,334.01832796430233
102.0,3,14.408999801812946,A1A0,-1.6,118.93561712847422
102.0,30,0.000282539809521661,C1B1,215.70213605350162,201.6
102.0,31,0.001525309610543078,C1B1,223.20446854544926,201.6
102.0,32,5.243523418013492,B0C0,213.93580767934074,-1.6
102.0,33,13.689531623740306,A1B1,48.38216232676377,198.4
102.0,34,12.932157714684614,A0A1,1.6,126.11561353927058
102.0,35,10.01317199518662,A1B1,19.275963515271105,198.4
102.0,36,13.138969907855943,C2B2,248.16533157800149,401.6
102.0,37,4.686473089967192,B2B1,198.4,212.24225226022887
102.0,38,14.679702913246425,C2B2,277.378157097934,401.6
102.0,39,6.933603013665006,B2A2,179.81248856276432,401.6
102.0,4,7.232411608697921,A0A1,1.6,18.119438978585734
102.0,40,0.0,B1C1,391.7989265782219,198.4
102.0,41,5.603310452129162,A2A1,-1.6,394.06506441419936
102.0,42,10.085386751278907,C0C1,401.6,25.34014296652245
102.0,43,6.501525937468998,:C1_0,395.32597920897217,201.99558752538329
102.0,44,11.245064286477614,A1A0,-1.6,11.415274132750682
102.0,45,13.836748423782298,A1A0,-1.6,31.746116211100457
102.0,46,13.83942646419449,C1B1,327.9394524841366,201.6
102.0,47,11.386038219199218,A0B0,89.231496199562,-1.6
102.0,48,11.60414852620306,C2C1,398.4,334.15879961127797
102.0,49,11.238361008120837,C2C1,398.4,358.02971505614425
102.0,9,11.900094360425122,A0A1,1.6,151.1179882951946
103.0,12,14.19747556987261,B1B0,198.4,73.42975121391977
103.0,14,12.465070076948402,B1B2,201.6,287.75095824653806
103.0,15,11.917023316017957,C0B0,278.5774488480264,1.6
103.0,17,12.793348633868533,C1B1,282.3418868715405,201.6
103.0,19,15.856666514332362,B1C1,275.90606076150954,198.4
103.0,20,0.0,C1B1,208.20110120969375,201.6
103.0,21,13.418320615357414,A1A2,1.6,323.6548658579394
103.0,22,12.24506048958376,B0B1,201.6,121.92576689450189
103.0,23,12.279272978586382,B0B1,201.6,81.40339969619984
103.0,24,10.703014045093909,B1B0,198.4,115.1864494965651
103.0,25,11.220366435446904,B1B2,201.6,308.53224565313224
103.0,26,7.212351933477819,B1C1,210.3601054710228,198.4
103.0,27,11.706805606261716,B1B2,201.6,241.6954942012823
103.0,28,5.846889138312525,C0B0,387.4460149335466,1.6
103.0,29,12.132575158286624,B2B1,198.4,321.8857528060157
103.0,3,14.15890258323799,A1A0,-1.6,104.77671454523623
103.0,30,0.0,C1B1,215.70213605350162,201.6
103.0,31,0.0011855541791711546,C1B1,223.2032829912701,201.6
103.0,32,7.460872745904625,B0C0,221.39668042524536,-1.6
103.0,33,15.947635482651972,A1B1,64.32979780941575,198.4
103.0,34,13.039072847716373,A0A1,1.6,139.15468638698692
103.0,35,12.200124858168326,A1B1,31.47608837343944,198.4
103.0,36,13.19367117047529,C2B2,234.9716604075262,401.6
103.0,37,6.477716317887683,:B1_1,198.4,205.76453594234118
103.0,38,14.970515195417526,C2B2,262.40764190251645,401.6
103.0,39,8.559378901342452,B2A2,171.25310966142186,401.6
103.0,4,8.806998034489416,A0A1,1.6,26.92643701307514
103.0,40,0.0,B1C1,391.7989265782219,198.4
103.0,41,7.131545745960839,A2A1,-1.6,386.93351866823855
103.0,42,11.388250141277581,C0C1,401.6,36.72839310780004
103.0,43,5.630505783326246,C1B1,389.7325728813023,201.6
103.0,44,7.99412356446008,A1A0,-1.6,3.4211505682906136
103.0,45,10.74956946897901,A1A0,-1.6,20.99654674212144
103.0,46,13.755377861604153,C1B1,314.1840746225324,201.6
103.0,47,12.074805331618226,A0B0,101.30630153118024,-1.6
103.0,48,11.610710287878462,C2C1,398.4,322.5480893233995
103.0,49,11.00509025080143,C2C1,398.4,347.0246248053428
103.0,51,13.89,B2C2,212.29999999999998,398.4
103.0,9,11.704857969712451,A0A1,1.6,162.82284626490707
104.0,12,14.116579937739722,B1B0,198.4,59.31317127618004
104.0,14,11.350821354229604,B1B2,201.6,299.10177960076766
104.0,15,12.484617048470907,C0B0,266.0928317995555,1.6
104.0,17,12.613088595096865,C1B1,269.7287982764436,201.6
104.0,19,15.065622851726555,B1C1,290.9716836132361,198.4
104.0,20,0.0,C1B1,208.20110120969375,201.6
104.0,21,13.10551648191239,A1A2,1.6,336.76038233985184
104.0,22,12.319540366740897,B0B1,201.6,134.24530726124277
104.0,23,11.66933877425851,B0B1,201.6,93.07273847045835
104.0,24,10.421305806098275,B1B0,198.4,104.76514369046683
104.0,25,11.951540490049064,B1B2,201.6,320.4837861431813
104.0,26,9.010138400883786,B1C1,219.37024387190658,198.4
104.0,27,12.539734561317198,B1B2,201.6,254.2352287625995
104.0,28,8.204608663448578,C0B0,379.241406270098,1.6
104.0,29,11.898618130433158,B2B1,198.4,309.9871346755825
104.0,3,14.020465110558339,A1A0,-1.6,90.75624943467788
104.0,30,0.0,C1B1,215.70213605350162,201.6
104.0,31,0.00014590728343064888,C1B1,223.20313708398666,201.6
104.0,32,9.447890047421232,B0C0,230.84457047266662,-1.6
104.0,33,15.234394495868916,A1B1,79.56419230528466,198.4
104.0,34,12.773330280995792,A0A1,1.6,151.92801666798272
104.0,35,13.762489802098454,A1B1,45.23857817553789,198.4
104.0,36,13.395888539885497,C2B2,221.5757718676407,401.6
104.0,37,6.518284870027474,:B1_1,198.4,199.24625107231373
104.0,38,14.501853494514195,C2B2,247.90578840800225,401.6
104.0,39,10.316794552011006,B2A2,160.93631510941086,401.6
104.0,4,11.209245649717822,A0A1,1.6,38.13568266279297
104.0,40,0.0,B1C1,391.7989265782219,198.4
104.0,41,9.002221798554464,A2A1,-1.6,377.93129686968405
104.0,42,13.719670507324532,C0C1,401.6,50.44806361512457
104.0,43,7.701938739098861,C1B1,382.03063414220344,201.6
104.0,44,6.330863315195338,:A0_0,1.5858452764247253,-1.369406468060675
104.0,45,7.946477804673673,A1A0,-1.6,13.050068937447776
104.0,46,13.036159483788595,C1B1,301.1479151387438,201.6
104.0,47,11.469010252264962,A0B0,112.77531178344522,-1.6
104.0,48,11.276535709101879,C2C1,398.4,311.2715536142976
104.0,49,10.93074129962376,C2C1,398.4,336.093883505719
104.0,50,11.874561,A0A1,1.6,8.3
104.0,51,15.977831188023375,B2C2,228.27783118802336,398.4
104.0,9,11.844764340072855,A0A1,1.6,174.66761060497993
105.0,12,13.435714136567391,B1B0,198.4,45.87745713961266
105.0,14,11.419266679688176,B1B2,201.6,310.52104628045583
105.0,15,11.814208859267318,C0B0,254.27862294028816,1.6
105.0,17,12.45393738397202,C1B1,257.2748608924716,201.6
105.0,19,14.985650037144266,B1C1,305.9573336503804,198.4
105.0,20,0.0,C1B1,208.20110120969375,201.6
105.0,21,13.430116415746205,A1A2,1.6,350.190498755598
105.0,22,12.341257791222073,B0B1,201.6,146.58656505246483
105.0,23,11.503486230639979,B0B1,201.6,104.57622470109834
105.0,24,10.890463624407307,B1B0,198.4,93.8746800660595
105.0,25,11.16599319241488,B1B2,201.6,331.64977933559624
105.0,26,10.818904573011585,B1C1,230.18914844491817,198.4
105.0,27,13.052783098020189,B1B2,201.6,267.2880118606197
105.0,28,9.97503356644649,C0B0,369.26637270365154,1.6
105.0,29,11.743395826780022,B2B1,198.4,298.24373884880254
105.0,3,14.961167029607363,A1A0,-1.6,75.79508240507052
105.0,30,0.0,C1B1,215.70213605350162,201.6
105.0,31,0.0,C1B1,223.20313708398666,201.6
105.0,32,11.868087730784454,B0C0,242.71265820345107,-1.6
105.0,33,15.213231149227218,A1B1,94.77742345451188,198.4
105.0,34,12.578566314521149,A0A1,1.6,164.50658298250386
105.0,35,13.709163317351223,A1B1,58.94774149288912,198.4
105.0,36,9.59466237205373,C2B2,211.98110949558696,401.6
105.0,37,8.254919478362336,B1B0,198.4,190.9913315939514
105.0,38,13.511793850457456,C2B2,234.3939945575448,401.6
105.0,39,11.410198020967854,B2A2,149.52611708844302,401.6
105.0,4,13.642027566318474,A0A1,1.6,51.777710229111456
105.0,40,0.0,B1C1,391.7989265782219,198.4
105.0,41,11.127371140343538,A2A1,-1.6,366.8039257293405
105.0,42,14.9570576918261,C0C1,401.6,65.40512130695068
105.0,43,9.837373195315033,C1B1,372.1932609468884,201.6
105.0,44,5.417630626799101,A0B0,6.987343373703807,-1.6
105.0,45,6.6011081555518185,A1A0,-1.6,6.4489607818959485
105.0,46,13.474980339806585,C1B1,287.67293479893726,201.6
105.0,47,11.771306323368735,A0B0,124.54661810681392,-1.6
105.0,48,11.426985108588994,C2C1,398.4,299.8445685057086
105.0,49,11.601098971259916,C2C1,398.4,324.49278453445913
105.0,50,11.116460186023511,A0A1,1.6,19.416460186023514
105.0,51,16.148810243040607,B2C2,244.42664143106398,398.4
105.0,52,13.89,A2B2,8.3,398.4
105.0,9,10.608966717319548,A0A1,1.6,185.2765773222995
106.0,12,13.426155008203775,B1B0,198.4,32.45130213140888
106.0,14,11.923081986210855,B1B2,201.6,322.4441282666667
106.0,15,11.854494299708538,C0B0,242.42412864057962,1.6
106.0,17,12.800073729453521,C1B1,244.4747871630181,201.6
106.0,19,15.686445587858513,B1C1,321.6437792382389,198.4
106.0,20,0.0,C1B1,208.20110120969375,201.6
106.0,21,13.921609862731465,A1A2,1.6,364.11210861832944
106.0,22,12.38352576159034,B0B1,201.6,158.97009081405517
106.0,23,11.63517749702675,B0B1,201.6,116.21140219812509
106.0,24,10.872836945463673,B1B0,198.4,83.00184312059584
106.0,25,11.911108437245838,B1B2,201.6,343.5608877728421
106.0,26,12.620959140977071,B1C1,242.81010758589525,198.4
106.0,27,11.956371836824871,B1B2,201.6,279.24438369744456
106.0,28,11.37826381569959,C0B0,357.88810888795194,1.6
106.0,29,11.689280413697258,B2B1,198.4,286.55445843510523
106.0,3,14.993377097918906,A1A0,-1.6,60.80170530715162
106.0,30,0.0,C1B1,215.70213605350162,201.6
106.0,31,0.0,C1B1,223.20313708398666,201.6
106.0,32,13.121480941492015,B0C0,255.8341391449431,-1.6
106.0,33,15.508437308976287,A1B1,110.28586076348817,198.4
106.0,34,10.899042930711,A0A1,1.6,175.40562591321486
106.0,35,14.123104894172021,A1B1,73.07084638706114,198.4
106.0,36,6.210419466016479,:B2_1,205.78713572056353,401.3981622457948
106.0,37,10.285316396732723,B1B0,198.4,180.70601519721868
106.0,38,10.667950737568313,C2B2,223.7260438199765,401.6
106.0,39,11.853944602082684,B2A2,137.67217248636032,401.6
106.0,4,13.211601995212407,A0A1,1.6,64.98931222432385
106.0,40,0.0,B1C1,391.7989265782219,198.4
106.0,41,12.577847463132866,A2A1,-1.6,354.22607826620765
106.0,42,14.016870638746383,C0C1,401.6,79.42199194569706
106.0,43,11.308640037110328,C1B1,360.88462090977805,201.6
106.0,44,7.364568521131323,A0B0,14.35191189483513,-1.6
106.0,45,5.445101472533309,:A0_0,-1.2613283438275409,1.0355472397125682
106.0,46,13.5232372953585,C1B1,274.14969750357875,201.6
106.0,47,11.738079994792752,A0B0,136.28469810160666,-1.6
106.0,48,11.71114695388096,C2C1,398.4,288.1334215518276
106.0,49,10.683214236637713,C2C1,398.4,313.80957029782144
106.0,50,11.280562649959943,A0A1,1.6,30.69702283598346
106.0,51,16.074015576431812,B2C2,260.5006570074958,398.4
106.0,52,13.63358800809276,A2B2,21.933588008092762,398.4
107.0,12,11.938454517677137,B1B0,198.4,20.512847613731736
107.0,14,12.177377021148585,B1B2,201.6,334.6215052878153
107.0,15,12.295862108787194,C0B0,230.12826653179243,1.6
107.0,17,8.345696547309238,C1B1,236.12909061570886,201.6
107.0,19,15.272708797556303,B1C1,336.91648803579517,198.4
107.0,20,0.0,C1B1,208.20110120969375,201.6
107.0,21,13.902523156442376,A1A2,1.6,378.01463177477183
107.0,22,12.766180121853017,B0B1,201.6,171.73627093590818
107.0,23,11.15862727549044,B0B1,201.6,127.37002947361553
107.0,24,11.147799793283225,B1B0,198.4,71.85404332731262
107.0,25,11.210086892144881,B1B2,201.6,354.77097466498697
107.0,26,11.964329336571687,B1C1,254.77443692246692,198.4
107.0,27,12.158161663701355,B1B2,201.6,291.40254536114594
107.0,28,12.935369225705488,C0B0,344.9527396622465,1.6
107.0,29,11.820645713876717,B2B1,198.4,274.73381272122856
107.0,3,14.937852333965033,A1A0,-1.6,45.863852973186596
107.0,30,0.0,C1B1,215.70213605350162,201.6
107.0,31,0.0,C1B1,223.20313708398666,201.6
107.0,32,13.638010246980818,B0C0,269.4721493919239,-1.6
107.0,33,16.230871339216687,A1B1,126.51673210270486,198.4
107.0,34,13.05851985141722,A0A1,1.6,188.4641457646321
107.0,35,12.979321081574627,A1B1,86.05016746863576,198.4
107.0,36,7.525698216640762,:B2_9,199.6471291687409,397.8118819479015
107.0,37,12.59288844621731,B1B0,198.4,168.11312675100135
107.0,38,8.154283323719865,C2B2,215.57176049625664,401.6
107.0,39,11.979527494250997,B2A2,125.69264499210932,401.6
107.0,4,13.296096099844583,A0A1,1.6,78.28540832416844
107.0,40,0.0,B1C1,391.7989265782219,198.4
107.0,41,12.699235445827298,A2A1,-1.6,341.52684282038035
107.0,42,14.220838171681004,C0C1,401.6,93.64283011737807
107.0,43,12.812463081284678,C1B1,348.0721578284934,201.6
107.0,44,9.05527129322526,A0B0,23.407183188060394,-1.6
107.0,45,6.555916752347686,A0B0,4.212057442985036,-1.6
107.0,46,12.935626848906338,C1B1,261.21407065467235,201.6
107.0,47,11.858940969213545,A0B0,148.1436390708202,-1.6
107.0,48,11.838280025373384,C2C1,398.4,276.29514152645424
107.0,49,11.15530107925194,C2C1,398.4,302.6542692185695
107.0,50,11.382266741166138,A0A1,1.6,42.0792895771496
107.0,51,16.055154224058896,B2C2,276.5558112315547,398.4
107.0,52,13.172974353655285,A2B2,35.106562361748054,398.4
107.0,53,14.937852333965033,A1A0,-1.6,187.70000000000002
108.0,12,8.255632359640849,B1B0,198.4,12.25721525409088
108.0,14,10.986628628574211,B1B2,201.6,345.60813391638953
108.0,15,12.223711030317144,C0B0,217.9045555014753,1.6
108.0,17,4.5983497320053335,C1B1,231.53074088370352,201.6
108.0,19,15.964643648484678,B1C1,352.88113168427986,198.4
108.0,20,0.0,C1B1,208.20110120969375,201.6
108.0,21,10.717500418386479,A1A2,1.6,388.73213219315835
108.0,22,12.419440168003552,B0B1,201.6,184.15571110391173
108.0,23,11.404442698830977,B0B1,201.6,138.77447217244648
108.0,24,10.812683626568646,B1B0,198.4,61.04135970074395
108.0,25,11.542307093548715,B1B2,201.6,366.31328175853565
108.0,26,11.450536310986797,B1C1,266.22497323345374,198.4
108.0,27,11.886128797260643,B1B2,201.6,303.2886741584066
108.0,28,14.58487459390655,C0B0,330.3678650683399,1.6
108.0,29,12.477364271274553,B2B1,198.4,262.25644844995395
108.0,3,14.724942005089737,A1A0,-1.6,31.138910968096866
108.0,30,0.0,C1B1,215.70213605350162,201.6
108.0,31,0.0,C1B1,223.20313708398666,201.6
108.0,32,13.197558274142326,B0C0,282.66970766606624,-1.6
108.0,33,15.407655953294457,A1B1,141.92438805599932,198.4
108.0,34,12.597618918536352,:A1_7,1.6,201.06176468316843
108.0,35,13.671879047678404,A1B1,99.72204651631417,198.4
108.0,36,7.487601992263831,B2B1,198.4,390.55738982066595
108.0,37,14.171803284175601,B1B0,198.4,153.94132346682574
108.0,38,7.958140855491053,C2B2,207.6136196407656,401.6
108.0,39,11.856701617976851,B2A2,113.83594337413247,401.6
108.0,4,13.5583998883389,A0A1,1.6,91.84380821250734
108.0,40,0.0,B1C1,391.7989265782219,198.4
108.0,41,12.664103546699561,A2A1,-1.6,328.8627392736808
108.0,42,14.396950924624305,C0C1,401.6,108.03978104200237
108.0,43,14.20705378555377,C1B1,333.8651040429396,201.6
108.0,44,10.87711300971222,A0B0,34.28429619777261,-1.6
108.0,45,8.269478715684228,A0B0,12.481536158669265,-1.6
108.0,46,11.183148216937235,C1B1,250.03092243773514,201.6
108.0,47,11.730851545363366,A0B0,159.87449061618358,-1.6
108.0,48,11.11784956645424,C2C1,398.4,265.17729196000005
108.0,49,11.192101376881027,C2C1,398.4,291.4621678416884
108.0,50,10.957151175792575,A0A1,1.6,53.03644075294218
108.0,51,15.63662585363938,B2C2,292.19243708519406,398.4
108.0,52,13.662123504443137,A2B2,48.76868586619119,398.4
108.0,53,14.808022543361867,A1A0,-1.6,172.89197745663813
109.0,12,3.8914003862432924,B1B0,198.4,8.365814867847575
109.0,14,11.405436432123155,B1B2,201.6,357.0135703485127
109.0,17,0.5528525496623953,C1B1,230.97788833404113,201.6
109.0,19,14.52352043787371,B1C1,367.4046521221536,198.4
109.0,20,0.0,C1B1,208.20110120969375,201.6
109.0,21,7.7697581102457605,A1A2,1.6,396.5018903034041
109.0,22,13.242234329833648,:B1_9,201.6,197.39794543374538
109.0,23,12.27845104846289,B0B1,201.6,151.05292322090938
109.0,24,10.955129417499297,B1B0,198.4,50.086230283244646
109.0,25,11.274613602338485,B1B2,201.6,377.58789536087414
109.0,26,11.693866527650686,B1C1,277.91883976110444,198.4
109.0,27,12.97027733930812,B1B2,201.6,316.2589514977147
109.0,28,14.632753813839933,C0B0,315.73511125449994,1.6
109.0,29,12.885673008114816,B2B1,198.4,249.37077544183916
109.0,3,14.193248185831376,A1A0,-1.6,16.945662782265487
109.0,30,0.0,C1B1,215.70213605350162,201.6
109.0,31,0.0,C1B1,223.20313708398666,201.6
109.0,32,13.597170503203639,B0C0,296.2668781692699,-1.6
109.0,33,15.134204393164115,A1B1,157.05859244916343,198.4
109.0,34,12.813775446890974,A1A2,1.6,213.8755401300594
109.0,35,12.977725548401096,A1B1,112.69977206471529,198.4
109.0,36,10.076487871361337,B2B1,198.4,380.48090194930455
109.0,37,16.351525246975193,B1B0,198.4,137.58979821985054
109.0,38,7.480731489291612,:B2_9,200.63045297852446,399.41827178711463
109.0,39,11.281849175375156,B2A2,102.55409419875731,401.6
109.0,4,13.646286767885469,A0A1,1.6,105.49009498039284
109.0,40,0.0,B1C1,391.7989265782219,198.4
109.0,41,12.225989964472182,A2A1,-1.6,316.63674930920865
109.0,42,14.639159345342392,C0C1,401.6,122.6789403873448
109.0,43,13.510008181041675,C1B1,320.35509586189795,201.6
109.0,44,12.25734466822122,A0B0,46.54164086599384,-1.6
109.0,45,10.334887148028201,A0B0,22.816423306697466,-1.6
109.0,46,7.445476546821367,C1B1,242.58544589091377,201.6
109.0,47,12.446872004160358,A0B0,172.32136262034393,-1.6
109.0,48,11.096362135668457,C2C1,398.4,254.08092982433155
109.0,49,11.382714016786913,C2C1,398.4,280.0794538249015
109.0,50,10.673881671521126,A0A1,1.6,63.710322424463314
109.0,51,15.285683768980489,B2C2,307.47812085417456,398.4
109.0,52,13.552082772412382,A2B2,62.32076863860358,398.4
109.0,53,15.025204019497606,A1A0,-1.6,157.86677343714052
109.0,54,13.89,B1A1,187.70000000000002,201.6
110.0,12,0.09002426134356392,B1B0,198.4,8.275790606504017
110.0,14,11.495229004814933,B1B2,201.6,368.5087993533276
110.0,17,0.1664786064495874,C1B1,230.81140972759152,201.6
110.0,19,10.02352043787371,B1C1,377.4281725600273,198.4
110.0,20,0.0,C1B1,208.20110120969375,201.6
110.0,21,3.5085861089487747,A2B2,3.830476412352847,398.4
110.0,22,12.661399785593153,B1B2,201.6,210.0593452193385
110.0,23,11.570115095583029,B0B1,201.6,162.6230383164924
110.0,24,10.898420589092888,B1B0,198.4,39.18780969415175
110.0,25,9.033298218240922,B1B2,201.6,386.6211935791151
110.0,26,12.103166731039243,B1C1,290.02200649214365,198.4
110.0,27,12.054642846453532,B1B2,201.6,328.3135943441682
110.0,28,14.861175302686586,C0B0,300.87393595181334,1.6
110.0,29,11.72315890260578,B2B1,198.4,237.64761653923338
110.0,30,0.0,C1B1,215.70213605350162,201.6
110.0,31,0.0,C1B1,223.20313708398666,201.6
110.0,32,13.927658928277785,B0C0,310.19453709754765,-1.6
110.0,33,14.453305189576616,A1B1,171.51189763874004,198.4
110.0,34,13.243717768016392,A1A2,1.6,227.11925789807577
110.0,35,13.243986140551598,A1B1,125.94375820526687,198.4
110.0,36,12.308670745635776,B2B1,198.4,368.1722312036688
110.0,37,15.74852877747658,B1B0,198.4,121.84126944237397
110.0,38,8.61517908862941,B2B1,198.4,391.3177090628446
110.0,39,11.969115748871317,B2A2,90.58497844988597,401.6
110.0,4,14.073451500876255,A0A1,1.6,119.56354648126909
110.0,40,0.0,B1C1,391.7989265782219,198.4
110.0,41,12.594291811979428,A2A1,-1.6,304.0424574972292
110.0,42,14.262127404096152,C0C1,401.6,136.94106779144093
110.0,43,13.632072467023143,C1B1,306.7230233948748,201.6
110.0,44,13.957375712091688,A0B0,60.499016578085545,-1.6
110.0,45,12.260521794676743,A0B0,35.076945101374214,-1.6
110.0,46,4.008105371266065,C1B1,238.57734051964772,201.6
110.0,47,11.756338417405896,A0B0,184.07770103774982,-1.6
110.0,48,11.811255153843375,C2C1,398.4,242.26967467048817
110.0,49,10.83775625494788,C2C1,398.4,269.24169756995366
110.0,50,10.618631954853669,A0A1,1.6,74.32895437931698
110.0,51,15.26964401469315,B2C2,322.74776486886776,398.4
110.0,52,13.907755423289768,A2B2,76.22852406189335,398.4
110.0,53,14.399075034928964,A1A0,-1.6,143.46769840221157
110.0,54,13.151489527549737,B1A1,174.54851047245026,201.6
111.0,12,0.03768988840261479,B1B0,198.4,8.238100718101407
111.0,14,8.981767039586162,B1B2,201.6,377.4905663929138
111.0,17,0.07794875256207742,C1B1,230.73346097502946,201.6
111.0,19,5.52352043787371,B1C1,382.951692997901,198.4
111.0,20,0.0,C1B1,208.20110120969375,201.6
111.0,21,6.04258788380187,A2B2,9.873064296154718,398.4
111.0,22,12.604285987001843,B1B2,201.6,222.66363120634037
111.0,23,12.280668301457776,B0B1,201.6,174.90370661795018
111.0,24,10.492313624384582,B1B0,198.4,28.69549606976716
111.0,25,4.5332982182409225,B1B2,201.6,391.154491797356
111.0,26,11.552819768932828,B1C1,301.5748262610765,198.4
111.0,27,12.147103121475846,B1B2,201.6,340.4606974656441
111.0,28,15.179235671870828,C0B0,285.69470027994254,1.6
111.0,29,11.912708219467447,B2B1,198.4,225.73490831976594
111.0,30,0.0,C1B1,215.70213605350162,201.6
111.0,31,0.0,C1B1,223.20313708398666,201.6
111.0,32,13.627648342981816,B0C0,323.8221854405295,-1.6
111.0,33,9.984990108875865,A1B1,181.49688774761592,198.4
111.0,34,13.51323779977032,A1A2,1.6,240.6324956978461
111.0,35,13.524581296240532,A1B1,139.4683395015074,198.4
111.0,36,12.946400802389114,B2B1,198.4,355.22583040127967
111.0,37,15.635539647814998,B1B0,198.4,106.20572979455898
111.0,38,10.583015655457602,B2B1,198.4,380.734693407387
111.0,39,11.997485479279622,B2A2,78.58749297060636,401.6
111.0,4,13.907303920994893,A0A1,1.6,133.47085040226398
111.0,40,0.0,B1C1,391.7989265782219,198.4
111.0,41,12.135431399017625,A2A1,-1.6,291.9070260982116
111.0,42,14.598450739723246,C0C1,401.6,151.53951853116416
111.0,43,13.75080979824216,C1B1,292.9722135966326,201.6
111.0,44,13.455832264506842,A0B0,73.95484884259238,-1.6
111.0,45,13.727548162483572,A0B0,48.804493263857786,-1.6
111.0,46,0.26081646398873704,C1B1,238.316524055659,201.6
111.0,47,11.805480691806114,:B0_6,195.88318172955593,-1.6
111.0,48,10.968305352206514,C2C1,398.4,231.30136931828164
111.0,49,10.657921817018787,C2C1,398.4,258.58377575293486
111.0,50,11.18754464768736,A0A1,1.6,85.51649902700434
111.0,51,15.523640062839076,B2C2,338.2714049317068,398.4
111.0,52,13.062193283088549,A2B2,89.2907173449819,398.4
111.0,53,14.245275197264265,A1A0,-1.6,129.2224232049473
111.0,54,13.398231541042358,B1A1,161.1502789314079,201.6
111.0,55,13.83444,C1C2,401.6,212.29999999999998
112.0,12,0.03062116781794673,B1B0,198.4,8.207479550283466
112.0,14,5.04353144426441,B1B2,201.6,382.53409783717825
112.0,17,0.024408106620307596,C1B1,230.70905286840915,201.6
112.0,19,1.0235204378737102,B1C1,383.9752134357747,198.4
112.0,20,0.0,C1B1,208.20110120969375,201.6
112.0,21,7.407095589333884,A2B2,17.280159885488608,398.4
112.0,22,12.904265539139509,B1B2,201.6,235.56789674547986
112.0,23,11.333244391547701,B0B1,201.6,186.2369510094979
112.0,24,7.908296674984838,B1B0,198.4,20.787199394782334
112.0,25,0.5541089844535332,B1B2,201.6,391.70860078180954
112.0,26,11.66237663243636,B1C1,313.23720289351286,198.4
112.0,27,12.782971941837639,B1B2,201.6,353.2436694074817
112.0,28,15.41701231313911,C0B0,270.2776879668034,1.6
112.0,29,12.51431486245782,B2B1,198.4,213.22059345730813
112.0,30,0.0,C1B1,215.70213605350162,201.6
112.0,31,0.0,C1B1,223.20313708398666,201.6
112.0,32,13.35298612555384,B0C0,337.17517156608335,-1.6
112.0,33,6.920609582787216,A1B1,188.41749733040314,198.4
112.0,34,13.36183377441124,A1A2,1.6,253.99432947225733
112.0,35,13.977940016460225,A1B1,153.4462795179676,198.4
112.0,36,13.05963972554761,B2B1,198.4,342.1661906757321
112.0,37,15.171953628951863,B1B0,198.4,91.03377616560711
112.0,38,12.08002007234525,B2B1,198.4,368.65467333504176
112.0,39,11.584439835078284,B2A2,67.00305313552808,401.6
112.0,4,14.26853366319687,A0A1,1.6,147.73938406546085
112.0,40,0.0,B1C1,391.7989265782219,198.4
112.0,41,12.96410991990292,A2A1,-1.6,278.9429161783087
112.0,42,14.17960722571666,C0C1,401.6,165.71912575688083
112.0,43,14.289740495958002,C1B1,278.68247310067466,201.6
112.0,44,13.59350159902091,A0B0,87.5483504416133,-1.6
112.0,45,14.348384256240518,A0B0,63.152877520098315,-1.6
112.0,46,0.05016483915241642,C1B1,238.26635921650657,201.6
112.0,47,12.225793501214756,B0C0,208.10897523077065,-1.6
112.0,48,11.269906161671676,C2C1,398.4,220.03146315660996
112.0,49,11.41740797844729,C2C1,398.4,247.16636777448755
112.0,50,10.882194706228807,A0A1,1.6,96.39869373323315
112.0,51,15.74246697769715,B2C2,354.013871909404,398.4
112.0,52,14.098044014465108,A2B2,103.388761359447,398.4
112.0,53,13.941554307441685,A1A0,-1.6,115.28086889750561
112.0,54,13.444540681017706,B1A1,147.7057382503902,201.6
112.0,55,13.82255629805714,C1C2,401.6,226.12255629805713
113.0,12,0.005669907604810919,B1B0,198.4,8.201809642678654
113.0,14,1.620507158567794,B1B2,201.6,384.154604995746
113.0,17,0.003030980873546047,C1B1,230.7060218875356,201.6
113.0,19,0.21826104685106854,B1C1,384.1934744826258,198.4
113.0,20,0.0,C1B1,208.20110120969375,201.6
113.0,21,9.47346931307923,A2B2,26.753629198567836,398.4
113.0,22,12.836573009729385,B1B2,201.6,248.40446975520925
113.0,23,6.8332443915477015,:B1_10,201.56184478239717,193.06708652321976
113.0,24,3.7909366571657404,B1B0,198.4,16.996262737616604
113.0,25,0.07074413050701772,B1B2,201.6,391.77934491231656
113.0,26,11.971199960016826,B1C1,325.2084028535297,198.4
113.0,27,11.794936093225642,B1B2,201.6,365.0386055007074
113.0,28,14.795194550943977,C0B0,255.48249341585944,1.6
113.0,29,12.370840599644714,:B1_1,198.4,200.84975285766342
113.0,30,0.0,C1B1,215.70213605350162,201.6
113.0,31,0.0,C1B1,223.20313708398666,201.6
113.0,32,13.436353838954934,B0C0,350.61152540503826,-1.6
113.0,33,2.7120418788761063,A1B1,191.12953920927924,198.4
113.0,34,13.773277566089416,A1A2,1.6,267.7676070383468
113.0,35,13.893756664438726,A1B1,167.34003618240635,198.4
113.0,36,12.680776239249251,B2B1,198.4,329.4854144364828
113.0,37,15.39460902756005,B1B0,198.4,75.63916713804704
113.0,38,14.018372549130635,B2B1,198.4,354.6363007859111
113.0,39,11.626446601222469,B2A2,55.37660653430561,401.6
113.0,4,13.084121903708585,A0A1,1.6,160.82350596916945
113.0,40,0.0,B1C1,391.7989265782219,198.4
113.0,41,12.991907270632737,A2A1,-1.6,265.95100890767594
113.0,42,14.432370347198646,C0C1,401.6,180.15149610407948
113.0,43,13.228285150687778,C1B1,265.4541879499868,201.6
113.0,44,13.511039680759074,A0B0,101.05939012237238,-1.6
113.0,45,13.299741795287698,A0B0,76.45261931538602,-1.6
113.0,46,0.0366983591191358,C1B1,238.22966085738744,201.6
113.0,47,12.099444360208398,B0C0,220.20841959097908,-1.6
113.0,48,9.535335663502156,C2C1,398.4,210.4961274931078
113.0,49,11.057990008434416,C2C1,398.4,236.10837776605314
113.0,50,10.8926408772024,A0A1,1.6,107.29133461043556
113.0,51,16.040102945237706,B2C2,370.05397485464164,398.4
113.0,52,13.676595235824628,A2B2,117.06535659527164,398.4
113.0,53,14.403623483835245,A1A0,-1.6,100.87724541367037
113.0,54,12.707003982368068,B1A1,134.99873426802213,201.6
113.0,55,13.3970189223006,C1C2,401.6,239.51957522035772
113.0,56,6.58069009800746,B1B2,201.6,212.29999999999998
114.0,12,0.0005128396409004271,B1B0,198.4,8.201296803037764
114.0,14,0.06481861273026887,B1B2,201.6,384.2194236084763
114.0,17,0.0016511473463292291,C1B1,230.70437074018926,201.6
114.0,19,0.08967486079296622,B1C1,384.28314934341876,198.4
114.0,20,0.0,C1B1,208.20110120969375,201.6
114.0,21,11.16491199027162,A2B2,37.91854118883946,398.4
114.0,22,13.337066273299046,B1B2,201.6,261.74153602850834
114.0,23,3.2051578246531114,:B1_10,201.1092334730345,196.23536568875855
114.0,24,0.7598160197075375,B1B0,198.4,16.236446717909075
114.0,25,0.014590788037974603,B1B2,201.6,391.7939357003545
114.0,26,12.103052016289153,B1C1,337.3114548698188,198.4
114.0,27,7.565381418011103,B1B2,201.6,372.6039869187184
114.0,28,15.692767771091729,C0B0,239.7897256447677,1.6
114.0,29,12.165764952498273,B1B0,198.4,188.68398790516517
114.0,30,0.0,C1B1,215.70213605350162,201.6
114.0,31,0.0,C1B1,223.20313708398666,201.6
114.0,32,13.95057876657124,B0C0,364.56210417160946,-1.6
114.0,33,0.49002192280890083,A1B1,191.61956113208814,198.4
114.0,34,13.304101679307529,A1A2,1.6,281.0717087176543
114.0,35,9.393756664438726,A1B1,176.7337928468451,198.4
114.0,36,12.595552602961986,B2B1,198.4,316.88986183352085
114.0,37,16.174367819697775,B1B0,198.4,59.464799318349264
114.0,38,12.905302883908744,B2B1,198.4,341.73099790200234
114.0,39,11.614567559035695,B2A2,43.76203897526992,401.6
114.0,4,14.244785004273437,A0A1,1.6,175.06829097344288
114.0,40,0.0,B1C1,391.7989265782219,198.4
114.0,41,12.065306701215968,A2A1,-1.6,253.88570220645994
114.0,42,14.793085260358254,:C1_3,401.6,194.94458136443774
114.0,43,11.015705660713868,C1B1,254.43848228927297,201.6
114.0,44,13.985241229952896,A0B0,115.04463135232527,-1.6
114.0,45,14.236819399004649,A0B0,90.68943871439066,-1.6
114.0,46,0.016785301619221912,C1B1,238.21287555576822,201.6
114.0,47,12.399515593160576,B0C0,232.60793518413965,-1.6
114.0,48,5.241441912489064,:C1_0,398.1248479236736,205.27393546571525
114.0,49,10.54076221867478,C2C1,398.4,225.56761554737835
114.0,50,11.09690005729372,A0A1,1.6,118.38823466772926
114.0,51,13.41028651929185,B2C2,383.4642613739335,398.4
114.0,52,13.274531071259684,A2B2,130.33988766653133,398.4
114.0,53,15.035088094340162,A1A0,-1.6,85.8421573193302
114.0,54,13.64666422512676,B1A1,121.35207004289538,201.6
114.0,55,13.035294397844524,C1C2,401.6,252.55486961820225
114.0,56,8.819590068644164,B1B2,201.6,221.11959006864416
115.0,12,0.00023222109000156074,B1B0,198.4,8.201064581947776
115.0,14,0.057420618911173255,B1B2,201.6,384.27684422738747
115.0,17,0.00020366178711545994,C1B1,230.70416707840215,201.6
115.0,19,0.007396417239861058,B1C1,384.29054576065863,198.4
115.0,20,0.0,C1B1,208.20110120969375,201.6
115.0,21,12.964812513798213,A2B2,50.88335370263767,398.4
115.0,22,12.75675845311582,B1B2,201.6,274.49829448162416
115.0,23,4.630821747240521,:B1_20,198.53962150762885,199.9162270954227
115.0,24,0.3433237565801429,B1B0,198.4,15.893122961328942
115.0,25,0.004252002220398089,B1B2,201.6,391.7981877025749
115.0,26,12.360734280489565,B1C1,349.67218915030844,198.4
115.0,27,3.0653814180111034,B1B2,201.6,375.6693683367296
115.0,28,15.463706738213494,C0B0,224.32601890655422,1.6
115.0,29,11.912864261517086,B1B0,198.4,176.77112364364808
115.0,30,0.0,C1B1,215.70213605350162,201.6
115.0,31,0.0,C1B1,223.20313708398666,201.6
115.0,32,12.69947461448505,B0C0,377.26157878609456,-1.6
115.0,33,0.1230079434176559,A1B1,191.7425690755058,198.4
115.0,34,13.770938538337248,A1A2,1.6,294.84264725599155
115.0,35,4.893756664438726,A1B1,181.62754951128383,198.4
115.0,36,12.839557334075078,B2B1,198.4,304.05030449944576
115.0,37,15.649761463116807,B1B0,198.4,43.81503785523245
115.0,38,13.615551587511844,B2B1,198.4,328.1154463144905
115.0,39,12.480540485433503,B2A2,31.281498489836423,401.6
115.0,4,13.55955864028205,A0A1,1.6,188.62784961372495
115.0,40,0.0,B1C1,391.7989265782219,198.4
115.0,41,12.579172639346734,A2A1,-1.6,241.30652956711322
115.0,42,15.073932041059795,C1C2,401.6,210.01851340549752
115.0,43,6.515705660713868,C1B1,247.9227766285591,201.6
115.0,44,13.546987813273097,A0B0,128.59161916559836,-1.6
115.0,45,14.106088167357289,A0B0,104.79552688174796,-1.6
115.0,46,0.0064846269115887015,C1B1,238.20639092885662,201.6
115.0,47,12.372726009196302,B0C0,244.98066119333595,-1.6
115.0,48,4.464435016113385,:C1_0,395.3750113842561,202.02500683055365
115.0,49,8.521492863454167,C2C1,398.4,217.04612268392418
115.0,50,11.334544227099292,A0A1,1.6,129.72277889482856
115.0,51,8.91028651929185,B2C2,392.3745478932253,398.4
115.0,52,13.908992875622628,A2B2,144.24888054215393,398.4
115.0,53,14.413753417336839,A1A0,-1.6,71.42840390199335
115.0,54,13.717280282176242,B1A1,107.63478976071913,201.6
115.0,55,12.709574414527566,C1C2,401.6,265.26444403272984
115.0,56,10.498329720146273,B1B2,201.6,231.61791978879043
116.0,12,0.0,B1B0,198.4,8.201064581947776
116.0,14,0.010322204228189719,B1B2,201.6,384.2871664316157
116.0,17,0.0,C1B1,230.70416707840215,201.6
116.0,19,0.006156518089375111,B1C1,384.296702278748,198.4
116.0,20,0.0,C1B1,208.20110120969375,201.6
116.0,21,12.894251104142212,A2B2,63.77760480677989,398.4
116.0,22,12.270379433036782,B1B2,201.6,286.7686739146609
116.0,23,7.038965017644874,B1A1,191.85486000941592,201.6
116.0,24,0.16376673721179053,B1B0,198.4,15.72935622411714
116.0,25,0.00044673531917056966,B1B2,201.6,391.79863443789407
116.0,26,12.197557934524673,B1C1,361.8697470848331,198.4
116.0,27,0.7397424824485269,B1B2,201.6,376.40911081917807
116.0,28,15.217726974250233,C0B0,209.10829193230398,1.6
116.0,29,12.756661425648042,B1B0,198.4,164.01446221800003
116.0,30,0.0,C1B1,215.70213605350162,201.6
116.0,31,0.0,C1B1,223.20313708398666,201.6
116.0,32,11.804610272473266,B0C0,389.06618905856783,-1.6
116.0,33,0.0394815083302571,A1B1,191.78205058383605,198.4
116.0,34,13.248869350385974,A1A2,1.6,308.0915166063775
116.0,35,2.5183409955905565,A1B1,184.1458905068744,198.4
116.0,36,13.23225177672445,B2B1,198.4,290.8180527227213
116.0,37,11.149761463116807,B1B0,198.4,32.66527639211563
116.0,38,13.383092114461014,B2B1,198.4,314.7323542000295
116.0,39,11.584455494219638,B2A2,19.697042995616783,401.6
116.0,40,0.0,B1C1,391.7989265782219,198.4
116.0,41,12.49614963893132,A2A1,-1.6,228.8103799281819
116.0,42,14.22835337211805,C1C2,401.6,224.24686677761557
116.0,43,2.0781450753295796,C1B1,245.8446315532295,201.6
116.0,44,14.05431014234631,A0B0,142.64592930794467,-1.6
116.0,45,14.191718765976542,A0B0,118.9872456477245,-1.6
116.0,46,0.0009063889302874769,C1B1,238.20548453992635,201.6
116.0,47,12.236911935002244,B0C0,257.2175731283382,-1.6
116.0,48,5.08811611442925,C1B1,390.3321344500761,201.6
116.0,49,6.082472754288716,C2C1,398.4,210.96364992963547
116.0,50,11.585922276870594,A0A1,1.6,141.30870117169914
116.0,51,4.41028651929185,B2C2,396.78483441251717,398.4
116.0,52,12.963727056467018,A2B2,157.21260759862093,398.4
116.0,53,14.40347846508258,A1A0,-1.6,57.02492543691076
116.0,54,13.5114971539035,B1A1,94.12329260681561,201.6
116.0,55,12.742452445177884,C1C2,401.6,278.00689647790773
116.0,56,11.74688338976829,B1B2,201.6,243.36480317855873
117.0,12,0.0,B1B0,198.4,8.201064581947776
117.0,14,0.007404783056406584,B1B2,201.6,384.2945712146721
117.0,17,0.0,C1B1,230.70416707840215,201.6
117.0,19,0.0011768087208147199,B1C1,384.2978790874688,198.4
117.0,20,0.0,C1B1,208.20110120969375,201.6
117.0,21,13.956610824680583,A2B2,77.73421563146049,398.4
117.0,22,13.515639306931757,B1B2,201.6,300.2843132215927
117.0,23,8.356123670626618,B1A1,183.4987363387893,201.6
117.0,24,0.02568939242493219,B1B0,198.4,15.703666831692203
117.0,25,0.0002955231350026645,B1B2,201.6,391.7989299610291
117.0,26,8.402440814318906,B1C1,370.27218789915196,198.4
117.0,27,0.34389921892089026,B1B2,201.6,376.753010038099
117.0,29,12.839551228169137,B1B0,198.4,151.1749109898309
117.0,30,0.0,C1B1,215.70213605350162,201.6
117.0,31,0.0,C1B1,223.20313708398666,201.6
117.0,32,7.3046102724732656,B0C0,396.3707993310411,-1.6
117.0,33,0.012718011048305895,A1B1,191.79476859488435,198.4
117.0,34,13.088208045643874,A1A2,1.6,321.1797246520214
117.0,35,0.0770117703220177,A1B1,184.22290227719643,198.4
117.0,36,13.252506139797486,B2B1,198.4,277.5655465829238
117.0,37,6.649761463116807,B1B0,198.4,26.01551492899881
117.0,38,13.068500060830615,B2B1,198.4,301.66385413919886
117.0,39,9.467365123364143,B2A2,10.229677872252637,401.6
117.0,40,0.0,B1C1,391.7989265782219,198.4
117.0,41,11.872773488642036,A2A1,-1.6,216.93760643953988
117.0,42,14.575393479335668,C1C2,401.6,238.82226025695124
117.0,43,0.13006363306400992,C1B1,245.7145679201655,201.6
117.0,44,13.358182526733378,A0B0,156.00411183467804,-1.6
117.0,45,14.524551330239904,A0B0,133.5117969779644,-1.6
117.0,46,0.0002731946249742731,C1B1,238.20521134530136,201.6
117.0,47,11.592344777464568,B0C0,268.80991790580276,-1.6
117.0,48,7.6446005713251015,C1B1,382.687533878751,201.6
117.0,49,7.835309555190866,:C1_1,398.4,203.1283403744446
117.0,50,10.849211648701935,A0A1,1.6,152.15791282040107
117.0,51,4.0793381688762835,C2C1,398.4,395.31582741860655
117.0,52,13.106362786864905,A2B2,170.31897038548584,398.4
117.0,53,14.845421370391259,A1A0,-1.6,42.17950406651951
117.0,54,13.599235680679003,B1A1,80.52405692613662,201.6
117.0,55,13.538737971981579,C1C2,401.6,291.5456344498893
117.0,56,11.567521399650822,B1B2,201.6,254.93232457820955
117.0,57,14.057065725658624,C1C2,401.6,212.29999999999998
117.0,58,13.89,B0A0,187.70000000000002,1.6
118.0,12,0.0,B1B0,198.4,8.201064581947776
118.0,14,0.002507688478031613,B1B2,201.6,384.2970789031501
118.0,17,0.0,C1B1,230.70416707840215,201.6
118.0,19,0.0,B1C1,384.2978790874688,198.4
118.0,20,0.0,C1B1,208.20110120969375,201.6
118.0,21,13.588409392419898,A2B2,91.32262502388039,398.4
118.0,22,12.537900024443864,B1B2,201.6,312.82221324603654
118.0,23,9.91555422415789,B1A1,173.5831821146314,201.6
118.0,24,0.0011336937308786938,B1B0,198.4,15.702533137961325
118.0,25,0.0,B1B2,201.6,391.7989299610291
118.0,26,4.50166665116793,B1C1,374.7738545503199,198.4
118.0,27,0.024491633464128238,B1B2,201.6,376.7775016715631
118.0,29,12.275293458533257,B1B0,198.4,138.89961753129762
118.0,30,0.0,C1B1,215.70213605350162,201.6
118.0,31,0.0,C1B1,223.20313708398666,201.6
118.0,32,5.951646881972053,:C0_1,401.2503096717613,1.0171827862687741
118.0,33,0.0027904333936105046,A1B1,191.79755902827796,198.4
118.0,34,13.439920527065293,A1A2,1.6,334.6196451790867
118.0,35,0.04915766424134166,A1B1,184.27205994143776,198.4
118.0,36,12.893165074677533,B2B1,198.4,264.67238150824625
118.0,37,2.157448747883483,B1B0,198.4,23.858066181115333
118.0,38,13.19621262613183,B2B1,198.4,288.46764151306706
118.0,39,5.926741141299715,B2A2,4.302936730952922,401.6
118.0,40,0.0,B1C1,391.7989265782219,198.4
118.0,41,8.670408349000446,A2A1,-1.6,208.26719809053944
118.0,42,14.218446025433565,C1C2,401.6,253.0407062823848
118.0,43,0.00598292587277144,C1B1,245.70858499429275,201.6
118.0,44,13.606039266176174,A0B0,169.6101511008542,-1.6
118.0,45,13.17902079659171,A0B0,146.6908177745561,-1.6
118.0,46,0.0,C1B1,238.20521134530136,201.6
118.0,47,11.268913348826281,B0C0,280.07883125462905,-1.6
118.0,48,9.355821969901264,C1B1,373.33171190884974,201.6
118.0,49,10.17489713551036,:C1_1,398.4,192.95344323893426
118.0,50,11.261490066106678,A0A1,1.6,163.41940288650775
118.0,51,5.533721987634935,C2C1,398.4,389.78210543097157
118.0,52,13.471781638886995,A2B2,183.79075202437284,398.4
118.0,53,14.623690731024826,A1A0,-1.6,27.55581333549469
118.0,54,13.10066911592442,B1A1,67.42338781021219,201.6
118.0,55,12.615855644870141,C1C2,401.6,304.1614900947594
118.0,56,12.270686201304295,B1B2,201.6,267.2030107795139
118.0,57,15.609435372202725,C1C2,401.6,227.90943537220272
118.0,58,13.064562008818143,B0A0,174.63543799118187,1.6
119.0,12,0.0,B1B0,198.4,8.201064581947776
119.0,14,0.00047108848107812703,B1B2,201.6,384.2975499916312
119.0,17,0.0,C1B1,230.70416707840215,201.6
119.0,19,0.0,B1C1,384.2978790874688,198.4
119.0,20,0.0,C1B1,208.20110120969375,201.6
119.0,21,12.74815352365903,A2B2,104.07077854753943,398.4
119.0,22,12.355290219142102,B1B2,201.6,325.17750346517863
119.0,23,12.131599027590132,B1A1,161.45158308704129,201.6
119.0,24,0.00035210290229557937,B1B0,198.4,15.702181035059027
119.0,25,0.0,B1B2,201.6,391.7989299610291
119.0,26,1.776619594909655,B1C1,376.5504741452296,198.4
119.0,27,0.012527868592325107,B1B2,201.6,376.7900295401554
119.0,29,12.51568909580891,B1B0,198.4,126.38392843548873
119.0,30,0.0,C1B1,215.70213605350162,201.6
119.0,31,0.0,C1B1,223.20313708398666,201.6
119.0,32,6.070518368461713,C0C1,401.6,7.052964581474839
119.0,33,0.0007870880736088263,A1B1,191.79834611635158,198.4
119.0,34,13.57591385824711,A1A2,1.6,348.19555903733385
119.0,35,0.023859593016462698,A1B1,184.2959195344542,198.4
119.0,36,13.159069558249183,B2B1,198.4,251.51331194999707
119.0,37,0.3570162244075406,B1B0,198.4,23.50104995670779
119.0,38,13.508499449198418,B2B1,198.4,274.9591420638686
119.0,39,5.092786680582866,:A2_0,-0.46167194461632755,400.2972134256394
119.0,40,0.0,B1C1,391.7989265782219,198.4
119.0,41,4.170408349000446,:A1_1,-1.1617850554795193,204.13249538835663
119.0,42,14.150949279027605,C1C2,401.6,267.1916555614124
119.0,43,0.0012051560467944088,C1B1,245.70737983824594,201.6
119.0,44,13.26049071131705,A0B0,182.87064181217127,-1.6
119.0,45,13.985794847751544,A0B0,160.67661262230766,-1.6
119.0,46,0.0,C1B1,238.20521134530136,201.6
119.0,47,12.449778654372022,B0C0,292.52860990900103,-1.6
119.0,48,11.429633612051658,C1B1,361.9020782967981,201.6
119.0,49,11.730024519101853,C1C0,398.4,181.2234187198324
119.0,50,10.731123370806932,A0A1,1.6,174.15052625731468
119.0,51,7.01147593300514,C2C1,398.4,382.77062949796647
119.0,52,8.971781638886995,A2B2,192.76253366325983,398.4
119.0,53,13.445490795633571,A1A0,-1.6,14.11032253986113
119.0,54,13.034434213608646,B1A1,54.38895359660356,201.6
119.0,55,13.224733814986944,C1C2,401.6,317.3862239097464
119.0,56,11.801460148971627,B1B2,201.6,279.0044709284855
119.0,57,14.626939509575442,C1C2,401.6,242.53637488177816
119.0,58,13.764454394983591,B0A0,160.87098359619827,1.6
119.0,59,13.466355,B2A2,187.70000000000002,401.6
120.0,12,0.0,B1B0,198.4,8.201064581947776
120.0,14,0.00031091387872790436,B1B2,201.6,384.29786090550994
120.0,17,0.0,C1B1,230.70416707840215,201.6
120.0,19,0.0,B1C1,384.2978790874688,198.4
120.0,20,0.0,C1B1,208.20110120969375,201.6
120.0,21,13.637919276022048,A2B2,117.70869782356148,398.4
120.0,22,13.009960203385912,B1B2,201.6,338.18746366856453
120.0,23,11.576061334806733,B1A1,149.87552175223453,201.6
120.0,24,0.0,B1B0,198.4,15.702181035059027
120.0,25,0.0,B1B2,201.6,391.7989299610291
120.0,26,0.20175037471903706,B1C1,376.75222451994864,198.4
120.0,27,0.00519334693559599,B1B2,201.6,376.795222887091
120.0,29,12.759875126393297,B1B0,198.4,113.62405330909543
120.0,30,0.0,C1B1,215.70213605350162,201.6
120.0,31,0.0,C1B1,223.20313708398666,201.6
120.0,32,8.177152158997567,C0C1,401.6,15.230116740472408
120.0,33,0.00045647540121288813,A1B1,191.7988025917528,198.4
120.0,34,13.317965315092476,A1A2,1.6,361.5135243524263
120.0,35,0.0008498374250121942,A1B1,184.29676937187924,198.4
120.0,36,13.086858418111085,B2B1,198.4,238.42645353188598
120.0,37,0.1767159100220535,B1B0,198.4,23.32433404668575
120.0,38,13.643055692937521,B2B1,198.4,261.3160863709311
120.0,39,4.316850671825885,A2A1,-1.6,396.2332993785442
120.0,40,0.0,B1C1,391.7989265782219,198.4
120.0,41,0.49118564136623777,:A1_1,-1.0924230494750304,203.6469613463252
120.0,42,14.526158538898068,C1C2,401.6,281.7178141003105
120.0,43,0.0006758805698397108,C1B1,245.7067039576761,201.6
120.0,45,13.544642407847256,A0B0,174.2212550301549,-1.6
120.0,46,0.0,C1B1,238.20521134530136,201.6
120.0,47,11.699542986244596,B0C0,304.22815289524567,-1.6
120.0,48,10.999051088459963,C1B1,350.90302720833813,201.6
120.0,49,11.06159737275927,C1C0,398.4,170.16182134707313
120.0,50,10.966486673807285,A0A1,1.6,185.11701293112196
120.0,51,8.642685006383845,C2C1,398.4,374.12794449158264
120.0,52,5.360212971360639,:B2_6,197.41564728118928,396.30725453135125
120.0,53,10.582985787958666,A1A0,-1.6,3.527336751902453
120.0,54,13.628667045480714,B1A1,40.760286551122846,201.6
120.0,55,13.345135925564506,C1C2,401.6,330.73135983531085
120.0,56,11.94156720605223,B1B2,201.6,290.94603813453773
120.0,57,13.610572583331304,C1C2,401.6,256.14694746510946
120.0,58,13.331722809546159,B0A0,147.5392607866521,1.6
120.0,59,12.279212635249383,B2A2,175.42078736475062,401.6
121.0,12,0.0,B1B0,198.4,8.201064581947776
121.0,14,0.0,B1B2,201.6,384.29786090550994
121.0,17,0.0,C1B1,230.70416707840215,201.6
121.0,19,0.0,B1C1,384.2978790874688,198.4
121.0,20,0.0,C1B1,208.20110120969375,201.6
121.0,21,13.050382309337774,A2B2,130.75908013289927,398.4
121.0,22,12.30843127698265,B1B2,201.6,350.4958949455472
121.0,23,11.351825481929122,B1A1,138.5236962703054,201.6
121.0,24,0.0,B1B0,198.4,15.702181035059027
121.0,25,0.0,B1B2,201.6,391.7989299610291
121.0,26,0.024083882981417906,B1C1,376.77630840293,198.4
121.0,27,0.0016066697418072081,B1B2,201.6,376.7968295568328
121.0,29,11.84267802133762,B1B0,198.4,101.78137528775781
121.0,30,0.0,C1B1,215.70213605350162,201.6
121.0,31,0.0,C1B1,223.20313708398666,201.6
121.0,32,10.210737178663337,C0C1,401.6,25.440853919135744
121.0,33,0.00013980689832132246,A1B1,191.79894239865112,198.4
121.0,34,13.448471941935018,A1A2,1.6,374.9619962943613
121.0,35,0.0008727607576954964,A1B1,184.29764213263692,198.4
121.0,36,12.378164952217928,B2B1,198.4,226.04828857966805
121.0,37,0.10842156948342538,B1B0,198.4,23.215912477202323
121.0,38,12.831083777162087,B2B1,198.4,248.48500259376902
121.0,39,6.548134576694064,A2A1,-1.6,389.68516480185014
121.0,40,0.0,B1C1,391.7989265782219,198.4
121.0,41,0.21407672503433467,:A1_1,-1.0621925422355463,203.43534779564882
121.0,42,15.130506294378625,C1C2,401.6,296.8483203946891
121.0,43,0.0004069350208144054,C1B1,245.7062970226553,201.6
121.0,45,11.996488102093434,A0B0,186.21774313224833,-1.6
121.0,46,0.0,C1B1,238.20521134530136,201.6
121.0,47,11.396729688571467,B0C0,315.6248825838171,-1.6
121.0,48,11.364533079198734,C1B1,339.5384941291394,201.6
121.0,49,10.605597168328377,C1C0,398.4,159.55622417874477
121.0,50,7.392358180722715,A0A1,1.6,192.50937111184467
121.0,51,11.207594107056075,C2C1,398.4,362.92035038452656
121.0,52,5.549584275248677,B2B1,198.4,390.9576690901309
121.0,53,6.082985787958666,:A0_0,1.2352852078063896,-1.3193264582580557
121.0,54,13.364101693176808,B1A1,27.396184857946025,201.6
121.0,55,12.849044767924175,C1C2,401.6,343.5804046032351
121.0,56,12.283858185513044,B1B2,201.6,303.2298963200508
121.0,57,15.119262402487506,C1C2,401.6,271.266209867597
121.0,58,14.0658350366489,B0A0,133.4734257500032,1.6
121.0,59,12.906808363931738,B2A2,162.5139790008189,401.6
122.0,12,0.0,B1B0,198.4,8.201064581947776
122.0,14,0.0,B1B2,201.6,384.29786090550994
122.0,17,0.0,C1B1,230.70416707840215,201.6
122.0,19,0.0,B1C1,384.2978790874688,198.4
122.0,20,0.0,C1B1,208.20110120969375,201.6
122.0,21,12.92751715884141,A2B2,143.68659729174064,398.4
122.0,22,10.647061668927009,B1B2,201.6,361.1429566144742
122.0,23,11.912049863251164,B1A1,126.61164640705424,201.6
122.0,24,0.0001136519232454684,B1B0,198.4,15.702067383135784
122.0,25,0.0,B1B2,201.6,391.7989299610291
122.0,26,0.01878677732706469,B1C1,376.7950951802571,198.4
122.0,27,0.0,B1B2,201.6,376.7968295568328
122.0,29,12.49862914672193,B1B0,198.4,89.28274614103587
122.0,30,0.0,C1B1,215.70213605350162,201.6
122.0,31,0.0,C1B1,223.20313708398666,201.6
122.0,32,12.315257526307912,C0C1,401.6,37.756111445443665
122.0,33,0.0,A1B1,191.79894239865112,198.4
122.0,34,12.586339326863436,A1A2,1.6,387.54833562122474
122.0,35,0.000247598712175389,A1B1,184.2978897313491,198.4
122.0,36,13.41931429057601,B2B1,198.4,212.62897428909204
122.0,37,0.010586336652021381,B1B0,198.4,23.205326140550312
122.0,38,12.156655058296657,B2B1,198.4,236.32834753547237
122.0,39,8.631900438831144,A2A1,-1.6,381.05326436301897
122.0,40,0.0,B1C1,391.7989265782219,198.4
122.0,41,0.09599417535685964,:A1_1,-1.045040908374685,203.34173484729112
122.0,42,14.064014855743933,C1C2,401.6,310.91233525043305
122.0,43,0.0,C1B1,245.7062970226553,201.6
122.0,45,7.4964881020934335,:B0_7,193.70371205747514,-1.4708982775035535
122.0,46,0.0,C1B1,238.20521134530136,201.6
122.0,47,11.905796507435552,B0C0,327.5306790912527,-1.6
122.0,48,11.724119664278986,C1B1,327.8143744648604,201.6
122.0,49,11.555723726917194,C1C0,398.4,148.00050045182758
122.0,50,4.312334530751944,:A1_6,2.7461624107204585,196.57693735120077
122.0,51,13.656492939206808,C2C1,398.4,349.26385744531973
122.0,52,7.991180618849799,B2B1,198.4,382.9664884712811
122.0,53,6.023585238418856,A0B0,7.23923427447507,-1.6
122.0,54,9.903949059829474,B1A1,17.492235798116553,201.6
122.0,55,12.836939468321912,C1C2,401.6,356.41734407155695
122.0,56,12.192213609647105,B1B2,201.6,315.42210992969785
122.0,57,15.158534556653873,C1C2,401.6,286.4247444242509
122.0,58,13.99452953244047,B0A0,119.47889621756273,1.6
122.0,59,13.069033699837998,B2A2,149.4449453009809,401.6
122.0,60,12.315257526307912,C0C1,401.6,8.3
123.0,12,0.0,B1B0,198.4,8.201064581947776
123.0,14,0.0,B1B2,201.6,384.29786090550994
123.0,17,0.0,C1B1,230.70416707840215,201.6
123.0,19,0.0,B1C1,384.2978790874688,198.4
123.0,20,0.0,C1B1,208.20110120969375,201.6
123.0,21,13.23582864089466,A2B2,156.9224259326353,398.4
123.0,22,6.147061668927009,B1B2,201.6,367.2900182834012
123.0,23,12.146794500664114,B1A1,114.46485190639012,201.6
123.0,24,0.0,B1B0,198.4,15.702067383135784
123.0,25,0.0,B1B2,201.6,391.7989299610291
123.0,26,0.0017649571328507392,B1C1,376.7968601373899,198.4
123.0,27,0.0,B1B2,201.6,376.7968295568328
123.0,29,11.857930215402291,B1B0,198.4,77.42481592563358
123.0,30,0.0,C1B1,215.70213605350162,201.6
123.0,31,0.0,C1B1,223.20313708398666,201.6
123.0,32,13.34698486942693,C0C1,401.6,51.10309631487059
123.0,33,0.0,A1B1,191.79894239865112,198.4
123.0,34,8.086339326863436,A1A2,1.6,395.63467494808816
123.0,35,0.0,A1B1,184.2978897313491,198.4
123.0,36,12.364584612350306,:B1_1,198.4,200.26438967674173
123.0,37,0.001598490565606484,B1B0,198.4,23.2037276499847
123.0,38,13.133975306964926,B2B1,198.4,223.19437222850746
123.0,39,11.117523638044439,A2A1,-1.6,369.93574072497455
123.0,40,0.0,B1C1,391.7989265782219,198.4
123.0,41,0.05967549771430033,:A1_1,-1.0143832606035317,203.29063876767253
123.0,42,14.500848892256233,C1C2,401.6,325.41318414268926
123.0,43,0.0,C1B1,245.7062970226553,201.6
123.0,45,8.623811111362652,:B0_11,200.65278630217628,2.6879771702937894
123.0,46,0.0,C1B1,238.20521134530136,201.6
123.0,47,11.347725515478924,B0C0,338.8784046067316,-1.6
123.0,48,11.151460455211051,C1B1,316.66291400964934,201.6
123.0,49,10.60213702293592,C1C0,398.4,137.39836342889163
123.0,50,4.606780941107102,:A1_6,6.802459765134637,198.3432085378764
123.0,51,15.813704373796755,C2C1,398.4,333.45015307152295
123.0,52,10.030772193053023,B2B1,198.4,372.935716278228
123.0,53,7.562957026943879,A0B0,14.80219130141895,-1.6
123.0,54,6.812070151387609,B1A1,10.680165646728938,201.6
123.0,55,12.623951879510248,C1C2,401.6,369.04129595106724
123.0,56,11.370350392018544,B1B2,201.6,326.79246032171636
123.0,57,14.675758883626031,C1C2,401.6,301.1005033078769
123.0,58,13.105249380236023,B0A0,106.37364683732672,1.6
123.0,59,12.704757030151338,B2A2,136.74018827082952,401.6
123.0,60,14.470596853296817,C0C1,401.6,22.77059685329682
124.0,12,0.0,B1B0,198.4,8.201064581947776
124.0,14,0.0,B1B2,201.6,384.29786090550994
124.0,17,0.0,C1B1,230.70416707840215,201.6
124.0,19,0.0,B1C1,384.2978790874688,198.4
124.0,20,0.0,C1B1,208.20110120969375,201.6
124.0,21,13.521943899826773,A2B2,170.44436983246206,398.4
124.0,22,1.9182373069504364,B1B2,201.6,369.20825559035165
124.0,23,12.214671540070563,B1A1,102.25018036631955,201.6
124.0,24,0.0,B1B0,198.4,15.702067383135784
124.0,25,0.0,B1B2,201.6,391.7989299610291
124.0,26,0.0,B1C1,376.7968601373899,198.4
124.0,27,0.0,B1B2,201.6,376.7968295568328
124.0,29,12.52955077476871,B1B0,198.4,64.89526515086487
124.0,30,0.0,C1B1,215.70213605350162,201.6
124.0,31,0.0,C1B1,223.20313708398666,201.6
124.0,32,13.449279661522128,C0C1,401.6,64.55237597639272
124.0,33,0.0,A1B1,191.79894239865112,198.4
124.0,34,3.5863393268634365,:A2_1,3.042587520339916,398.3775125029057
124.0,35,0.0,A1B1,184.2978897313491,198.4
124.0,36,13.223457319631569,B1B0,198.4,187.0409323571102
124.0,37,0.00046142982740056035,B1B0,198.4,23.203266220157303
124.0,38,12.148782544398934,B2B1,198.4,211.04558968410853
124.0,39,11.810866384729943,A2A1,-1.6,358.1248743402446
124.0,40,0.0,B1C1,391.7989265782219,198.4
124.0,41,2.0212538390943284,:A1_9,0.02528864205001169,201.55785226324997
124.0,42,14.384093384812202,C1C2,401.6,339.7972775275015
124.0,43,0.0,C1B1,245.7062970226553,201.6
124.0,45,7.924264403428883,B0B1,201.6,10.462306749133276
124.0,46,0.0,C1B1,238.20521134530136,201.6
124.0,47,11.20935771878965,B0C0,350.0877623255212,-1.6
124.0,48,12.019630491865971,C1B1,304.6432835177834,201.6
124.0,49,11.077229125220464,C1C0,398.4,126.32113430367117
124.0,50,5.1133529450258015,A1B1,11.911839528729505,198.4
124.0,51,15.508840626354614,C2C1,398.4,317.94131244516836
124.0,52,12.28821780252944,B2B1,198.4,360.6474984756986
124.0,53,8.893124201585852,A0B0,23.695315503004803,-1.6
124.0,54,2.3120701513876094,B1A1,8.368095495341322,201.6
124.0,55,13.464822053647191,C1C2,401.6,382.50611800471444
124.0,56,12.290699806176224,B1B2,201.6,339.0831601278926
124.0,57,14.66265536044632,C1C2,401.6,315.76315866832323
124.0,58,13.48520226090634,B0A0,92.88844457642035,1.6
124.0,59,12.596144703898132,B2A2,124.1440435669314,401.6
124.0,60,14.911201041170584,C0C1,401.6,37.68179789446741
124.0,61,14.180240351346356,C0C1,401.6,8.3
125.0,12,0.0,B1B0,198.4,8.201064581947776
125.0,14,0.0,B1B2,201.6,384.29786090550994
125.0,17,0.0,C1B1,230.70416707840215,201.6
125.0,19,0.0,B1C1,384.2978790874688,198.4
125.0,20,0.0,C1B1,208.20110120969375,201.6
125.0,21,13.283594609797628,A2B2,183.7279644422597,398.4
125.0,22,0.08093335204805785,B1B2,201.6,369.28918894239973
125.0,23,11.792648016308672,B1A1,90.45753235001087,201.6
125.0,24,0.0,B1B0,198.4,15.702067383135784
125.0,25,0.0,B1B2,201.6,391.7989299610291
125.0,26,0.0,B1C1,376.7968601373899,198.4
125.0,27,0.0,B1B2,201.6,376.7968295568328
125.0,29,12.110044375272253,B1B0,198.4,52.78522077559262
125.0,30,0.0,C1B1,215.70213605350162,201.6
125.0,31,0.0,C1B1,223.20313708398666,201.6
125.0,32,13.769913359288008,C0C1,401.6,78.32228933568074
125.0,33,0.0,A1B1,191.79894239865112,198.4
125.0,34,3.2168696436884625,A2B2,6.257883918640038,398.4
125.0,35,0.0,A1B1,184.2978897313491,198.4
125.0,36,13.25083033229909,B1B0,198.4,173.7901020248111
125.0,37,0.000118040022201867,B1B0,198.4,23.203148180135088
125.0,38,14.012961732409172,:B1_1,198.4,197.0326279516994
125.0,39,12.225390708013638,A2A1,-1.6,345.89948363223095
125.0,40,0.0,B1C1,391.7989265782219,198.4
125.0,41,3.371339111012543,:A1_9,2.5325351526706945,199.44047890839758
125.0,42,14.667864327570038,C1C2,401.6,354.4651418550715
125.0,43,0.0,C1B1,245.7062970226553,201.6
125.0,45,9.374271332212725,B0B1,201.6,19.836578081346
125.0,46,0.0,C1B1,238.20521134530136,201.6
125.0,47,11.685384219155349,B0C0,361.7731465446766,-1.6
125.0,48,11.478028630364859,C1B1,293.16525488741854,201.6
125.0,49,10.542079872689346,C1C0,398.4,115.77905443098183
125.0,50,7.23113936248494,A1B1,19.142978891214447,198.4
125.0,51,15.477751658127927,C2C1,398.4,302.4635607870404
125.0,52,13.156307830241552,B2B1,198.4,347.49119064545704
125.0,53,10.49301002618795,A0B0,34.18832552919276,-1.6
125.0,54,0.15533917599883582,B1A1,8.212756319342475,201.6
125.0,55,9.967379289153328,C1C2,401.6,392.4734972938678
125.0,56,11.0701172508954,B1B2,201.6,350.15327737878806
125.0,57,13.693120554309948,C1C2,401.6,329.45627922263316
125.0,58,13.215372491427228,B0A0,79.67307208499314,1.6
125.0,59,12.59936251564093,B2A2,111.54468105129047,401.6
125.0,60,14.857519643799089,C0C1,401.6,52.5393175382665
125.0,61,15.032628203717477,C0C1,401.6,23.33262820371748
125.0,62,13.89,A0A1,1.6,8.3
126.0,12,0.0,B1B0,198.4,8.201064581947776
126.0,14,0.0,B1B2,201.6,384.29786090550994
126.0,17,0.0,C1B1,230.70416707840215,201.6
126.0,19,0.0,B1C1,384.2978790874688,198.4
126.0,20,0.0,C1B1,208.20110120969375,201.6
126.0,22,0.0043397249037757215,B1B2,201.6,369.29352866730346
126.0,23,11.336140502007916,B1A1,79.12139184800294,201.6
126.0,24,0.0,B1B0,198.4,15.702067383135784
126.0,25,0.0,B1B2,201.6,391.7989299610291
126.0,26,0.0,B1C1,376.7968601373899,198.4
126.0,27,0.0,B1B2,201.6,376.7968295568328
126.0,29,11.15382402495729,B1B0,198.4,41.63139675063533
126.0,30,0.0,C1B1,215.70213605350162,201.6
126.0,31,0.0,C1B1,223.20313708398666,201.6
126.0,32,12.75218730205565,C0C1,401.6,91.07447663773638
126.0,33,0.0,A1B1,191.79894239865112,198.4
126.0,34,5.697874246732593,A2B2,11.955758165372632,398.4
126.0,35,0.0,A1B1,184.2978897313491,198.4
126.0,36,12.73800578896641,B1B0,198.4,161.05209623584466
126.0,37,0.0,B1B0,198.4,23.203148180135088
126.0,38,13.334505990826301,B1B0,198.4,183.6981219608731
126.0,39,12.299988089418239,A2A1,-1.6,333.59949554281275
126.0,40,0.0,B1C1,391.7989265782219,198.4
126.0,41,5.80043114156569,A1B1,8.157166389605283,198.4
126.0,42,14.040560676455113,C1C2,401.6,368.5057025315266
126.0,43,0.0,C1B1,245.7062970226553,201.6
126.0,45,11.750356333279983,B0B1,201.6,31.586934414625993
126.0,46,0.0,C1B1,238.20521134530136,201.6
126.0,47,12.46584662871126,B0C0,374.2389931733878,-1.6
126.0,48,11.039495476979935,C1B1,282.1257594104386,201.6
126.0,49,10.834868229534614,C1C0,398.4,104.94418620144721
126.0,50,8.914094000517183,A1B1,28.05707289173163,198.4
126.0,51,15.707431379186273,C2C1,398.4,286.75612940785413
126.0,52,13.596435845153449,B2B1,198.4,333.8947548003036
126.0,53,12.384386189975158,A0B0,46.57271171916792,-1.6
126.0,54,0.010230616864287332,B1A1,8.202525702478198,201.6
126.0,55,5.637800088743977,:C2_0,401.4145255111913,398.09832142166107
126.0,56,7.110905117607252,B1B2,201.6,357.2641824963953
126.0,57,14.079482315621469,C1C2,401.6,343.53576153825463
126.0,58,13.983523391056337,B0A0,65.6895486939368,1.6
126.0,59,13.353323668596818,B2A2,98.19135738269365,401.6
126.0,60,14.473426471823766,C0C1,401.6,67.01274401009026
126.0,61,15.134747243857428,C0C1,401.6,38.467375447574916
126.0,62,14.093732087559708,A0A1,1.6,22.393732087559712
127.0,12,0.0,B1B0,198.4,8.201064581947776
127.0,14,0.0,B1B2,201.6,384.29786090550994
127.0,17,0.0,C1B1,230.70416707840215,201.6
127.0,19,0.0,B1C1,384.2978790874688,198.4
127.0,20,0.0,C1B1,208.20110120969375,201.6
127.0,22,0.0018804750173833792,B1B2,201.6,369.29540914232086
127.0,23,11.836422138494678,B1A1,67.28496970950826,201.6
127.0,24,0.0,B1B0,198.4,15.702067383135784
127.0,25,0.0,B1B2,201.6,391.7989299610291
127.0,26,0.0,B1C1,376.7968601373899,198.4
127.0,27,0.0,B1B2,201.6,376.7968295568328
127.0,29,6.832722217398847,B1B0,198.4,34.79867453323649
127.0,30,0.0,C1B1,215.70213605350162,201.6
127.0,31,0.0,C1B1,223.20313708398666,201.6
127.0,32,13.443038571275652,C0C1,401.6,104.51751520901205
127.0,33,0.0,A1B1,191.79894239865112,198.4
127.0,34,7.523477590441965,A2B2,19.4792357558146,398.4
127.0,35,0.0,A1B1,184.2978897313491,198.4
127.0,36,13.451013144447796,B1B0,198.4,147.60108309139687
127.0,37,0.0,B1B0,198.4,23.203148180135088
127.0,38,12.798673568142958,B1B0,198.4,170.89944839273014
127.0,39,11.483576510367184,A2A1,-1.6,322.1159190324455
127.0,40,0.0,B1C1,391.7989265782219,198.4
127.0,41,8.373878564085947,A1B1,16.531044953691232,198.4
127.0,42,11.451529898881127,C1C2,401.6,379.95723243040777
127.0,43,0.0,C1B1,245.7062970226553,201.6
127.0,45,13.349019192411564,B0B1,201.6,44.935953607037554
127.0,46,0.0,C1B1,238.20521134530136,201.6
127.0,47,12.346662944012023,B0C0,386.5856561173999,-1.6
127.0,48,12.118456559411422,C1B1,270.00730285102713,201.6
127.0,49,11.13110209659687,C1C0,398.4,93.81308410485035
127.0,50,11.272555465062872,A1B1,39.32962835679451,198.4
127.0,51,16.019637203884596,C2C1,398.4,270.73649220396953
127.0,52,13.94731696797446,B2B1,198.4,319.9474378323291
127.0,53,14.110817035445326,A0B0,60.68352875461325,-1.6
127.0,54,0.0010425752559076861,B1A1,8.201483127222303,201.6
127.0,55,5.248283270732798,:C2_0,397.96873849107635,401.43303735841766
127.0,56,3.8596118365202092,B1B2,201.6,361.1237943329155
127.0,57,14.59346011523693,C1C2,401.6,358.1292216534915
127.0,58,13.785555679546201,B0A0,51.90399301439061,1.6
127.0,59,12.482555244496577,B2A2,85.70880213819704,401.6
127.0,60,13.754865292781684,C0C1,401.6,80.76760930287195
127.0,61,14.86286195502472,C0C1,401.6,53.33023740259964
127.0,62,13.822146395164252,A0A1,1.6,36.21587848272397
127.0,63,13.709430000000001,A0A1,1.6,8.3
128.0,12,0.0,B1B0,198.4,8.201064581947776
128.0,14,0.0,B1B2,201.6,384.29786090550994
128.0,17,0.0,C1B1,230.70416707840215,201.6
128.0,19,0.0,B1C1,384.2978790874688,198.4
128.0,20,0.0,C1B1,208.20110120969375,201.6
128.0,22,0.00038175029678949753,B1B2,201.6,369.2957908926177
128.0,23,11.466023037835262,B1A1,55.81894667167299,201.6
128.0,24,0.0,B1B0,198.4,15.702067383135784
128.0,25,0.0,B1B2,201.6,391.7989299610291
128.0,26,0.0,B1C1,376.7968601373899,198.4
128.0,27,0.0,B1B2,201.6,376.7968295568328
128.0,29,3.904370766407969,B1B0,198.4,30.89430376682853
128.0,30,0.0,C1B1,215.70213605350162,201.6
128.0,31,0.0,C1B1,223.20313708398666,201.6
128.0,32,13.279202314255642,C0C1,401.6,117.7967175232677
128.0,33,0.0,A1B1,191.79894239865112,198.4
128.0,34,9.839718003323563,A2B2,29.31895375913816,398.4
128.0,35,0.0,A1B1,184.2978897313491,198.4
128.0,36,12.710717070514663,B1B0,198.4,134.8903660208822
128.0,37,0.0,B1B0,198.4,23.203148180135088
128.0,38,13.021193470406013,B1B0,198.4,157.87825492232412
128.0,39,12.408409035448186,A2A1,-1.6,309.7075099969974
128.0,40,0.0,B1C1,391.7989265782219,198.4
128.0,41,10.47695702852788,A1B1,27.008001982219113,198.4
128.0,42,9.833178957339268,C1C2,401.6,389.790411387747
128.0,43,0.0,C1B1,245.7062970226553,201.6
128.0,45,14.72370872439042,B0B1,201.6,59.65966233142799
128.0,46,0.0,C1B1,238.20521134530136,201.6
128.0,48,9.72085935662551,C1B1,260.2864434944016,201.6
128.0,49,11.092664684848996,C1C0,398.4,82.72041942000132
128.0,50,11.23180820680155,A1B1,50.561436563596054,198.4
128.0,51,15.21336125779646,C2C1,398.4,255.52313094617307
128.0,52,14.06396164344535,B2B1,198.4,305.8834761888838
128.0,53,14.588469897599417,A0B0,75.27199865221266,-1.6
128.0,54,0.0004544275482956554,B1A1,8.201028699673998,201.6
128.0,55,5.1424832754166045,C2B2,392.83793607123886,401.6
128.0,56,0.5579483401149454,B1B2,201.6,361.6817426730304
128.0,57,11.438219349064228,C1C2,401.6,369.5674410025558
128.0,58,13.063126625059635,B0A0,38.840866389330984,1.6
128.0,59,12.818101915467084,B2A2,72.89070022272996,401.6
128.0,60,13.290234729137964,C0C1,401.6,94.05784403200991
128.0,61,14.89094018639946,C0C1,401.6,68.2211775889991
128.0,62,12.883628806018912,A0A1,1.6,49.099507288742885
128.0,63,12.5299904554154,A0A1,1.6,20.829990455415402
129.0,12,0.0,B1B0,198.4,8.201064581947776
129.0,14,0.0,B1B2,201.6,384.29786090550994
129.0,17,0.0,C1B1,230.70416707840215,201.6
129.0,19,0.0,B1C1,384.2978790874688,198.4
129.0,20,0.0,C1B1,208.20110120969375,201.6
129.0,22,0.0,B1B2,201.6,369.2957908926177
129.0,23,12.337441724465467,B1A1,43.481504947207526,201.6
129.0,24,0.0,B1B0,198.4,15.702067383135784
129.0,25,0.0,B1B2,201.6,391.7989299610291
129.0,26,0.0,B1C1,376.7968601373899,198.4
129.0,27,0.0,B1B2,201.6,376.7968295568328
129.0,29,0.12419652334644941,B1B0,198.4,30.770107243482073
129.0,30,0.0,C1B1,215.70213605350162,201.6
129.0,31,0.0,C1B1,223.20313708398666,201.6
129.0,32,13.789177576404878,C0C1,401.6,131.58589509967254
129.0,33,0.0,A1B1,191.79894239865112,198.4
129.0,34,11.793283211006113,A2B2,41.11223697014428,398.4
129.0,35,0.0,A1B1,184.2978897313491,198.4
129.0,36,13.091405994996755,B1B0,198.4,121.79896002588545
129.0,37,0.0,B1B0,198.4,23.203148180135088
129.0,38,12.468919588300464,B1B0,198.4,145.40933533402364
129.0,39,11.720793861649199,A2A1,-1.6,297.98671613534816
129.0,40,0.0,B1C1,391.7989265782219,198.4
129.0,41,12.264916308721489,A1B1,39.27291829094061,198.4
129.0,42,6.0295691172454156,C1C2,401.6,395.81998050499243
129.0,43,0.0,C1B1,245.7062970226553,201.6
129.0,45,13.81456606569391,B0B1,201.6,73.47422839712189
129.0,46,0.0,C1B1,238.20521134530136,201.6
129.0,48,5.341942325972998,C1B1,254.94450116842864,201.6
129.0,49,11.180068961978094,C1C0,398.4,71.54035045802324
129.0,50,10.659917385307386,A1B1,61.22135394890345,198.4
129.0,51,16.13599201891786,C2C1,398.4,239.38713892725522
129.0,52,14.072867000917016,B2B1,198.4,291.81060918796675
129.0,53,14.521451628387432,A0B0,89.7934502806001,-1.6
129.0,54,0.0,B1A1,8.201028699673998,201.6
129.0,55,6.843588006343059,C2B2,385.9943480648958,401.6
129.0,56,0.08781895695400228,B1B2,201.6,361.7695616299844
129.0,57,10.215527816190685,C1C2,401.6,379.78296881874644
129.0,58,13.496610170728058,B0A0,25.344256218602936,1.6
129.0,59,12.713372568652519,B2A2,60.17732765407746,401.6
129.0,60,13.853647657607706,C0C1,401.6,107.91149168961763
129.0,61,14.175539971464199,C0C1,401.6,82.3967175604633
129.0,62,13.056066996384121,A0A1,1.6,62.15557428512701
129.0,63,13.597956299293154,A0A1,1.6,34.427946754708564
129.0,64,8.122548466718051,C1C2,401.6,212.29999999999998
130.0,12,0.0,B1B0,198.4,8.201064581947776
130.0,14,0.0,B1B2,201.6,384.29786090550994
130.0,17,0.0,C1B1,230.70416707840215,201.6
130.0,19,0.0,B1C1,384.2978790874688,198.4
130.0,20,0.0,C1B1,208.20110120969375,201.6
130.0,22,0.0,B1B2,201.6,369.2957908926177
130.0,23,12.153879990169084,B1A1,31.327624957038438,201.6
130.0,24,0.0,B1B0,198.4,15.702067383135784
130.0,25,0.0,B1B2,201.6,391.7989299610291
130.0,26,0.0,B1C1,376.7968601373899,198.4
130.0,27,0.0,B1B2,201.6,376.7968295568328
130.0,29,0.04780106248260692,B1B0,198.4,30.722306180999453
130.0,30,0.0,C1B1,215.70213605350162,201.6
130.0,31,0.0,C1B1,223.20313708398666,201.6
130.0,32,13.702594008388811,C0C1,401.6,145.28848910806136
130.0,33,0.0,A1B1,191.79894239865112,198.4
130.0,34,13.751599805682087,A2B2,54.863836775826364,398.4
130.0,35,0.0,A1B1,184.2978897313491,198.4
130.0,36,12.5827031885901,B1B0,198.4,109.21625683729535
130.0,37,0.0,B1B0,198.4,23.203148180135088
130.0,38,13.87543812532573,B1B0,198.4,131.5338972086979
130.0,39,12.422122005080073,A2A1,-1.6,285.56459413026806
130.0,40,0.0,B1C1,391.7989265782219,198.4
130.0,41,10.671972260509984,A1B1,49.94489055145059,198.4
130.0,42,6.564634969074882,:C2_0,398.9294991656718,401.28230050059693
130.0,43,0.0,C1B1,245.7062970226553,201.6
130.0,45,14.287613776346372,B0B1,201.6,87.76184217346827
130.0,46,0.0,C1B1,238.20521134530136,201.6
130.0,48,1.2341435216823247,C1B1,253.71035764674633,201.6
130.0,49,10.897322165202485,C1C0,398.4,60.64302829282076
130.0,50,11.69794354507631,A1B1,72.91929749397976,198.4
130.0,51,15.71019542118749,C2C1,398.4,223.67694350606774
130.0,52,13.625367465265139,B2B1,198.4,278.18524172270156
130.0,53,13.976024535128373,A0B0,103.7694748157285,-1.6
130.0,54,0.0,B1A1,8.201028699673998,201.6
130.0,55,9.344469183227346,C2B2,376.6498788816685,401.6
130.0,56,0.018512422218842424,B1B2,201.6,361.7880740522032
130.0,57,6.402737248833392,C1C2,401.6,386.1857060675799
130.0,58,11.94462586278651,B0A0,13.399630355816413,1.6
130.0,59,12.808554256247842,B2A2,47.368773397829614,401.6
130.0,60,13.259876254700776,C0C1,401.6,121.17136794431839
130.0,61,14.202351942044041,C0C1,401.6,96.59906950250735
130.0,62,13.630342117756316,A0A1,1.6,75.78591640288333
130.0,63,13.546434878744485,A0A1,1.6,47.97438163345305
130.0,64,9.56443467860319,C1C2,401.6,221.86443467860317
131.0,12,0.0,B1B0,198.4,8.201064581947776
131.0,14,0.0,B1B2,201.6,384.29786090550994
131.0,17,0.0,C1B1,230.70416707840215,201.6
131.0,19,0.0,B1C1,384.2978790874688,198.4
131.0,20,0.0,C1B1,208.20110120969375,201.6
131.0,22,0.0,B1B2,201.6,369.2957908926177
131.0,23,8.41167090202839,B1A1,22.915954055010047,201.6
131.0,24,0.0,B1B0,198.4,15.702067383135784
131.0,25,0.0,B1B2,201.6,391.7989299610291
131.0,26,0.0,B1C1,376.7968601373899,198.4
131.0,27,0.0,B1B2,201.6,376.7968295568328
131.0,29,0.010262782510326513,B1B0,198.4,30.71204339848913
131.0,30,0.0,C1B1,215.70213605350162,201.6
131.0,31,0.0,C1B1,223.20313708398666,201.6
131.0,32,13.394926369328866,C0C1,401.6,158.6834154773902
131.0,33,0.0,A1B1,191.79894239865112,198.4
131.0,34,13.779203202501991,A2B2,68.64303997832836,398.4
131.0,35,0.0,A1B1,184.2978897313491,198.4
131.0,36,13.126600162328549,B1B0,198.4,96.08965667496679
131.0,37,0.0,B1B0,198.4,23.203148180135088
131.0,38,12.91804894617185,B1B0,198.4,118.61584826252606
131.0,39,11.869562406148962,A2A1,-1.6,273.6950317241191
131.0,40,0.0,B1C1,391.7989265782219,198.4
131.0,41,12.172230954916541,A1B1,62.117121506367134,198.4
131.0,42,6.306718199433432,C2B2,392.64866632649927,401.6
131.0,43,0.0,C1B1,245.7062970226553,201.6
131.0,45,14.994183789120692,B0B1,201.6,102.75602596258896
131.0,46,0.0,C1B1,238.20521134530136,201.6
131.0,48,0.28271569204600483,C1B1,253.42764195470033,201.6
131.0,49,11.324008375294643,C1C0,398.4,49.319019917526106
131.0,50,11.507422877162941,A1B1,84.4267203711427,198.4
131.0,51,11.823592673949092,C2C1,398.4,211.85335083211865
131.0,52,13.944244297872341,B2B1,198.4,264.2409974248293
131.0,53,14.060545344899866,A0B0,117.83002016062837,-1.6
131.0,54,0.0,B1A1,8.201028699673998,201.6
131.0,55,11.899438899765089,C2B2,364.75043998190336,401.6
131.0,56,0.005363030059065293,B1B2,201.6,361.79343708226236
131.0,57,7.02838040555233,C1C2,401.6,393.21408647313217
131.0,58,8.388905635481663,B0A0,5.010724720334764,1.6
131.0,59,13.22500904580254,B2A2,34.14376435202706,401.6
131.0,60,13.462808473701353,C0C1,401.6,134.63417641801973
131.0,61,14.017219290447409,C0C1,401.6,110.61628879295478
131.0,62,13.461214506569029,A0A1,1.6,89.24713090945235
131.0,63,12.67900145947963,A0A1,1.6,60.65338309293268
131.0,64,11.500426797715242,C1C2,401.6,233.36486147631842
131.0,65,8.388905635481663,B0A0,187.70000000000002,1.6
132.0,12,0.0,B1B0,198.4,8.201064581947776
132.0,14,0.0,B1B2,201.6,384.29786090550994
132.0,17,0.0,C1B1,230.70416707840215,201.6
132.0,19,0.0,B1C1,384.2978790874688,198.4
132.0,20,0.0,C1B1,208.20110120969375,201.6
132.0,22,0.0,B1B2,201.6,369.2957908926177
132.0,23,5.705771243427124,B1A1,17.21018281158291,201.6
132.0,24,0.0,B1B0,198.4,15.702067383135784
132.0,25,0.0,B1B2,201.6,391.7989299610291
132.0,26,0.0,B1C1,376.7968601373899,198.4
132.0,27,0.0,B1B2,201.6,376.7968295568328
132.0,29,0.0062314436754504965,B1B0,198.4,30.70581195481367
132.0,30,0.0,C1B1,215.70213605350162,201.6
132.0,31,0.0,C1B1,223.20313708398666,201.6
132.0,32,13.576324279977822,C0C1,401.6,172.25973975736804
132.0,33,0.0,A1B1,191.79894239865112,198.4
132.0,34,13.775588110458227,A2B2,82.41862808878659,398.4
132.0,35,0.0,A1B1,184.2978897313491,198.4
132.0,36,13.072493053569785,B1B0,198.4,83.01716362139699
132.0,37,0.0,B1B0,198.4,23.203148180135088
132.0,38,12.790451029178229,B1B0,198.4,105.82539723334783
132.0,39,11.619518271866454,A2A1,-1.6,262.0755134522526
132.0,40,0.0,B1C1,391.7989265782219,198.4
132.0,41,11.966258436721427,A1B1,74.08337994308857,198.4
132.0,42,8.775777220063516,C2B2,383.87288910643576,401.6
132.0,43,0.0,C1B1,245.7062970226553,201.6
132.0,45,14.36033505005453,B0B1,201.6,117.11636101264351
132.0,46,0.0,C1B1,238.20521134530136,201.6
132.0,48,0.15222463231655844,C1B1,253.2754173223838,201.6
132.0,49,10.907849117489668,C1C0,398.4,38.411170800036444
132.0,50,11.574493914669626,A1B1,96.00121428581232,198.4
132.0,51,7.323592673949092,:C1_0,397.94926884251913,204.58211473753187
132.0,52,13.300618565128229,B2B1,198.4,250.94037885970104
132.0,53,14.150472555023144,A0B0,131.98049271565148,-1.6
132.0,54,0.0,B1A1,8.201028699673998,201.6
132.0,55,12.645524534949624,C2B2,352.1049154469537,401.6
132.0,56,0.0006816248617405536,B1B2,201.6,361.7941187071241
132.0,57,6.847039637769201,:C2_0,400.7133120780006,399.8778132033322
132.0,58,3.888905635481663,:A0_1,1.670979046760711,2.7031466726750226
132.0,59,12.830534485826753,B2A2,21.313229866200317,401.6
132.0,60,13.204761789295414,C0C1,401.6,147.83893820731515
132.0,61,13.75404907901999,C0C1,401.6,124.37033787197477
132.0,62,13.52320857591805,A0A1,1.6,102.77033948537041
132.0,63,13.129960859637075,A0A1,1.6,73.78334395256977
132.0,64,11.803826196392567,C1C2,401.6,245.168687672711
132.0,65,10.481564593530223,B0A0,177.21843540646978,1.6
133.0,12,0.0,B1B0,198.4,8.201064581947776
133.0,14,0.0,B1B2,201.6,384.29786090550994
133.0,17,0.0,C1B1,230.70416707840215,201.6
133.0,19,0.0,B1C1,384.2978790874688,198.4
133.0,20,0.0,C1B1,208.20110120969375,201.6
133.0,22,0.0,B1B2,201.6,369.2957908926177
133.0,23,1.2057712434271242,B1A1,16.004411568155774,201.6
133.0,24,0.0,B1B0,198.4,15.702067383135784
133.0,25,0.0,B1B2,201.6,391.7989299610291
133.0,26,0.0,B1C1,376.7968601373899,198.4
133.0,27,0.0,B1B2,201.6,376.7968295568328
133.0,29,0.0016488945077301087,B1B0,198.4,30.704163060305945
133.0,30,0.0,C1B1,215.70213605350162,201.6
133.0,31,0.0,C1B1,223.20313708398666,201.6
133.0,32,12.668604395397821,C0C1,401.6,184.92834415276585
133.0,33,0.0,A1B1,191.79894239865112,198.4
133.0,34,12.928931530212173,A2B2,95.34755961899876,398.4
133.0,35,0.0,A1B1,184.2978897313491,198.4
133.0,36,12.609874673692836,B1B0,198.4,70.40728894770416
133.0,37,0.0,B1B0,198.4,23.203148180135088
133.0,38,12.799194097454862,B1B0,198.4,93.02620313589296
133.0,39,12.12602166492512,A2A1,-1.6,249.9494917873275
133.0,40,0.0,B1C1,391.7989265782219,198.4
133.0,41,11.560357377962386,A1B1,85.64373732105096,198.4
133.0,42,10.529015388049789,C2B2,373.34387371838596,401.6
133.0,43,0.0,C1B1,245.7062970226553,201.6
133.0,45,14.421468371499033,B0B1,201.6,131.53782938414253
133.0,46,0.0,C1B1,238.20521134530136,201.6
133.0,48,0.03921016849603692,C1B1,253.23620715388776,201.6
133.0,49,11.305290675982969,C1C0,398.4,27.10588012405347
133.0,50,11.503865557316937,A1B1,107.50507984312928,198.4
133.0,51,6.971336957285307,C1B1,392.18842120088425,201.6
133.0,52,12.83540501771406,B2B1,198.4,238.10497384198698
133.0,53,14.70754671936621,A0B0,146.68803943501769,-1.6
133.0,54,0.0,B1A1,8.201028699673998,201.6
133.0,55,13.108847253228129,C2B2,338.9960681937256,401.6
133.0,56,0.0005436730022780256,B1B2,201.6,361.79466238012634
133.0,57,5.829341013621167,C2B2,395.4495328754775,401.6
133.0,58,3.1375062874806674,A0A1,1.6,5.8356872026275415
133.0,59,10.49513166554515,B2A2,10.818098200655157,401.6
133.0,60,13.797297569566505,C0C1,401.6,161.63623577688165
133.0,61,13.24265979826882,C0C1,401.6,137.61299767024357
133.0,62,13.909592504160189,A0A1,1.6,116.6799319895306
133.0,63,13.614724000403957,A0A1,1.6,87.39806795297372
133.0,64,12.218764584482216,C1C2,401.6,257.3874522571932
133.0,65,11.00002641209227,B0A0,166.2184089943775,1.6
133.0,66,12.218764584482216,C1C2,401.6,212.29999999999998
134.0,12,0.0,B1B0,198.4,8.201064581947776
134.0,14,0.0,B1B2,201.6,384.29786090550994
134.0,17,0.0,C1B1,230.70416707840215,201.6
134.0,19,0.0,B1C1,384.2978790874688,198.4
134.0,20,0.0,C1B1,208.20110120969375,201.6
134.0,22,0.0,B1B2,201.6,369.2957908926177
134.0,23,0.1790521380131177,B1A1,15.825359430142669,201.6
134.0,24,0.0,B1B0,198.4,15.702067383135784
134.0,25,0.0,B1B2,201.6,391.7989299610291
134.0,26,0.0,B1C1,376.7968601373899,198.4
134.0,27,0.0,B1B2,201.6,376.7968295568328
134.0,29,0.0,B1B0,198.4,30.704163060305945
134.0,30,0.0,C1B1,215.70213605350162,201.6
134.0,31,0.0,C1B1,223.20313708398666,201.6
134.0,33,0.0,A1B1,191.79894239865112,198.4
134.0,34,13.69782486261905,A2B2,109.04538448161783,398.4
134.0,35,0.0,A1B1,184.2978897313491,198.4
134.0,36,13.498489609167306,B1B0,198.4,56.90879933853685
134.0,37,0.0,B1B0,198.4,23.203148180135088
134.0,38,12.882581626503113,B1B0,198.4,80.14362150938985
134.0,39,11.637480692365408,A2A1,-1.6,238.3120110949621
134.0,40,0.0,B1C1,391.7989265782219,198.4
134.0,41,12.30733645760909,A1B1,97.95107377866006,198.4
134.0,42,12.431226644607865,C2B2,360.9126470737781,401.6
134.0,43,0.0,C1B1,245.7062970226553,201.6
134.0,45,15.09002158974454,B0B1,201.6,146.62785097388706
134.0,46,0.0,C1B1,238.20521134530136,201.6
134.0,48,0.018331217835874387,C1B1,253.21787593605188,201.6
134.0,49,11.22550438391524,C1C0,398.4,15.88037574013822
134.0,50,11.134686662293285,A1B1,118.63976650542257,198.4
134.0,51,8.792909722457766,C1B1,383.3955114784265,201.6
134.0,52,13.621302472938828,B2B1,198.4,224.48367136904815
134.0,53,13.959217924827236,A0B0,160.64725735984493,-1.6
134.0,54,0.0,B1A1,8.201028699673998,201.6
134.0,55,12.662218223273346,C2B2,326.33384997045226,401.6
134.0,56,0.00011104692905966313,B1B2,201.6,361.79477342705536
134.0,57,7.330443686138467,C2B2,388.119089189339,401.6
134.0,58,5.6383994389846555,A0A1,1.6,11.4740866416122
134.0,59,6.835473963625356,B2A2,3.982624237029796,401.6
134.0,60,13.357234386960352,C0C1,401.6,174.993470163842
134.0,61,13.256603071520846,C0C1,401.6,150.86960074176443
134.0,62,13.526811297739567,A0A1,1.6,130.20674328727017
134.0,63,12.944054967467972,A0A1,1.6,100.34212292044171
134.0,64,12.812895365728565,C1C2,401.6,270.20034762292175
134.0,65,11.59414866472886,B0A0,154.62426032964865,1.6
134.0,66,11.398723410684102,C1C2,401.6,223.6987234106841
135.0,12,0.0,B1B0,198.4,8.201064581947776
135.0,14,0.0,B1B2,201.6,384.29786090550994
135.0,17,0.0,C1B1,230.70416707840215,201.6
135.0,19,0.0,B1C1,384.2978790874688,198.4
135.0,20,0.0,C1B1,208.20110120969375,201.6
135.0,22,0.0,B1B2,201.6,369.2957908926177
135.0,23,0.06296233287346668,B1A1,15.7623970972692,201.6
135.0,24,0.0,B1B0,198.4,15.702067383135784
135.0,25,0.0,B1B2,201.6,391.7989299610291
135.0,26,0.0,B1C1,376.7968601373899,198.4
135.0,27,0.0,B1B2,201.6,376.7968295568328
135.0,29,0.0,B1B0,198.4,30.704163060305945
135.0,30,0.0,C1B1,215.70213605350162,201.6
135.0,31,0.0,C1B1,223.20313708398666,201.6
135.0,33,0.0,A1B1,191.79894239865112,198.4
135.0,34,13.473783263909752,A2B2,122.51916774552757,398.4
135.0,35,0.0,A1B1,184.2978897313491,198.4
135.0,36,9.818675159250144,B1B0,198.4,47.090124179286704
135.0,37,0.0,B1B0,198.4,23.203148180135088
135.0,38,13.28780531170965,B1B0,198.4,66.8558161976802
135.0,39,11.337605060204133,A2A1,-1.6,226.97440603475795
135.0,40,0.0,B1C1,391.7989265782219,198.4
135.0,41,11.63227242276042,A1B1,109.5833462014205,198.4
135.0,42,14.79716541104824,C2B2,346.11548166272985,401.6
135.0,43,0.0,C1B1,245.7062970226553,201.6
135.0,45,14.359920571182558,B0B1,201.6,160.98777154506962
135.0,46,0.0,C1B1,238.20521134530136,201.6
135.0,48,0.007386754416504965,C1B1,253.21048918163538,201.6
135.0,49,10.548381621488506,C1C0,398.4,5.331994118649703
135.0,50,11.644635199023657,A1B1,130.28440170444622,198.4
135.0,51,11.390128488241821,C1B1,372.00538299018467,201.6
135.0,52,13.180817382385998,B2B1,198.4,211.30285398666214
135.0,53,14.50703952156908,A0B0,175.154296881414,-1.6
135.0,54,0.0,B1A1,8.201028699673998,201.6
135.0,55,12.665401250443944,C2B2,313.6684487200083,401.6
135.0,56,0.0,B1B2,201.6,361.79477342705536
135.0,57,9.852557637457364,C2B2,378.2665315518816,401.6
135.0,58,7.302344378229194,A0A1,1.6,18.776431019841393
135.0,59,5.016953851028756,:A2_0,-0.5874753877328536,400.0875410204452
135.0,60,9.801816925619951,C0C1,401.6,184.79528708946197
135.0,61,13.93723066297268,C0C1,401.6,164.8068314047371
135.0,62,13.869239153260075,A0A1,1.6,144.07598244053023
135.0,63,12.81012429948926,A0A1,1.6,113.15224721993097
135.0,64,12.650304794235655,C1C2,401.6,282.85065241715745
135.0,65,11.045850176497483,B0A0,143.57841015315117,1.6
135.0,66,11.640789358186954,C1C2,401.6,235.33951276887106
135.0,67,12.703794,A1A0,-1.6,187.70000000000002
136.0,12,2.5410645819477873,:B0_9,199.2894724842021,5.955263757898955
136.0,14,0.0,B1B2,201.6,384.29786090550994
136.0,17,0.0,C1B1,230.70416707840215,201.6
136.0,19,0.0,B1C1,384.2978790874688,198.4
136.0,20,2.1050755251199007,:B1_5,206.09602568457385,201.6
136.0,22,0.0,B1B2,201.6,369.2957908926177
136.0,23,0.03428930256893559,B1A1,15.728107794700264,201.6
136.0,24,0.0,B1B0,198.4,15.702067383135784
136.0,25,2.231631210912019,:B2_4,201.42594512324956,394.018384137253
136.0,26,0.0,B1C1,376.7968601373899,198.4
136.0,27,0.0,B1B2,201.6,376.7968295568328
136.0,29,0.0,B1B0,198.4,30.704163060305945
136.0,30,0.0,C1B1,215.70213605350162,201.6
136.0,31,0.0,C1B1,223.20313708398666,201.6
136.0,33,1.6936613730620593,:B1_12,193.48575010174085,198.30203569975131
136.0,34,13.444102052944833,A2B2,135.9632697984724,398.4
136.0,35,0.0,A1B1,184.2978897313491,198.4
136.0,36,5.8994416368489535,B1B0,198.4,41.19068254243774
136.0,37,0.0,B1B0,198.4,23.203148180135088
136.0,38,9.551834127265511,B1B0,198.4,57.30398207041469
136.0,39,11.68700934968443,A2A1,-1.6,215.2873966850735
136.0,40,2.5410734217781306,:C1_12,394.04473624210107,199.2894724842021
136.0,41,11.119722327286878,A1B1,120.70306852870738,198.4
136.0,42,14.965212588240007,C2B2,331.15026907448987,401.6
136.0,43,0.0,C1B1,245.7062970226553,201.6
136.0,45,13.594108535739979,B0B1,201.6,174.5818800808096
136.0,46,0.0,C1B1,238.20521134530136,201.6
136.0,48,0.0023953802857064697,C1B1,253.20809380134966,201.6
136.0,50,11.56547102086643,A1B1,141.84987272531265,198.4
136.0,51,13.704709089951715,C1B1,358.30067390023294,201.6
136.0,53,10.00703952156908,A0B0,185.1613364029831,-1.6
136.0,54,1.57448066463651,:A1_5,6.722123362531261,201.28141557502084
136.0,55,12.85659592309367,C2B2,300.81185279691465,401.6
136.0,56,0.0,B1B2,201.6,361.79477342705536
136.0,57,11.605087472576276,C2B2,366.66144407930534,401.6
136.0,58,8.608220843394252,A0A1,1.6,27.38465186323565
136.0,59,4.699712053735219,A2A1,-1.6,395.60595833226586
136.0,60,5.301816925619951,C0C1,401.6,190.09710401508192
136.0,61,10.006532544733995,C0C1,401.6,174.8133639494711
136.0,62,13.54178611115896,A0A1,1.6,157.61776855168918
136.0,63,13.211666299868675,A0A1,1.6,126.36391351979967
136.0,64,12.230077162867913,C1C2,401.6,295.0807295800254
136.0,65,11.409876618947022,B0A0,132.16853353420413,1.6
136.0,66,12.352041527172037,C1C2,401.6,247.69155429604308
136.0,67,12.05734644942475,A1A0,-1.6,175.64265355057526
137.0,12,3.7108338789762554,B0B1,201.6,7.780833878976248
137.0,14,1.9604633157897213,B1B2,201.6,386.25832422129963
137.0,17,0.0,C1B1,230.70416707840215,201.6
137.0,19,1.922799800709988,B1C1,386.2206788881788,198.4
137.0,20,4.285388311045244,:B1_5,201.8106373735286,201.6
137.0,22,0.0,B1B2,201.6,369.2957908926177
137.0,23,1.5740786636808934,B1A1,14.15402913101937,201.6
137.0,24,1.8544210596130686,B1B0,198.4,13.847646323522724
137.0,25,4.470333751663566,:B2_4,200.117373443429,398.204377594285
137.0,26,0.0,B1C1,376.7968601373899,198.4
137.0,27,0.0,B1B2,201.6,376.7968295568328
137.0,29,0.0,B1B0,198.4,30.704163060305945
137.0,30,1.536635522943715,C1B1,214.1655005305579,201.6
137.0,31,0.0,C1B1,223.20313708398666,201.6
137.0,33,3.5428995054215195,:B1_12,196.7602960136651,197.14382239180094
137.0,34,13.59795785247919,A2B2,149.5612276509516,398.4
137.0,35,1.4685569729431744,A1B1,185.76644670429226,198.4
137.0,36,2.2813030027381433,B1B0,198.4,38.909379539699586
137.0,37,0.0,B1B0,198.4,23.203148180135088
137.0,38,6.5191990913525455,B1B0,198.4,50.78478297906216
137.0,40,3.4947295326656103,C1B1,392.4352704673344,201.6
137.0,41,11.135972006204023,A1B1,131.8390405349114,198.4
137.0,42,15.093420553924132,C2B2,316.0568485205657,401.6
137.0,43,0.0,C1B1,245.7062970226553,201.6
137.0,45,10.084088944397939,B0B1,201.6,184.66596902520754
137.0,46,0.0,C1B1,238.20521134530136,201.6
137.0,48,0.0005271791131191402,C1B1,253.20756662223656,201.6
137.0,50,11.470576354269184,A1B1,153.32044907958183,198.4
137.0,51,15.662146287427568,C1B1,342.6385276128054,201.6
137.0,53,5.50703952156908,A0B0,190.66837592455218,-1.6
137.0,54,0.633510561178068,:A1_5,6.194197894882871,200.92946526325525
137.0,55,13.108831779932194,C2B2,287.70302101698246,401.6
137.0,56,0.0,B1B2,201.6,361.79477342705536
137.0,57,14.136553051610106,C2B2,352.5248910276952,401.6
137.0,58,10.664688976603525,A0A1,1.6,38.04934083983918
137.0,59,6.843407672715783,A2A1,-1.6,388.7625506595501
137.0,60,0.8694212002314198,C0C1,401.6,190.96652521531334
137.0,61,5.506532544733995,C0C1,401.6,180.3198964942051
137.0,62,13.844327959803575,A0A1,1.6,171.46209651149275
137.0,63,13.442216208507606,A0A1,1.6,139.80612972830724
137.0,64,12.989688326831477,C1C2,401.6,308.07041790685685
137.0,65,11.534619839413212,B0A0,120.63391369479093,1.6
137.0,66,11.7213465125388,C1C2,401.6,259.41290080858187
137.0,67,12.34314702484315,A1A0,-1.6,163.2995065257321
137.0,68,5.50703952156908,A0B0,8.3,-1.6
138.0,12,5.170305809353441,B0B1,201.6,12.95113968832969
138.0,14,3.9358057574891894,B1B2,201.6,390.19412997878885
138.0,17,0.0,C1B1,230.70416707840215,201.6
138.0,19,4.281547945436257,B1C1,390.50222683361505,198.4
138.0,20,6.322202999331056,:B1_5,195.48843437419757,201.6
138.0,22,0.0,B1B2,201.6,369.2957908926177
138.0,23,0.5236719279449628,B1A1,13.630357203074396,201.6
138.0,24,3.890240122433888,B1B0,198.4,9.957406201088844
138.0,25,6.967971726603992,:B2_4,194.30608095419493,401.38484557797216
138.0,26,1.0580101576218344,B1C1,377.8548702950118,198.4
138.0,27,1.7006810066487974,B1B2,201.6,378.49751056348157
138.0,29,0.0,B1B0,198.4,30.704163060305945
138.0,30,3.4390134213993124,C1B1,210.72648710915857,201.6
138.0,31,1.2963143804615198,C1B1,221.90682270352514,201.6
138.0,33,6.091527211596258,B1B0,198.4,191.50296951126904
138.0,34,12.581699173474805,A2B2,162.1429268244264,398.4
138.0,35,3.1424299774775752,A1B1,188.90887668176984,198.4
138.0,36,0.3917374635206276,B1B0,198.4,38.51764207617896
138.0,37,1.4750779203111684,B1B0,198.4,21.72807025982391
138.0,38,4.288871932279356,B1B0,198.4,46.495911046782794
138.0,40,5.666509815460108,C1B1,386.7687606518743,201.6
138.0,41,11.290345571763861,A1B1,143.12938610667524,198.4
138.0,42,14.945616340693546,C2B2,301.11123217987216,401.6
138.0,43,0.0,C1B1,245.7062970226553,201.6
138.0,45,5.584088944397939,B0B1,201.6,190.25005796960548
138.0,46,0.0,C1B1,238.20521134530136,201.6
138.0,48,0.00016153655290313587,C1B1,253.20740508568366,201.6
138.0,50,10.57654908319401,A1B1,163.89699816277584,198.4
138.0,51,15.444564253876269,C1B1,327.1939633589291,201.6
138.0,53,1.0070395215690802,A0B0,191.67541544612126,-1.6
138.0,54,0.06991958151004952,:A1_5,6.135931576957829,200.89062105130523
138.0,55,13.459683860622869,C2B2,274.2433371563596,401.6
138.0,56,0.0,B1B2,201.6,361.79477342705536
138.0,57,14.780541625431555,C2B2,337.74434940226365,401.6
138.0,58,12.976356683211366,A0A1,1.6,51.02569752305054
138.0,59,9.32123303904891,A2A1,-1.6,379.44131762050114
138.0,60,0.7566948421735692,C0C1,401.6,191.7232200574869
138.0,61,2.9869606405771827,C0C1,401.6,183.3068571347823
138.0,62,12.104505214763691,A0A1,1.6,183.56660172625644
138.0,63,12.59883973847639,A0A1,1.6,152.40496946678363
138.0,64,12.257181947928423,C1C2,401.6,320.32759985478526
138.0,65,12.082125800748475,B0A0,108.55178789404246,1.6
138.0,66,11.91777452834365,C1C2,401.6,271.33067533692554
138.0,67,11.547392489579744,A1A0,-1.6,151.75211403615236
138.0,68,7.695350822857275,A0B0,15.99535082285728,-1.6
139.0,12,6.616080158946999,B0B1,201.6,19.56721984727669
139.0,14,6.205279390892148,:B2_4,201.09088694776065,396.3637913656754
139.0,17,0.6986319761607042,C1B1,230.00553510224145,201.6
139.0,20,8.388715494819916,B1A1,187.09971887937766,201.6
139.0,22,0.8678734869681836,B1B2,201.6,370.16366437958584
139.0,23,0.16804040037981377,B1A1,13.462316802694573,201.6
139.0,24,3.013805,:B0_2,198.54244377717285,6.986334334240721
139.0,25,6.699024422307685,B2A2,187.62210892748365,401.6
139.0,26,3.290274792681817,B1C1,381.14514508769355,198.4
139.0,27,4.108785873699769,B1B2,201.6,382.60629643718136
139.0,29,1.1373553662519817,B1B0,198.4,29.56680769405395
139.0,30,5.733772133829797,:B1_4,205.01455719408622,201.91220611513052
139.0,31,2.4230780117477133,C1B1,219.48374469177742,201.6
139.0,33,7.751964293420315,B1B0,198.4,183.75100521784873
139.0,34,12.729476326793552,A2B2,174.87240315121997,398.4
139.0,35,4.9636272338070455,:B1_13,193.87250391557689,198.4
139.0,36,0.20407334528594662,B1B0,198.4,38.313568730893024
139.0,37,3.251579641641155,B1B0,198.4,18.476490618182766
139.0,38,0.38034787255606944,B1B0,198.4,46.115563174226736
139.0,40,7.417402466843873,C1B1,379.35135818503045,201.6
139.0,41,10.636133705412155,A1B1,153.7655198120874,198.4
139.0,42,14.717675792123199,C2B2,286.39355638774896,401.6
139.0,43,0.0,C1B1,245.7062970226553,201.6
139.0,45,1.2232818642021939,B0B1,201.6,191.47333983380767
139.0,46,0.0,C1B1,238.20521134530136,201.6
139.0,48,0.0,C1B1,253.20740508568366,201.6
139.0,50,10.320369261868617,A1B1,174.21736742464446,198.4
139.0,51,15.330455023275972,C1B1,311.86350833565314,201.6
139.0,53,0.11094758476931489,A0B0,191.78636303089058,-1.6
139.0,54,0.05694334236854028,:A1_5,6.088478791650712,200.85898586110048
139.0,55,13.432923178042808,C2B2,260.8104139783168,401.6
139.0,56,0.0,B1B2,201.6,361.79477342705536
139.0,57,15.51759932385646,C2B2,322.22675007840724,401.6
139.0,58,13.450763947781638,A0A1,1.6,64.47646147083219
139.0,59,11.3139574760361,A2A1,-1.6,368.12736014446506
139.0,60,0.0688566571321476,C0C1,401.6,191.79207671461907
139.0,61,0.8104375156738907,C0C1,401.6,184.1172946504562
139.0,62,8.899209908505787,A0A1,1.6,192.46581163476222
139.0,63,13.301888283831367,A0A1,1.6,165.706857750615
139.0,64,11.75453976345578,C1C2,401.6,332.08213961824106
139.0,65,11.05191499539011,B0A0,97.49987289865236,1.6
139.0,66,12.177867148615839,C1C2,401.6,283.5085424855414
139.0,67,11.644950059829519,A1A0,-1.6,140.10716397632285
139.0,68,9.128369071851179,A0B0,25.123719894708458,-1.6
139.0,69,0.43964708640301914,C0C1,401.6,8.3
140.0,12,8.559458972441927,B0B1,201.6,28.126678819718617
140.0,14,6.973472703536172,:B2_4,196.3813246875114,401.0883821874984
140.0,17,2.1991719769810905,C1B1,227.80636312526036,201.6
140.0,20,10.674042198969982,B1A1,176.42567668040766,201.6
140.0,22,3.223482399874793,B1B2,201.6,373.38714677946064
140.0,23,0.06212342027044082,B1A1,13.400193382424135,201.6
140.0,24,1.871866580057256,:B0_9,199.815808132466,5.692095933767
140.0,25,8.477759033678286,B2A2,179.14434989380538,401.6
140.0,26,5.71579769282173,B1C1,386.8609427805153,198.4
140.0,27,5.5680321235732615,B1B2,201.6,388.1743285607546
140.0,29,2.585228660945102,B1B0,198.4,26.981579033108858
140.0,30,7.243936949939713,B1B2,201.6,207.62122197461093
140.0,31,4.192686906855817,C1B1,215.2910577849216,201.6
140.0,33,9.136819975450635,B1B0,198.4,174.6141852423981
140.0,34,12.79350709758804,A2B2,187.66591024880802,398.4
140.0,35,6.370829546622979,:B1_13,200.24333346219984,198.4
140.0,36,1.1574811605918867,B1B0,198.4,37.15608757030114
140.0,37,3.581102904632421,B1B0,198.4,14.895387713550349
140.0,38,0.26302512757496754,B1B0,198.4,45.85253804665177
140.0,40,8.747205535197667,C1B1,370.60415264983277,201.6
140.0,41,10.142673237812005,A1B1,163.9081930498994,198.4
140.0,42,13.903172654825863,C2B2,272.4903837329231,401.6
140.0,43,0.0,C1B1,245.7062970226553,201.6
140.0,45,0.17069117754139013,B0B1,201.6,191.64403101134906
140.0,46,0.46004123015325404,C1B1,237.7451701151481,201.6
140.0,48,0.0,C1B1,253.20740508568366,201.6
140.0,50,8.369864176610852,A1B1,182.58723160125533,198.4
140.0,51,15.402537240267083,C1B1,296.46097109538607,201.6
140.0,53,0.006969614327293868,A0B0,191.79333264521787,-1.6
140.0,54,0.003075482027902601,:A1_5,6.085915889960793,200.85727725997387
140.0,55,13.214509365468809,C2B2,247.59590461284796,401.6
140.0,56,0.47331009215063374,B1B2,201.6,362.268083519206
140.0,57,15.378088505797836,C2B2,306.8486615726094,401.6
140.0,58,14.141362990564199,A0A1,1.6,78.6178244613964
140.0,59,12.646318595629669,A2A1,-1.6,355.4810415488354
140.0,60,0.005670227344543357,C0C1,401.6,191.79774694196362
140.0,61,0.10858051187788749,C0C1,401.6,184.22587516233406
140.0,62,5.530473670361556,:A1_6,3.5842887952151385,197.3505732771291
140.0,63,11.744343060624473,A0A1,1.6,177.4512008112395
140.0,64,12.496710266120301,C1C2,401.6,344.5788498843614
140.0,65,11.660302418883079,B0A0,85.83957047976926,1.6
140.0,66,12.118690206771204,C1C2,401.6,295.6272326923126
140.0,67,11.419349721102282,A1A0,-1.6,128.68781425522056
140.0,68,11.057621832801654,A0B0,36.18134172751012,-1.6
140.0,69,2.7148322401993568,C0C1,401.6,11.014832240199357
141.0,12,10.493938993288166,B0B1,201.6,38.62061781300678
141.0,14,6.942173834345676,B2A2,189.47494409243717,401.6
141.0,17,3.6735775692985744,C1B1,224.1327855559618,201.6
141.0,20,12.206347854365594,B1A1,164.21932882604207,201.6
141.0,22,5.683110417726876,B1B2,201.6,379.0702571971875
141.0,23,0.033071951885041403,B1A1,13.3671214305391,201.6
141.0,24,2.5012976699791105,:B0_9,201.57756215084422,7.166343226266341
141.0,25,10.466353647042252,B2A2,168.67799624676312,401.6
141.0,26,7.216589774151705,:C1_7,394.06489071402706,198.58069867343244
141.0,27,6.2154513215265625,:B2_4,201.3751359722863,394.37404819399586
141.0,29,4.428879392962772,B1B0,198.4,22.552699640146074
141.0,30,9.577097109699869,B1B2,201.6,217.19831908431078
141.0,31,6.351484905489053,C1B1,208.93957287943255,201.6
141.0,33,10.546572717605159,B1B0,198.4,164.06761252479293
141.0,35,7.906721096354585,B1C1,208.15005455855442,198.4
141.0,36,1.9519112184452005,B1B0,198.4,35.20417635185595
141.0,37,2.100417226620815,B1B0,198.4,12.794970486929543
141.0,38,1.0438667849769478,B1B0,198.4,44.80867126167482
141.0,40,10.961962083090132,C1B1,359.6421905667426,201.6
141.0,41,9.283348249240968,A1B1,173.19154129914037,198.4
141.0,42,13.205906747882835,C2B2,259.2844769850402,401.6
141.0,43,0.37859656788605184,C1B1,245.32770045476923,201.6
141.0,45,0.12561979230474973,B0B1,201.6,191.7696508036538
141.0,46,1.5435491957335632,C1B1,236.20162091941455,201.6
141.0,48,0.0,C1B1,253.20740508568366,201.6
141.0,50,7.707035157392005,A1B1,190.29426675864732,198.4
141.0,51,14.450414140438255,C1B1,282.0105569549478,201.6
141.0,53,0.004911998011675094,A0B0,191.79824464322954,-1.6
141.0,54,0.001450603968991707,:A1_5,6.084707053319967,200.85647136888
141.0,55,12.987217949348093,C2B2,234.60868666349987,401.6
141.0,56,2.949029208173444,B1B2,201.6,365.21711272737946
141.0,57,14.88705341778584,C2B2,291.9616081548235,401.6
141.0,58,14.010768505148121,A0A1,1.6,92.62859296654452
141.0,59,12.382064366719238,A2A1,-1.6,343.09897718211613
141.0,60,0.0012096810221487308,C0C1,401.6,191.79895662298577
141.0,61,0.05406762758962838,C0C1,401.6,184.2799427899237
141.0,62,6.3940895286835655,A1B1,9.760374833807319,198.4
141.0,63,8.311193547272563,A0A1,1.6,185.76239435851204
141.0,64,11.95486734918648,C1C2,401.6,356.5337172335478
141.0,65,11.180726485902564,B0A0,74.65884399386671,1.6
141.0,66,11.761037846942852,C1C2,401.6,307.3882705392555
141.0,67,12.049788120440446,A1A0,-1.6,116.6380261347801
141.0,68,13.544694192851587,A0B0,49.72603592036171,-1.6
141.0,69,5.229274219270482,C0C1,401.6,16.244106459469844
141.0,70,4.014329468122179,B1B0,198.4,187.70000000000002
142.0,12,12.614062798277438,B0B1,201.6,51.234680611284226
142.0,14,8.794917937219514,B2A2,180.68002615521766,401.6
142.0,17,6.005883081666322,C1B1,218.12690247429546,201.6
142.0,20,13.554057323317991,B1A1,150.66527150272407,201.6
142.0,22,6.346403241337735,B1B2,201.6,385.41666043852524
142.0,23,0.0034541751849384615,B1A1,13.363667255354159,201.6
142.0,24,2.7514717126314716,B0B1,201.6,9.911034761578975
142.0,25,11.116487234267533,B2A2,157.56150901249558,401.6
142.0,26,6.805488100887649,:C1_7,399.90841202134266,201.44735336890443
142.0,27,6.382204140503518,:B2_4,198.64787466536842,399.85127520077896
142.0,29,1.4292137876443327,B1B0,198.4,21.123485852501744
142.0,30,11.502697519929395,B1B2,201.6,228.70101660424018
142.0,31,6.324746405014448,:B1_4,202.96389036627397,203.06018272287673
142.0,33,12.885033193882554,B1B0,198.4,151.1825793309104
142.0,35,9.3615450321781,B1C1,217.51159959073252,198.4
142.0,36,3.5002789204981286,B1B0,198.4,31.70389743135783
142.0,37,1.6818755740186069,B1B0,198.4,11.113094912910924
142.0,38,2.0392954869639492,B1B0,198.4,42.76937577471088
142.0,40,12.561122912299854,C1B1,347.0810676544428,201.6
142.0,41,7.467723202131901,A1B1,180.65926450127228,198.4
142.0,42,13.973902539654036,C2B2,245.3105744453862,401.6
142.0,43,1.3391432368045566,C1B1,243.98855721796468,201.6
142.0,45,0.02069307838060854,B0B1,201.6,191.79034388203442
142.0,46,3.427475925358654,C1B1,232.7741449940559,201.6
142.0,48,0.2480754189905563,C1B1,252.9593296666931,201.6
142.0,50,7.941080713369657,:B1_13,198.23534747201697,198.4
142.0,51,10.55721675046679,C1B1,271.45334020448104,201.6
142.0,53,0.0006809102451247424,A0B0,191.79892555347467,-1.6
142.0,54,0.0004983951518757349,:A1_5,6.084291724026738,200.85619448268451
142.0,55,12.186413013799063,C2B2,222.4222736497008,401.6
142.0,56,4.539324426314262,B1B2,201.6,369.7564371536937
142.0,57,15.364890248373898,C2B2,276.5967179064496,401.6
142.0,58,14.018501973463685,A0A1,1.6,106.64709494000822
142.0,59,12.915603289875687,A2A1,-1.6,330.18337389224047
142.0,60,0.0,C0C1,401.6,191.79895662298577
142.0,61,0.01174871034483172,C0C1,401.6,184.2916915002685
142.0,62,8.526676448362872,A1B1,18.287051282170193,198.4
142.0,63,6.215664226826266,A0A1,1.6,191.97805858533832
142.0,64,12.655394947127007,C1C2,401.6,369.18911218067484
142.0,65,11.659619094029189,B0A0,62.999224899837515,1.6
142.0,66,11.61682963183564,C1C2,401.6,319.0051001710911
142.0,67,12.550886134389096,A1A0,-1.6,104.08714000039102
142.0,68,14.259138799295203,A0B0,63.98517471965691,-1.6
142.0,69,7.156609339705355,C0C1,401.6,23.400715799175195
142.0,70,6.127607502405027,B1B0,198.4,181.572392497595
143.0,12,13.413212260688148,B0B1,201.6,64.64789287197239
143.0,14,11.1160613590762,B2A2,169.56396479614145,401.6
143.0,17,6.800324429696707,C1B1,211.32657804459876,201.6
143.0,20,13.489031456238607,B1A1,137.17624004648547,201.6
143.0,22,6.3450654852965656,B1B2,201.6,391.7617259238218
143.0,23,0.0013003767364372545,B1A1,13.362366878617735,201.6
143.0,24,4.907987228343562,B0B1,201.6,14.81902198992254
143.0,25,11.806504499768034,B2A2,145.75500451272757,401.6
143.0,26,6.28721915363092,C1C2,401.6,207.38023980918555
143.0,27,6.79362509650141,B2A2,192.2243908807139,401.6
143.0,29,1.6433383386737326,B1B0,198.4,19.480147513828
143.0,30,13.274040249892757,B1B2,201.6,241.97505685413296
143.0,31,6.751897255897202,B1B2,201.6,209.5070707814791
143.0,33,14.26703796298243,B1B0,198.4,136.91554136792794
143.0,35,10.716181286735507,B1C1,228.22778087746804,198.4
143.0,36,2.660597861257991,B1B0,198.4,29.043299570099833
143.0,37,2.6988232994268833,B1B0,198.4,8.414271613484033
143.0,38,3.1992885969582963,B1B0,198.4,39.57008717775258
143.0,40,13.24912786948955,C1B1,333.8319397849532,201.6
143.0,41,8.434703930665583,A1B1,189.09396843193787,198.4
143.0,42,13.196697010411505,C2B2,232.1138774349747,401.6
143.0,43,3.6438867301807982,C1B1,240.34467048778387,201.6
143.0,45,0.0070842537123719,B0B1,201.6,191.7974281357468
143.0,46,4.738825532687539,C1B1,228.03531946136835,201.6
143.0,48,1.419900236181171,C1B1,251.53942943051192,201.6
143.0,50,9.191570384172607,B1C1,207.42691785618956,198.4
143.0,51,6.903574223115862,C1B1,264.5497659813651,201.6
143.0,53,0.0,A0B0,191.79892555347467,-1.6
143.0,54,0.00010876619002939136,:A1_5,6.084201085535046,200.85613405702338
143.0,55,8.751219064038521,C2B2,213.6710545856623,401.6
143.0,56,6.450152273488631,B1B2,201.6,376.2065894271824
143.0,57,15.656257031833569,C2B2,260.94046087461606,401.6
143.0,58,13.294374387184622,A0A1,1.6,119.94146932719283
143.0,59,12.329347253061384,A2A1,-1.6,317.8540266391791
143.0,60,0.0,C0C1,401.6,191.79895662298577
143.0,61,0.004554056141912438,C0C1,401.6,184.2962455564104
143.0,62,10.157126703088164,A1B1,28.444177985258357,198.4
143.0,63,6.315532570145913,:A1_6,3.839266373347355,197.50355982400842
143.0,64,12.371021784696296,C1C2,401.6,381.56013396537116
143.0,65,11.847802289359391,B0A0,51.151422610478136,1.6
143.0,66,11.874941764664324,C1C2,401.6,330.8800419357554
143.0,67,12.562452429607749,A1A0,-1.6,91.52468757078327
143.0,68,13.746707322052123,A0B0,77.73188204170904,-1.6
143.0,69,8.768298041653505,C0C1,401.6,32.169013840828704
143.0,70,8.564343117166738,B1B0,198.4,173.00804938042825
143.0,71,13.513581,A2B2,8.3,398.4
144.0,12,13.798068352221005,B0B1,201.6,78.44596122419338
144.0,14,12.11794151967164,B2A2,157.44602327646982,401.6
144.0,17,3.119778406211026,C1B1,208.20679963838774,201.6
144.0,20,13.914743212205375,B1A1,123.26149683428008,201.6
144.0,22,7.313822573957208,:B2_4,199.8216703287469,398.6972161187552
144.0,23,0.00029463906682599913,B1A1,13.362072239550912,201.6
144.0,24,7.362915615067186,B0B1,201.6,22.181937604989727
144.0,25,11.876322230273054,B2A2,133.8786822824545,401.6
144.0,26,8.02323277220819,C1C2,401.6,215.40347258139374
144.0,27,8.61674374385234,B2A2,183.60764713686157,401.6
144.0,29,3.4900881469426444,B1B0,198.4,15.990059366885362
144.0,30,15.003430433659128,B1B2,201.6,256.97848728779206
144.0,31,8.793268841488898,B1B2,201.6,218.30033962296798
144.0,33,16.13416053518173,B1B0,198.4,120.78138083274621
144.0,35,12.086456477557356,B1C1,240.3142373550254,198.4
144.0,36,1.1718828208319452,B1B0,198.4,27.871416749267894
144.0,37,4.169925355660096,:B0_1,198.81805800438175,4.2735939693275995
144.0,38,2.1690728998534943,B1B0,198.4,37.401014277899094
144.0,40,13.516307076481118,C1B1,320.3156327084721,201.6
144.0,41,9.575637062025422,:B1_13,198.6696054939633,198.4
144.0,42,8.696697010411505,C2B2,223.4171804245632,401.6
144.0,43,4.530936888708439,C1B1,235.81373359907545,201.6
144.0,45,0.0009641649325659125,B0B1,201.6,191.79839230067935
144.0,46,7.078576386380651,C1B1,220.95674307498768,201.6
144.0,48,2.4189573245645697,C1B1,249.12047210594736,201.6
144.0,50,11.404214689200995,B1C1,218.83113254539055,198.4
144.0,51,4.925581301209987,C1B1,259.62418468015517,201.6
144.0,53,0.0,A0B0,191.79892555347467,-1.6
144.0,54,0.0,:A1_5,6.084201085535046,200.85613405702338
144.0,55,4.296433674678487,C2B2,209.3746209109838,401.6
144.0,56,6.647003236216675,B1B2,201.6,382.853592663399
144.0,57,14.169743070102738,C2B2,246.77071780451334,401.6
144.0,58,13.361718564792067,A0A1,1.6,133.3031878919849
144.0,59,12.905871663667746,A2A1,-1.6,304.94815497551133
144.0,60,0.0,C0C1,401.6,191.79895662298577
144.0,61,0.001098533612399464,C0C1,401.6,184.29734409002282
144.0,62,12.63315080476272,A1B1,41.077328790021085,198.4
144.0,63,5.536528381542191,A1B1,9.200119537026403,198.4
144.0,64,9.370566425848743,C1C2,401.6,390.9307003912199
144.0,65,12.130455823818341,B0A0,39.020966786659784,1.6
144.0,66,11.610583387859585,C1C2,401.6,342.490625323615
144.0,67,12.400664424295776,A1A0,-1.6,79.12402314648747
144.0,68,14.335608220076562,A0B0,92.06749026178561,-1.6
144.0,69,10.34675746904282,C0C1,401.6,42.51577130987153
144.0,70,10.398704757111574,B1B0,198.4,162.60934462331667
144.0,71,12.261151669581183,A2B2,20.561151669581186,398.4
145.0,12,14.03479868952693,B0B1,201.6,92.4807599137203
145.0,14,12.270075495132946,B2A2,145.17594778133687,401.6
145.0,17,1.1909078905857102,:B1_7,207.04657645650167,201.4977176376678
145.0,20,13.71359501331115,B1A1,109.54790182096893,201.6
145.0,22,7.065683348081074,:B2_4,193.64036915741323,401.4799472632267
145.0,23,0.0,B1A1,13.362072239550912,201.6
145.0,24,9.908120263815226,B0B1,201.6,32.090057868804955
145.0,25,10.918352482533209,B2A2,122.96032979992128,401.6
145.0,26,10.306051292347162,C1C2,401.6,225.70952387374092
145.0,27,10.943452473277784,B2A2,172.6641946635838,401.6
145.0,29,3.5024055169479222,B1B0,198.4,12.48765384993743
145.0,30,15.328781525339277,B1B2,201.6,272.3072688131314
145.0,31,10.430313895091093,B1B2,201.6,228.73065351805909
145.0,33,15.072328822971182,B1B0,198.4,105.70905200977502
145.0,35,13.834692630042873,B1C1,254.14892998506826,198.4
145.0,36,3.113926343460901,B1B0,198.4,24.757490405807005
145.0,37,6.385090853069276,:B0_1,202.52601160490087,-0.555606962940531
145.0,38,1.3603052178600756,B1B0,198.4,36.040709060039006
145.0,40,13.129056567996688,C1B1,307.1865761404754,201.6
145.0,41,11.16834299355323,B1C1,209.8379484875165,198.4
145.0,42,5.480680521049219,C2B2,217.936499903514,401.6
145.0,43,6.972728861855049,C1B1,228.8410047372204,201.6
145.0,45,0.0004810092990924912,B0B1,201.6,191.79887330997843
145.0,46,4.478522625955593,C1B1,216.47822044903208,201.6
145.0,48,4.019115037686304,C1B1,245.10135706826105,201.6
145.0,50,10.616370535119682,B1C1,229.44750308051024,198.4
145.0,51,2.2083929051203928,C1B1,257.4157917750348,201.6
145.0,53,0.0,A0B0,191.79892555347467,-1.6
145.0,54,0.0,:A1_5,6.084201085535046,200.85613405702338
145.0,55,1.0404336722434047,C2B2,208.33418723874038,401.6
145.0,56,7.239000661509938,B1B2,201.6,390.092593324909
145.0,57,11.138367380313708,C2B2,235.63235042419964,401.6
145.0,58,13.742887727156745,A0A1,1.6,147.04607561914165
145.0,59,12.866185210884101,A2A1,-1.6,292.0819697646272
145.0,60,0.0,C0C1,401.6,191.79895662298577
145.0,61,0.00034549773285776975,C0C1,401.6,184.29768958775568
145.0,62,14.029940075463326,A1B1,55.10726886548441,198.4
145.0,63,7.603365127346367,A1B1,16.80348466437277,198.4
145.0,64,4.89051247624127,C1C2,401.6,395.82121286746116
145.0,65,12.227736004342445,B0A0,26.79323078231735,1.6
145.0,66,12.041484293909232,C1C2,401.6,354.53210961752427
145.0,67,11.436752971778862,A1A0,-1.6,67.68727017470863
145.0,68,13.469756474275515,A0B0,105.53724673606114,-1.6
145.0,69,12.581908205683028,C0C1,401.6,55.09767951555457
145.0,70,12.12664038114106,B1B0,198.4,150.4827042421756
145.0,71,13.038589396198974,A2B2,33.599741065780165,398.4
145.0,72,6.856797506655575,B1A1,187.70000000000002,201.6
146.0,12,14.151963885934517,B0B1,201.6,106.63272379965484
146.0,14,10.91174884713057,B2A2,134.2641989342063,401.6
146.0,17,0.8752986875136564,:B1_7,206.31716088357365,201.0114405890491
146.0,20,12.935463457033054,B1A1,96.61243836393588,201.6
146.0,22,6.609256355999968,B2A2,187.03951179813998,401.6
146.0,23,0.0,B1A1,13.362072239550912,201.6
146.0,24,10.456943362766646,B0B1,201.6,42.547001231571606
146.0,25,11.53550782808581,B2A2,111.42482197183547,401.6
146.0,26,11.94235039701424,C1C2,401.6,237.65187427075514
146.0,27,12.377057799622014,B2A2,160.2871368639618,401.6
146.0,29,5.640289440313657,:B0_1,198.44987801144737,6.8508539198685225
146.0,30,15.554405392883623,B1B2,201.6,287.861674206015
146.0,31,12.764306968923336,B1B2,201.6,241.49496048698242
146.0,33,15.442683945461036,B1B0,198.4,90.26636806431397
146.0,35,12.963345691549213,B1C1,267.1122756766175,198.4
146.0,36,4.16817151776388,B1B0,198.4,20.589318888043124
146.0,37,7.871175181358419,B0C0,210.22191977660373,-1.6
146.0,38,3.4969320064754177,B1B0,198.4,32.54377705356359
146.0,40,13.116169643117994,C1B1,294.0704064973574,201.6
146.0,41,10.118023958441546,B1C1,219.95597244595805,198.4
146.0,42,1.8534234728980812,C2B2,216.08307643061593,401.6
146.0,43,3.4192282410309973,C1B1,225.4217764961894,201.6
146.0,45,0.0,B0B1,201.6,191.79887330997843
146.0,46,1.2016253281816835,C1B1,215.2765951208504,201.6
146.0,48,5.452731624786855,C1B1,239.6486254434742,201.6
146.0,50,11.260285061052315,B1C1,240.70778814156256,198.4
146.0,51,3.9659669700805598,C1B1,253.4498248049542,201.6
146.0,53,0.0,A0B0,191.79892555347467,-1.6
146.0,54,2.5124052052851766,:A1_11,6.518626919641503,198.85424872023899
146.0,55,0.07938682089422001,C2B2,208.25480041784616,401.6
146.0,56,6.774169879941084,:B2_4,200.9582589103485,396.80290181608586
146.0,57,6.719635270033501,C2B2,228.91271515416614,401.6
146.0,58,14.01038213403383,A0A1,1.6,161.05645775317547
146.0,59,12.553928776906357,A2A1,-1.6,279.52804098772083
146.0,60,0.0,C0C1,401.6,191.79895662298577
146.0,61,0.00018809048359688294,C0C1,401.6,184.29787767823927
146.0,62,13.616665396153637,A1B1,68.72393426163805,198.4
146.0,63,9.077078098337987,A1B1,25.88056276271076,198.4
146.0,64,5.6266749681476425,:C2_0,399.73286224895486,400.8002826506271
146.0,65,11.561507724102707,B0A0,15.23172305821464,1.6
146.0,66,11.366397886056872,C1C2,401.6,365.8985075035811
146.0,67,12.321003510086104,A1A0,-1.6,55.366266664622515
146.0,68,14.058182990364172,A0B0,119.59542972642531,-1.6
146.0,69,13.008478315529839,C0C1,401.6,68.1061578310844
146.0,70,12.934424144028014,B1B0,198.4,137.5482800981476
146.0,71,13.328909527311795,A2B2,46.92865059309196,398.4
146.0,72,9.398787155253821,B1A1,178.30121284474617,201.6
147.0,12,13.697947281101213,B0B1,201.6,120.33067108075605
147.0,14,11.919621068376085,B2A2,122.3445778658302,401.6
147.0,17,2.362218007878065,:B1_19,206.16094350389645,199.09270433073567
147.0,20,13.68354927170092,B1A1,82.92888909223494,201.6
147.0,22,8.120243072486483,B2A2,178.9192687256535,401.6
147.0,23,1.6290359343517828,B1A1,11.733036305199136,201.6
147.0,24,11.340788590979532,B0B1,201.6,53.887789822551134
147.0,25,10.86336782713899,B2A2,100.56145414469648,401.6
147.0,26,12.114336163352425,C1C2,401.6,249.7662104341076
147.0,27,12.657944291312777,B2A2,147.629192572649,401.6
147.0,29,7.045404898495972,:B0_1,200.8598957599891,0.4440625440065441
147.0,30,16.011497027208375,B1B2,201.6,303.8731712332234
147.0,31,14.091033651780014,B1B2,201.6,255.58599413876243
147.0,33,15.834847071491973,B1B0,198.4,74.43152099282199
147.0,35,13.411547712294006,B1C1,280.5238233889115,198.4
147.0,36,5.307485527353965,B1B0,198.4,15.281833360689149
147.0,37,9.963112999550365,B0C0,220.18503277615412,-1.6
147.0,38,3.3893882799927484,B1B0,198.4,29.154388773570844
147.0,40,13.390471973614714,C1B1,280.6799345237427,201.6
147.0,41,10.727035171256002,B1C1,230.68300761721406,198.4
147.0,42,0.2688477526773366,C2B2,215.8142286779386,401.6
147.0,43,1.7630692961098013,C1B1,223.65870720007962,201.6
147.0,45,0.0,B0B1,201.6,191.79887330997843
147.0,46,1.5467168741244248,C1B1,213.72987824672597,201.6
147.0,48,4.427831217789116,C1B1,235.2207942256851,201.6
147.0,50,11.393246680767522,B1C1,252.10103482233006,198.4
147.0,51,4.9196805178142595,C1B1,248.53014428713993,201.6
147.0,53,0.0,A0B0,191.79892555347467,-1.6
147.0,54,3.0712939207249508,A1B1,9.452657823368073,198.4
147.0,55,0.041706028681013474,C2B2,208.21309438916515,401.6
147.0,56,6.941062199928612,:B2_4,195.9506853435586,401.14990209377737
147.0,57,3.9676871971049468,C2B2,224.9450279570612,401.6
147.0,58,13.76605464027682,A0A1,1.6,174.82251239345229
147.0,59,13.257139810786136,A2A1,-1.6,266.2709011769347
147.0,60,0.0,C0C1,401.6,191.79895662298577
147.0,61,0.0,C0C1,401.6,184.29787767823927
147.0,62,13.514075435827197,A1B1,82.23800969746524,198.4
147.0,63,11.23753032006778,A1B1,37.11809308277854,198.4
147.0,64,5.609326410204164,C2B2,394.28278575418705,401.6
147.0,65,7.877389083053106,B0A0,7.3543339751615235,1.6
147.0,66,11.510609852577979,C1C2,401.6,377.4091173561591
147.0,67,11.483036349462584,A1A0,-1.6,43.88323031515992
147.0,68,13.44800819521714,A0B0,133.04343792164244,-1.6
147.0,69,13.225598160905259,C0C1,401.6,81.33175599198967
147.0,70,12.988879529524855,B1B0,198.4,124.55940056862273
147.0,71,12.24083876792504,A2B2,59.169489361017,398.4
147.0,72,11.602588115651168,B1A1,166.698624729095,201.6
147.0,73,14.663673000000001,B1B2,201.6,212.29999999999998
148.0,12,13.42284887993285,B0B1,201.6,133.7535199606889
148.0,14,10.918056848269286,B2A2,111.42652101756092,401.6
148.0,17,2.7467285516342517,B1C1,208.69835349922394,198.4
148.0,20,13.081190071292237,B1A1,69.8476990209427,201.6
148.0,22,9.617881151731126,B2A2,169.30138757392237,401.6
148.0,23,3.277695365291886,B1A1,8.455340939907245,201.6
148.0,24,10.867816610519544,B0B1,201.6,64.75560643307068
148.0,25,11.765439299163535,B2A2,88.79601484553294,401.6
148.0,26,12.252020702988089,C1C2,401.6,262.01823113709565
148.0,27,12.979819562700175,B2A2,134.64937300994882,401.6
148.0,29,6.646642387988605,:B0_1,207.05612086441442,-1.5794458377734917
148.0,30,15.652126073967942,B1B2,201.6,319.5252973071913
148.0,31,15.626069097714115,B1B2,201.6,271.2120632364765
148.0,33,15.483125381489257,B1B0,198.4,58.94839561133273
148.0,35,13.013709337810607,B1C1,293.53753272672213,198.4
148.0,36,7.478056217252051,B1B0,198.4,7.803777143437088
148.0,37,12.192575383214578,B0C0,232.3776081593687,-1.6
148.0,38,4.785134036577917,B1B0,198.4,24.36925473699293
148.0,40,12.695482530363643,C1B1,267.984451993379,201.6
148.0,41,11.20151065866848,B1C1,241.88451827588256,198.4
148.0,42,0.06405786243670647,C2B2,215.7501708155019,401.6
148.0,43,1.3317784823010042,C1B1,222.32692871777863,201.6
148.0,45,0.0,B0B1,201.6,191.79887330997843
148.0,46,1.8859556822538068,C1B1,211.84392256447217,201.6
148.0,48,3.7826075862360753,C1B1,231.43818663944901,201.6
148.0,50,10.972589292460366,B1C1,263.07362411479045,198.4
148.0,51,4.273709613651516,C1B1,244.25643467348843,201.6
148.0,53,0.0,A0B0,191.79892555347467,-1.6
148.0,54,5.139301041680686,A1B1,14.591958865048761,198.4
148.0,55,0.008148801568652903,C2B2,208.20494558759648,401.6
148.0,56,6.3666966747481375,B2A2,189.6154779204732,401.6
148.0,57,0.8823377127137887,C2B2,224.0626902443474,401.6
148.0,58,9.344561342178828,A0A1,1.6,184.1670737356311
148.0,59,13.357943862310163,A2A1,-1.6,252.91295731462455
148.0,60,0.0,C0C1,401.6,191.79895662298577
148.0,61,0.0,C0C1,401.6,184.29787767823927
148.0,62,13.108230335487693,A1B1,95.34624003295293,198.4
148.0,63,13.313929131091871,A1B1,50.43202221387042,198.4
148.0,64,7.619338173609219,C2B2,386.66344758057784,401.6
148.0,65,3.5245080348524427,B0A0,3.8298259403090924,1.6
148.0,66,11.183948012403079,C1C2,401.6,388.5930653685622
148.0,67,12.131677744076827,A1A0,-1.6,31.751552571083096
148.0,68,14.04103631260749,A0B0,147.08447423424994,-1.6
148.0,69,13.55779291056698,C0C1,401.6,94.88954890255664
148.0,70,13.272193320396617,B1B0,198.4,111.28720724822612
148.0,71,12.977264404261247,A2B2,72.14675376527825,398.4
148.0,72,11.90945563922351,B1A1,154.7891690898715,201.6
148.0,73,13.732712735244588,B1B2,201.6,226.0327127352446
149.0,12,14.195565273277886,B0B1,201.6,147.94908523396677
149.0,14,11.775864575706372,B2A2,99.65065644185454,401.6
149.0,17,4.330763584971092,B1C1,213.02911708419504,198.4
149.0,20,13.047812071666138,B1A1,56.799886949276555,201.6
149.0,22,11.70371333071962,B2A2,157.59767424320273,401.6
149.0,23,4.810672639346591,:A1_3,3.8230376186359907,202.5061774288184
149.0,24,10.768226399879671,B0B1,201.6,75.52383283295035
149.0,25,11.192415362103038,B2A2,77.6035994834299,401.6
149.0,26,12.164944936695688,C1C2,401.6,274.1831760737914
149.0,27,11.567169734030752,B2A2,123.08220327591806,401.6
149.0,29,6.422397448662296,B0C0,213.47708032552308,-1.6
149.0,30,15.474971311181129,B1B2,201.6,335.00026861837244
149.0,31,15.090341581711161,B1B2,201.6,286.3024048181877
149.0,33,13.547900710944603,B1B0,198.4,45.40049490038811
149.0,35,13.881437050259294,B1C1,307.4189697769814,198.4
149.0,36,5.384982709368102,:B0_0,196.77169487110964,2.8630169226657864
149.0,37,14.206870710412337,B0C0,246.58447886978104,-1.6
149.0,38,6.2126803568514575,B1B0,198.4,18.15657438014148
149.0,40,9.864747296177141,C1B1,258.1197046972019,201.6
149.0,41,10.993600417239756,B1C1,252.8781186931223,198.4
149.0,42,0.02921930149490985,C2B2,215.72095151400697,401.6
149.0,43,2.449657922685616,C1B1,219.877270795093,201.6
149.0,45,0.00011106971981765359,B0B1,201.6,191.79898437969825
149.0,46,3.432966031219916,C1B1,208.41095653325226,201.6
149.0,48,1.569483496912865,C1B1,229.86870314253616,201.6
149.0,50,11.643067684317254,B1C1,274.7166917991077,198.4
149.0,51,3.757126466291907,C1B1,240.49930820719652,201.6
149.0,53,0.0,A0B0,191.79892555347467,-1.6
149.0,54,6.462539873043374,A1B1,21.054498738092136,198.4
149.0,55,0.0020165452562316347,C2B2,208.20292904234026,401.6
149.0,56,8.19467137635108,B2A2,181.42080654412214,401.6
149.0,57,0.8013869850996918,C2B2,223.2613032592477,401.6
149.0,58,5.892815273225761,A0A1,1.6,190.05988900885686
149.0,59,12.332327771984525,A2A1,-1.6,240.58062954264003
149.0,60,0.0,C0C1,401.6,191.79895662298577
149.0,61,0.0,C0C1,401.6,184.29787767823927
149.0,62,13.437437163585507,A1B1,108.78367719653845,198.4
149.0,63,12.571920522488952,A1B1,63.00394273635938,198.4
149.0,64,9.841338474120938,C2B2,376.8221091064569,401.6
149.0,65,3.336560990455821,A0A1,1.6,3.326735050146705
149.0,66,8.206200034738384,C1C2,401.6,396.7992654033005
149.0,67,12.237850857065299,A1A0,-1.6,19.5137017140178
149.0,68,13.434596313023382,A0B0,160.51907054727332,-1.6
149.0,69,13.972842231724837,C0C1,401.6,108.8623911342815
149.0,70,14.070944956595339,B1B0,198.4,97.2162622916308
149.0,71,13.470107022404433,A2B2,85.61686078768268,398.4
149.0,72,12.309017632209637,B1A1,142.48015145766186,201.6
149.0,73,13.39632635080214,B1B2,201.6,239.4290390860467
150.0,12,14.393834344638005,B0B1,201.6,162.34291957860478
150.0,14,11.987282510012392,B2A2,87.66337393184213,401.6
150.0,17,6.715463814292699,B1C1,219.74458089848773,198.4
150.0,20,13.332405206062846,B1A1,43.46748174321371,201.6
150.0,22,12.29966755914595,B2A2,145.2980066840568,401.6
150.0,23,5.054480196641668,:A1_3,1.6594328752663725,206.7839698731354
150.0,24,11.365864203150153,B0B1,201.6,86.8896970361005
150.0,25,11.10835869581917,B2A2,66.49524078761073,401.6
150.0,26,11.599980609712372,C1C2,401.6,285.78315668350376
150.0,27,12.043332243615042,B2A2,111.03887103230302,401.6
150.0,29,8.437640420118907,B0C0,221.914720745642,-1.6
150.0,30,16.211341550750934,B1B2,201.6,351.2116101691234
150.0,31,15.589973134249064,B1B2,201.6,301.8923779524368
150.0,33,10.430091073244904,B1B0,198.4,34.9704038271432
150.0,35,13.586869399074086,B1C1,321.00583917605553,198.4
150.0,36,5.436140103838749,B0A0,191.61265433023027,1.6
150.0,37,15.818917038588964,B0C0,262.40339590837,-1.6
150.0,38,5.900387125763982,B1B0,198.4,12.256187254377494
150.0,40,6.959124489923746,C1B1,251.16058020727817,201.6
150.0,41,11.327320926499128,B1C1,264.2054396196214,198.4
150.0,42,0.015804989829661713,C2B2,215.7051465241773,401.6
150.0,43,3.005319088690077,C1B1,216.87195170640294,201.6
150.0,45,0.0,B0B1,201.6,191.79898437969825
150.0,46,5.4259986023345155,:B1_5,202.98495793091774,201.6
150.0,48,1.7484914540418917,C1B1,228.12021168849427,201.6
150.0,50,11.002396454558953,B1C1,285.71908825366665,198.4
150.0,51,2.231570341906558,C1B1,238.26773786528997,201.6
150.0,53,0.0,A0B0,191.79892555347467,-1.6
150.0,54,8.938910916940607,A1B1,29.993409655032742,198.4
150.0,55,0.0010994844639056246,C2B2,208.20182955787635,401.6
150.0,56,9.782569964950717,B2A2,171.6382365791714,401.6
150.0,57,0.03548945319227159,C2B2,223.22581380605544,401.6
150.0,58,1.3928152732257608,A0A1,1.6,191.4527042820826
150.0,59,12.20818217287913,A2A1,-1.6,228.3724473697609
150.0,60,0.0,C0C1,401.6,191.79895662298577
150.0,61,0.0,C0C1,401.6,184.29787767823927
150.0,62,12.900686393597805,A1B1,121.68436359013626,198.4
150.0,63,12.57783925870929,A1B1,75.58178199506867,198.4
150.0,64,12.305581924229854,C2B2,364.51652718222704,401.6
150.0,65,5.225807847901508,A0A1,1.6,8.552542898048213
150.0,66,4.952479883352719,:C2_0,399.47226584000157,400.95664049599907
150.0,67,9.664362470596753,A1A0,-1.6,9.849339243421042
150.0,68,11.902178207354986,A0B0,172.4212487546283,-1.6
150.0,69,12.918336803239265,C0C1,401.6,121.78072793752075
150.0,70,13.700149986728356,B1B0,198.4,83.5161123049024
150.0,71,13.140543957391516,A2B2,98.7574047450742,398.4
150.0,72,12.436967529735469,B1A1,130.0431839279264,201.6
150.0,73,13.662160859941089,B1B2,201.6,253.0911999459878
151.0,12,10.80207322529806,B0B1,201.6,173.14499280390285
151.0,14,11.461799484057712,B2A2,76.20157444778442,401.6
151.0,17,8.548474955828524,B1C1,228.29305585431626,198.4
151.0,20,14.109234856455602,B1A1,29.35824688675811,201.6
151.0,22,13.504963079002685,B2A2,131.7930436050541,401.6
151.0,23,5.74019992271336,A1A2,1.6,212.52001181879436
151.0,24,11.230430178601996,B0B1,201.6,98.12012721470249
151.0,25,11.354362367554694,B2A2,55.140878420056026,401.6
151.0,26,12.523453941300692,C1C2,401.6,298.3066106248044
151.0,27,12.942945468700088,B2A2,98.09592556360293,401.6
151.0,29,10.390583321689256,B0C0,232.30530406733126,-1.6
151.0,30,15.91610889168484,B1B2,201.6,367.1277190608082
151.0,31,15.26650856670885,B1B2,201.6,317.15888651914565
151.0,33,9.95032153931987,B1B0,198.4,25.020082287823328
151.0,35,13.535843619179532,B1C1,334.54168279523503,198.4
151.0,36,7.579753366965211,B0A0,184.03290096326504,1.6
151.0,37,16.005521423201255,B0C0,278.4089173315713,-1.6
151.0,40,4.638718229628559,C1B1,246.52186197764962,201.6
151.0,41,10.941431923193344,B1C1,275.1468715428148,198.4
151.0,42,0.0018768696285011298,C2B2,215.70326965454882,401.6
151.0,43,5.080152053727863,C1B1,211.79179965267508,201.6
151.0,45,0.0,B0B1,201.6,191.79898437969825
151.0,46,6.745748332740845,:B1_5,196.23920959817693,201.6
151.0,48,2.7305867237252635,C1B1,225.389624964769,201.6
151.0,50,11.212046563824885,B1C1,296.9311348174915,198.4
151.0,51,2.0225552501262816,C1B1,236.24518261516369,201.6
151.0,53,0.0,A0B0,191.79892555347467,-1.6
151.0,54,11.076582952313423,A1B1,41.06999260734617,198.4
151.0,55,0.0006151993693431974,C2B2,208.201214358507,401.6
151.0,56,11.410051530086248,B2A2,160.22818504908517,401.6
151.0,57,0.014082579253297848,C2B2,223.21173122680216,401.6
151.0,58,0.3410231736428164,A0A1,1.6,191.79372745572542
151.0,59,10.970630820523038,A2A1,-1.6,217.40181654923785
151.0,60,0.0,C0C1,401.6,191.79895662298577
151.0,61,0.0,C0C1,401.6,184.29787767823927
151.0,62,13.942483296095103,A1B1,135.62684688623133,198.4
151.0,63,12.604879434639887,A1B1,88.18666142970855,198.4
151.0,64,12.254555629490444,C2B2,352.2619715527366,401.6
151.0,65,6.788583902296871,A0A1,1.6,15.341126800345087
151.0,66,4.3734089068132045,C2B2,395.21484580653356,401.6
151.0,67,6.2024609899154886,A1A0,-1.6,3.646878253505548
151.0,68,7.402178207354986,A0B0,179.82342696198327,-1.6
151.0,69,13.379099399160088,C0C1,401.6,135.15982733668085
151.0,70,13.060657100773676,B1B0,198.4,70.45545520412873
151.0,71,13.48030230539082,A2B2,112.23770705046502,398.4
151.0,72,11.949189826736168,B1A1,118.09399410119022,201.6
151.0,73,14.561880031702623,B1B2,201.6,267.6530799776904
151.0,74,12.541315227682803,A1B1,12.3,198.4
151.0,75,13.680261,C2C1,398.4,391.7
152.0,12,7.785666757776025,B0B1,201.6,180.93065956167888
152.0,14,11.311534005415599,B2A2,64.89004044236884,401.6
152.0,17,10.18557700586006,B1C1,238.47863286017633,198.4
152.0,20,12.607762251831584,B1A1,16.750484634926522,201.6
152.0,22,12.75907875497453,B2A2,119.03396485007957,401.6
152.0,23,7.473924098852,A1A2,1.6,219.99393591764635
152.0,24,11.419761759696298,B0B1,201.6,109.53988897439882
152.0,25,11.662860334590205,B2A2,43.478018085465834,401.6
152.0,26,12.218069051822829,C1C2,401.6,310.5246796766273
152.0,27,11.826133771129003,B2A2,86.26979179247391,401.6
152.0,29,12.138309969893442,B0C0,244.4436140372247,-1.6
152.0,30,12.209379739498123,B1B2,201.6,379.33709880030636
152.0,31,15.525245876870665,B1B2,201.6,332.6841323960163
152.0,33,11.186428578993707,B1B0,198.4,13.833653708829615
152.0,35,13.14202910555675,B1C1,347.68371190079176,198.4
152.0,36,8.901265416518196,B0A0,175.13163554674685,1.6
152.0,37,15.120332188759178,B0C0,293.52924952033044,-1.6
152.0,40,1.6019515992047324,C1B1,244.91991037844488,201.6
152.0,41,11.551401511983997,B1C1,286.6982730547988,198.4
152.0,42,0.0007106690671122545,C2B2,215.70255898548172,401.6
152.0,43,6.674996420746923,:B1_4,205.1374175336674,201.8946546380475
152.0,45,0.0,B0B1,201.6,191.79898437969825
152.0,46,8.948415554051394,B1A1,187.29079404412553,201.6
152.0,48,4.064829880998421,C1B1,221.3247950837706,201.6
152.0,50,10.737474246965036,B1C1,307.6686090644566,198.4
152.0,51,2.6702235998799373,C1B1,233.57495901528375,201.6
152.0,53,0.0,A0B0,191.79892555347467,-1.6
152.0,54,13.447662761206105,A1B1,54.51765536855227,198.4
152.0,55,0.00018002290004273756,C2B2,208.20103433560695,401.6
152.0,56,12.40024292165889,B2A2,147.82794212742627,401.6
152.0,57,0.0058735525076916185,C2B2,223.20585767429446,401.6
152.0,58,0.00342999366746316,A0A1,1.6,191.79715744939287
152.0,59,6.571581922992155,A2A1,-1.6,210.8302346262457
152.0,60,0.0,C0C1,401.6,191.79895662298577
152.0,61,0.0,C0C1,401.6,184.29787767823927
152.0,62,14.023583544640513,A1B1,149.65043043087184,198.4
152.0,63,13.211586776795166,A1B1,101.39824820650372,198.4
152.0,64,11.743546736886294,C2B2,340.51842481585027,401.6
152.0,65,8.099469740553088,A0A1,1.6,23.440596540898177
152.0,66,6.92282766522789,C2B2,388.2920181413057,401.6
152.0,67,4.994828752158984,:A0_0,0.18142877454512563,-0.7488572647270755
152.0,68,3.3596640334356653,A0B0,183.18309099541895,-1.6
152.0,69,13.858150086977014,C0C1,401.6,149.01797742365787
152.0,70,13.365902745419442,B1B0,198.4,57.08955245870928
152.0,71,13.013591265526362,A2B2,125.25129831599139,398.4
152.0,72,12.909308811376745,B1A1,105.18468528981347,201.6
152.0,73,14.111630143350505,B1B2,201.6,281.76471012104093
152.0,74,12.2531115224467,A1B1,24.553111522446702,198.4
152.0,75,13.336302712290607,C2C1,398.4,378.3636972877094
153.0,12,3.285666757776025,B0B1,201.6,184.2163263194549
153.0,14,11.937177514943317,B2A2,52.952862927425514,401.6
153.0,17,12.362029136498123,B1C1,250.84066199667444,198.4
153.0,20,9.447314624106502,B1A1,7.3031700108200255,201.6
153.0,22,12.81907356074173,B2A2,106.21489128933784,401.6
153.0,23,9.021205109161235,A1A2,1.6,229.01514102680758
153.0,24,10.721261484666497,B0B1,201.6,120.26115045906529
153.0,25,11.384844831675418,B2A2,32.09317325379041,401.6
153.0,26,12.344136415759282,C1C2,401.6,322.86881609238657
153.0,27,10.965997746829016,B2A2,75.30379404564488,401.6
153.0,29,12.46643405591675,B0C0,256.9100480931414,-1.6
153.0,30,8.724460306247158,B1B2,201.6,388.06155910655355
153.0,31,15.78359848277605,B1B2,201.6,348.4677308787924
153.0,33,6.6864285789937075,:B0_0,198.3925353377537,7.147747364276023
153.0,35,13.913126218073621,B1C1,361.59683811886543,198.4
153.0,36,11.367568800263449,B0A0,163.7640667464834,1.6
153.0,37,15.68991717800423,B0C0,309.2191666983347,-1.6
153.0,40,3.3547065594912673,C1B1,241.56520381895362,201.6
153.0,41,11.074464842842387,B1C1,297.77273789764115,198.4
153.0,42,0.00029753519853114246,C2B2,215.70226145028317,401.6
153.0,43,6.728213968902149,:B1_4,201.63091803000327,206.98357378997696
153.0,45,0.0,B0B1,201.6,191.79898437969825
153.0,46,10.257524042685622,B1A1,177.03327000143992,201.6
153.0,48,5.687138604137998,C1B1,215.6376564796326,201.6
153.0,50,10.977083731781937,B1C1,318.6456927962385,198.4
153.0,51,4.27398289998432,C1B1,229.30097611529942,201.6
153.0,53,0.0,A0B0,191.79892555347467,-1.6
153.0,54,13.197704149087103,A1B1,67.71535951763938,198.4
153.0,55,0.0,C2B2,208.20103433560695,401.6
153.0,56,12.303569370550202,B2A2,135.52437275687606,401.6
153.0,57,0.002048441466250869,C2B2,223.2038092328282,401.6
153.0,58,0.001272910491235652,A0A1,1.6,191.7984303598841
153.0,59,2.071581922992155,A2A1,-1.6,208.75865270325355
153.0,60,0.0,C0C1,401.6,191.79895662298577
153.0,61,0.0,C0C1,401.6,184.29787767823927
153.0,62,12.938481760573284,A1B1,162.58891219144513,198.4
153.0,63,12.536281964555682,A1B1,113.93453017105942,198.4
153.0,64,12.432385668268928,C2B2,328.08603914758135,401.6
153.0,65,10.038124655260965,A0A1,1.6,33.47872119615914
153.0,66,9.400125579558738,C2B2,378.89189256174694,401.6
153.0,67,4.79382676518134,A0B0,4.8017772638347616,-1.6
153.0,68,1.0221713302348665,A0B0,184.20526232565382,-1.6
153.0,69,12.664566834379988,C0C1,401.6,161.68254425803786
153.0,70,13.680393470845445,B1B0,198.4,43.40915898786383
153.0,71,12.25814306257455,A2B2,137.50944137856592,398.4
153.0,72,12.028271409014181,B1A1,93.15641388079928,201.6
153.0,73,14.626464238049978,B1B2,201.6,296.39117435909094
153.0,74,12.564022876892553,A1B1,37.117134399339264,198.4
153.0,75,13.611011917131082,C2C1,398.4,364.7526853705783
154.0,12,0.05382122282769372,B0B1,201.6,184.27014754228261
154.0,14,11.362414955009145,B2A2,41.59044797241637,401.6
154.0,17,12.448673418697814,B1C1,263.28933541537225,198.4
154.0,20,7.772712635053508,:A1_4,0.30435397752887555,198.9072566292148
154.0,22,12.559884850216099,B2A2,93.65500643912173,401.6
154.0,23,10.747734531400635,A1A2,1.6,239.76287555820824
154.0,24,10.41339790490619,B0B1,201.6,130.6745483639715
154.0,25,12.032505165268795,B2A2,20.060668088521624,401.6
154.0,26,12.424074367072613,C1C2,401.6,335.29289045945916
154.0,27,11.632696297847131,B2A2,63.67109774779777,401.6
154.0,29,12.682730084565252,B0C0,269.5927781777067,-1.6
154.0,30,4.224460306247158,B1B2,201.6,392.28601941280067
154.0,31,15.096850893003953,B1B2,201.6,363.5645817717963
154.0,33,7.029972116629994,:B0_0,194.72798394472807,1.8754262778182935
154.0,35,13.83316930023636,B1C1,375.4300074191018,198.4
154.0,36,13.197468202763565,B0A0,150.56659854371983,1.6
154.0,37,15.954641164810576,B0C0,325.17380786314527,-1.6
154.0,40,3.5449093383732206,C1B1,238.0202944805804,201.6
154.0,41,11.12602304116797,B1C1,308.8987609388091,198.4
154.0,42,0.00015906774896298884,C2B2,215.7021023825342,401.6
154.0,43,6.112514497624964,B1B2,201.6,213.09392523459894
154.0,45,0.0,B0B1,201.6,191.79898437969825
154.0,46,11.602767435756618,B1A1,165.43050256568327,201.6
154.0,48,8.015173168464122,C1B1,207.62248331116848,201.6
154.0,50,11.243181077194645,B1C1,329.88887387343317,198.4
154.0,51,5.418542722528734,C1B1,223.88243339277068,201.6
154.0,53,0.0,A0B0,191.79892555347467,-1.6
154.0,54,12.753490426440866,A1B1,80.46884994408025,198.4
154.0,55,0.0,C2B2,208.20103433560695,401.6
154.0,56,11.511087171170027,B2A2,124.01328558570604,401.6
154.0,57,0.00029941558395119787,C2B2,223.20350981724425,401.6
154.0,58,0.0004343832002071383,A0A1,1.6,191.7988647430843
154.0,59,0.3780257628763152,A2A1,-1.6,208.38062694037723
154.0,60,0.0,C0C1,401.6,191.79895662298577
154.0,61,0.0,C0C1,401.6,184.29787767823927
154.0,62,13.855220349867539,A1B1,176.44413254131268,198.4
154.0,63,13.316380896489434,A1B1,127.25091106754886,198.4
154.0,64,11.862936026247718,C2B2,316.2231031213336,401.6
154.0,65,11.863937132333525,A0A1,1.6,45.342658328492675
154.0,66,11.733124263560825,C2B2,367.15876829818615,401.6
154.0,67,7.275904652463115,A0B0,12.077681916297877,-1.6
154.0,68,0.06701583599364302,A0B0,184.27227816164745,-1.6
154.0,69,9.249613767816133,C0C1,401.6,170.932158025854
154.0,70,13.123170189162046,B1B0,198.4,30.285988798701794
154.0,71,12.410027420857682,A2B2,149.9194687994236,398.4
154.0,72,12.970438094466866,B1A1,80.1859757863324,201.6
154.0,73,14.470791348847145,B1B2,201.6,310.8619657079381
154.0,74,12.68470453288158,A1B1,49.801838932220846,198.4
154.0,75,12.612661840637275,C2C1,398.4,352.14002352994106
154.0,76,12.286602765111741,B1A1,187.70000000000002,201.6
155.0,12,0.027443152012849203,B0B1,201.6,184.29759069429545
155.0,14,12.307659698415215,B2A2,29.28278827400115,401.6
155.0,17,11.81344242223809,B1C1,275.10277783761035,198.4
155.0,20,7.664604144813679,A1A0,-1.6,191.65585323095289
155.0,22,13.097781537008471,B2A2,80.55722490211328,401.6
155.0,23,11.472088853149913,A1A2,1.6,251.23496441135813
155.0,24,10.193885308529019,B0B1,201.6,140.86843367250052
155.0,25,10.047352781974624,B2A2,10.013315306547014,401.6
155.0,26,11.59211379004381,C1C2,401.6,346.88500424950297
155.0,27,11.539339531250922,B2A2,52.13175821654684,401.6
155.0,29,12.846333046863572,B0C0,282.4391112245703,-1.6
155.0,30,3.4238746690539275,:B2_11,199.4848492498251,394.1424246249125
155.0,31,11.011458590054033,B1B2,201.6,374.57604036185035
155.0,33,6.777114424043736,B0A0,187.9701385891622,1.6
155.0,35,12.163679955142923,B1C1,387.5936873742447,198.4
155.0,36,13.183839981972566,B0A0,137.38275856174727,1.6
155.0,37,15.56608709599282,B0C0,340.73989495913804,-1.6
155.0,40,5.983336875363882,C1B1,232.03695760521651,201.6
155.0,41,10.998433646161951,B1C1,319.8971945849711,198.4
155.0,42,0.0,C2B2,215.7021023825342,401.6
155.0,43,7.7723959464405405,B1B2,201.6,220.8663211810395
155.0,45,0.0,B0B1,201.6,191.79898437969825
155.0,46,13.11204783828283,B1A1,152.31845472740045,201.6
155.0,48,5.421522533247299,:B1_4,202.7509248840875,203.4151251931875
155.0,50,10.593383790356352,B1C1,340.4822576637895,198.4
155.0,51,7.666637419825353,C1B1,216.21579597294533,201.6
155.0,53,0.0,A0B0,191.79892555347467,-1.6
155.0,54,13.229660526596152,A1B1,93.6985104706764,198.4
155.0,55,0.0,C2B2,208.20103433560695,401.6
155.0,56,12.291592582450347,B2A2,111.7216930032557,401.6
155.0,57,0.00032827619931085066,C2B2,223.20318154104496,401.6
155.0,58,0.0,A0A1,1.6,191.7988647430843
155.0,59,0.13860198613335264,A2A1,-1.6,208.24202495424387
155.0,60,0.0,C0C1,401.6,191.79895662298577
155.0,61,0.0,C0C1,401.6,184.29787767823927
155.0,62,10.761389447048298,A1B1,187.20552198836097,198.4
155.0,63,12.441249943361917,A1B1,139.69216101091075,198.4
155.0,64,12.806968984723591,C2B2,303.41613413661,401.6
155.0,65,11.12628276689735,A0A1,1.6,56.46894109539004
155.0,66,11.87023709573266,C2B2,355.28853120245344,401.6
155.0,67,8.667556108241744,A0B0,20.745238024539624,-1.6
155.0,68,0.017765545063771718,A0B0,184.29004370671123,-1.6
155.0,69,4.7496137678161325,C0C1,401.6,175.68177179367012
155.0,70,12.029924439234549,B1B0,198.4,18.256064359467246
155.0,71,12.424506721656531,A2B2,162.34397552108015,398.4
155.0,72,11.792987199692929,B1A1,68.39298858663948,201.6
155.0,73,13.712404911345386,B1B2,201.6,324.57437061928346
155.0,74,12.726001631643005,A1B1,62.52784056386386,198.4
155.0,75,12.838499089596853,C2C1,398.4,339.30152444034417
155.0,76,12.103108230697856,B1A1,175.59689176930215,201.6
156.0,12,0.0002181668639099383,B0B1,201.6,184.29780886115935
156.0,14,9.87353601773012,B2A2,19.40925225627103,401.6
156.0,17,12.837902407253074,B1C1,287.9406802448634,198.4
156.0,20,9.094906407376007,A1A0,-1.6,182.56094682357687
156.0,22,13.3146704909401,B2A2,67.24255441117315,401.6
156.0,23,11.458217834398388,A1A2,1.6,262.69318224575653
156.0,24,11.17135842284351,B0B1,201.6,152.039792095344
156.0,25,5.591761022050792,B2A2,4.42155428449621,401.6
156.0,26,12.409814183169225,C1C2,401.6,359.2948184326722
156.0,27,13.0170416352987,B2A2,39.11471658124813,401.6
156.0,29,12.611739680055313,B0C0,295.0508509046256,-1.6
156.0,30,3.4559406196906792,B2B1,198.4,391.10416529845475
156.0,31,8.187127052501317,B1B2,201.6,382.7631674143517
156.0,33,9.10245348664879,B0A0,178.8676851025134,1.6
156.0,35,7.932586011744477,:C1_7,395.49929551089656,198.7856136444138
156.0,36,13.23097293776679,B0A0,124.15178562398046,1.6
156.0,37,15.405671930191287,B0C0,356.14556688932936,-1.6
156.0,40,6.9674402836568685,C1B1,225.06951732155966,201.6
156.0,41,10.799732712884452,B1C1,330.69692729785555,198.4
156.0,42,0.0,C2B2,215.7021023825342,401.6
156.0,43,9.446025069250048,B1B2,201.6,230.31234625028955
156.0,45,0.0,B0B1,201.6,191.79898437969825
156.0,46,13.775881033859275,B1A1,138.54257369354116,201.6
156.0,48,4.703328268724546,B1B2,201.6,207.87236749080336
156.0,50,10.881082219201385,B1C1,351.3633398829909,198.4
156.0,51,5.25735197681779,C1B1,210.95844399612753,201.6
156.0,53,0.0,A0B0,191.79892555347467,-1.6
156.0,54,12.803901344028445,A1B1,106.50241181470486,198.4
156.0,55,0.0,C2B2,208.20103433560695,401.6
156.0,56,11.582394448779622,B2A2,100.13929855447607,401.6
156.0,57,0.0,C2B2,223.20318154104496,401.6
156.0,58,0.000101417763094117,A0A1,1.6,191.79896616084739
156.0,59,0.03550974131803034,A2A1,-1.6,208.20651521292584
156.0,60,0.0,C0C1,401.6,191.79895662298577
156.0,61,0.0,C0C1,401.6,184.29787767823927
156.0,62,6.261389447048298,:B1_12,193.46031200429763,198.3056697136718
156.0,63,12.637044027727397,A1B1,152.32920503863815,198.4
156.0,64,11.944971523101941,C2B2,291.4711626135081,401.6
156.0,65,11.557741654448332,A0A1,1.6,68.02668274983837
156.0,66,12.087521588648157,C2B2,343.2010096138053,401.6
156.0,67,11.044623995186603,A0B0,31.789862019726236,-1.6
156.0,68,0.004582144203291661,A0B0,184.2946258509145,-1.6
156.0,69,0.7382873890612718,C0C1,401.6,176.4200591827314
156.0,70,7.622312420396879,B1B0,198.4,10.633751939070379
156.0,71,12.872118227055058,A2B2,175.21609374813522,398.4
156.0,72,13.041535121278779,B1A1,55.35145346536069,201.6
156.0,73,14.224738729847179,B1B2,201.6,338.7991093491306
156.0,74,12.224039844807551,A1B1,74.75188040867141,198.4
156.0,75,13.259743335667126,C2C1,398.4,326.04178110467706
156.0,76,13.797741399314912,B1A1,161.79915036998722,201.6
157.0,12,0.00014683355486388994,B0B1,201.6,184.2979556947142
157.0,14,5.7950987400438265,B2A2,13.61415351622722,401.6
157.0,17,12.282696941609407,B1C1,300.2233771864728,198.4
157.0,20,11.429312947313488,A1A0,-1.6,171.13163387626338
157.0,22,13.034006702598184,B2A2,54.20854770857497,401.6
157.0,23,12.052713131156057,A1A2,1.6,274.7458953769126
157.0,24,10.783476965829498,B0B1,201.6,162.8232690611735
157.0,25,4.4126721112376,:A2_0,0.1822278040097498,400.74933668240584
157.0,26,12.275038183678122,C1C2,401.6,371.5698566163503
157.0,27,9.629638980789515,B2A2,29.485077600458624,401.6
157.0,29,12.316917494801588,B0C0,307.3677683994272,-1.6
157.0,30,5.1882572906998545,B2B1,198.4,385.91590800775487
157.0,31,5.570840504613079,B1B2,201.6,388.33400791896474
157.0,33,10.744048983514709,B0A0,168.1236361189987,1.6
157.0,35,8.152230873156713,:C1_7,401.1316104585644,203.92127320995093
157.0,36,12.354873122221186,B0A0,111.79691250175928,1.6
157.0,37,16.029738280916767,B0C0,372.17530517024613,-1.6
157.0,40,5.666392563014096,C1B1,219.40312475854557,201.6
157.0,41,11.417177383641803,B1C1,342.11410468149734,198.4
157.0,42,0.0,C2B2,215.7021023825342,401.6
157.0,43,11.92769517233248,B1B2,201.6,242.24004142262203
157.0,45,0.0,B0B1,201.6,191.79898437969825
157.0,46,13.20484024207393,B1A1,125.33773345146724,201.6
157.0,48,6.100077573634736,B1B2,201.6,213.9724450644381
157.0,50,11.354780247168861,B1C1,362.7181201301597,198.4
157.0,51,4.386049601786948,:B1_4,206.57860487408337,201.6887707322738
157.0,53,0.0,A0B0,191.79892555347467,-1.6
157.0,54,13.554222166285061,A1B1,120.05663398098991,198.4
157.0,55,0.0,C2B2,208.20103433560695,401.6
157.0,56,11.453386393138306,B2A2,88.68591216133775,401.6
157.0,57,0.0,C2B2,223.20318154104496,401.6
157.0,58,0.0,A0A1,1.6,191.79896616084739
157.0,59,0.0047128470363439635,A2A1,-1.6,208.2018023658895
157.0,60,0.0,C0C1,401.6,191.79895662298577
157.0,61,0.0,C0C1,401.6,184.29787767823927
157.0,62,5.429064615115516,:B1_12,197.81353281940287,195.64411196766193
157.0,63,13.114242887613663,A1B1,165.44344792625182,198.4
157.0,64,12.543751344358117,C2B2,278.92741126914996,401.6
157.0,65,12.218834441567891,A0A1,1.6,80.24551719140626
157.0,66,12.412244315151543,C2B2,330.78876529865374,401.6
157.0,67,12.56399000413274,A0B0,44.35385202385898,-1.6
157.0,68,0.00312676831386593,A0B0,184.2977526192284,-1.6
157.0,69,0.23363168375208213,C0C1,401.6,176.6536908664835
157.0,70,3.611203418578766,:B0_2,198.49858415528243,7.052123767076364
157.0,71,9.49308018483324,A2B2,184.70917393296847,398.4
157.0,72,12.920976233139575,B1A1,42.43047723222111,201.6
157.0,73,13.83347856829367,B1B2,201.6,352.6325879174243
157.0,74,12.192525688290909,A1B1,86.94440609696233,198.4
157.0,75,12.602145816000238,C2C1,398.4,313.4396352886768
157.0,76,13.896625912363694,B1A1,147.90252445762354,201.6
158.0,12,0.0,B0B1,201.6,184.2979556947142
158.0,14,4.390806384938795,B2A2,9.22334713128842,401.6
158.0,17,12.173574734826484,B1C1,312.3969519212993,198.4
158.0,20,13.446493184440955,A1A0,-1.6,157.68514069182243
158.0,22,12.049330173995715,B2A2,42.159217534579255,401.6
158.0,23,11.452924803082137,A1A2,1.6,286.19882017999475
158.0,24,8.91305871081303,B0B1,201.6,171.73632777198654
158.0,25,4.113713251807906,:A2_0,-1.53844818549797,397.23086270151424
158.0,26,12.047214457241067,C1C2,401.6,383.61707107359143
158.0,27,5.886938622728418,B2A2,23.5981389777302,401.6
158.0,29,12.01849918311999,B0C0,319.3862675825472,-1.6
158.0,30,6.749941844374277,B2B1,198.4,379.16596616338063
158.0,31,6.42163609888652,:B2_3,201.87661313086767,394.7362919160737
158.0,33,13.160223958319452,B0A0,154.96341216067924,1.6
158.0,35,7.600416827027128,C1C2,401.6,211.488921086173
158.0,36,13.079639438020392,B0A0,98.71727306373889,1.6
158.0,37,15.692801504972572,B0C0,387.8681066752187,-1.6
158.0,40,3.9162326720262133,C1B1,215.48689208651936,201.6
158.0,41,11.560615925428907,B1C1,353.67472060692626,198.4
158.0,42,0.0,C2B2,215.7021023825342,401.6
158.0,43,13.547113437686683,B1B2,201.6,255.7871548603087
158.0,45,0.0,B0B1,201.6,191.79898437969825
158.0,46,13.080548566955201,B1A1,112.25718488451204,201.6
158.0,48,7.5613220264958745,B1B2,201.6,221.53376709093396
158.0,50,11.82214546291089,B1C1,374.54026559307067,198.4
158.0,51,5.707692714691291,:B1_4,202.06331761052445,204.5611373157926
158.0,53,0.0,A0B0,191.79892555347467,-1.6
158.0,54,13.488616397933246,A1B1,133.54525037892316,198.4
158.0,55,0.0,C2B2,208.20103433560695,401.6
158.0,56,12.181378318318265,B2A2,76.50453384301947,401.6
158.0,57,0.0,C2B2,223.20318154104496,401.6
158.0,58,0.0,A0A1,1.6,191.79896616084739
158.0,59,0.0007652577680982543,A2A1,-1.6,208.2010371081214
158.0,60,0.0,C0C1,401.6,191.79895662298577
158.0,61,0.0,C0C1,401.6,184.29787767823927
158.0,62,5.659203570497215,B1B0,198.4,190.07482037897805
158.0,63,12.343604652638634,A1B1,177.78705257889047,198.4
158.0,64,11.905478603805916,C2B2,267.021932665344,401.6
158.0,65,11.91092505938665,A0A1,1.6,92.1564422507929
158.0,66,11.619454087884584,C2B2,319.1693112107692,401.6
158.0,67,11.681033823481068,A0B0,56.03488584734004,-1.6
158.0,68,0.00016584485619380087,A0B0,184.29791846408457,-1.6
158.0,69,0.12000723350757872,C0C1,401.6,176.77369809999107
158.0,70,3.684966344665549,:B0_9,201.15188493270546,6.527827399058174
158.0,71,5.772668561109898,A2B2,190.48184249407836,398.4
158.0,72,12.677951616567501,B1A1,29.75252561565361,201.6
158.0,73,13.256164518500789,B1B2,201.6,365.8887524359251
158.0,74,12.01968102644881,A1B1,98.96408712341113,198.4
158.0,75,12.719392754124536,C2C1,398.4,300.72024253455226
158.0,76,13.68791678089443,B1A1,134.2146076767291,201.6
158.0,77,13.446493184440955,A1A0,-1.6,187.70000000000002
159.0,12,0.0,B0B1,201.6,184.2979556947142
159.0,17,13.027142676196904,B1C1,325.42409459749626,198.4
159.0,20,13.610091529823857,A1A0,-1.6,144.07504916199855
159.0,22,7.549330173995715,B2A2,34.60988736058354,401.6
159.0,23,11.821659075046195,A1A2,1.6,298.0204792550409
159.0,24,4.413058710813029,B0B1,201.6,176.14938648279957
159.0,25,4.44866248423624,A2A1,-1.6,392.7865064372145
159.0,26,9.382265081782474,C1C2,401.6,392.99933615537384
159.0,27,5.14764236963574,B2A2,18.450496608094454,401.6
159.0,29,12.467837358034,B0C0,331.8541049405812,-1.6
159.0,30,8.108150910839774,B2B1,198.4,371.0578152525408
159.0,31,6.985923183669947,:B2_3,207.1124422894723,398.3874917556389
159.0,33,15.138457390181188,B0A0,139.82495477049804,1.6
159.0,35,9.986563026031853,C1C2,401.6,221.47548411220487
159.0,36,13.437255459015585,B0A0,85.28001760472327,1.6
159.0,40,6.282182935980727,C1B1,209.20470915053863,201.6
159.0,41,12.198579492476217,B1C1,365.8733000994025,198.4
159.0,42,0.0,C2B2,215.7021023825342,401.6
159.0,43,13.780793845831985,B1B2,201.6,269.56794870614067
159.0,45,0.0,B0B1,201.6,191.79898437969825
159.0,46,13.567114391041047,B1A1,98.690070493471,201.6
159.0,48,9.251918090932124,B1B2,201.6,230.78568518186609
159.0,50,10.452274165326681,B1C1,384.99253975839736,198.4
159.0,51,6.768424457599536,B1B2,201.6,211.2737227779502
159.0,53,0.0,A0B0,191.79892555347467,-1.6
159.0,54,13.176466888331952,A1B1,146.7217172672551,198.4
159.0,55,0.0,C2B2,208.20103433560695,401.6
159.0,56,12.414745065705018,B2A2,64.08978877731448,401.6
159.0,57,0.0,C2B2,223.20318154104496,401.6
159.0,58,0.0,A0A1,1.6,191.79896616084739
159.0,59,0.0,A2A1,-1.6,208.2010371081214
159.0,60,0.0,C0C1,401.6,191.79895662298577
159.0,61,0.0,C0C1,401.6,184.29787767823927
159.0,62,8.217890237502747,B1B0,198.4,181.8569301414753
159.0,63,13.627440806199164,A1B1,191.41449338508963,198.4
159.0,64,12.455193503823631,C2B2,254.56673916152042,401.6
159.0,65,12.21402043348004,A0A1,1.6,104.37046268427297
159.0,66,12.54985079940823,C2B2,306.61946041136093,401.6
159.0,67,12.649364401311852,A0B0,68.6842502486519,-1.6
159.0,68,0.0,A0B0,184.29791846408457,-1.6
159.0,69,0.01832437121255368,C0C1,401.6,176.7920224712036
159.0,70,3.0091645342528817,B0B1,201.6,9.401582358426795
159.0,71,1.2726685611098976,A2B2,191.75451105518826,398.4
159.0,72,12.183638830698968,B1A1,17.56888678495463,201.6
159.0,73,11.339858847622557,B1B2,201.6,377.22861128354765
159.0,74,13.187937696406,A1B1,112.15202481981716,198.4
159.0,75,13.428700963371492,C2C1,398.4,287.29154157118074
159.0,76,13.408818321148036,B1A1,120.80578935558107,201.6
159.0,77,12.830666032670981,A1A0,-1.6,174.86933396732903
160.0,12,0.0,B0B1,201.6,184.2979556947142
160.0,17,11.9252767378212,B1C1,337.3493713353174,198.4
160.0,20,14.10412690508181,A1A0,-1.6,129.97092225691677
160.0,22,6.152661721224304,B2A2,28.45722563935925,401.6
160.0,23,12.10368806991843,A1A2,1.6,310.1241673249594
160.0,24,0.49982654108563895,B0B1,201.6,176.6492130238852
160.0,25,6.001580615629621,A2A1,-1.6,386.78492582158486
160.0,26,4.882265081782474,:C2_0,401.4470145374981,397.87089823751364
160.0,27,7.269778988880442,B2A2,11.180717619214022,401.6
160.0,29,12.909120102274017,B0C0,344.7632250428552,-1.6
160.0,30,9.916504079357125,B2B1,198.4,361.1413111731837
160.0,31,6.427096423467301,B2C2,213.53866362498852,398.4
160.0,33,16.272667983504803,B0A0,123.55228678699324,1.6
160.0,35,12.304736220987886,C1C2,401.6,233.78022033319274
160.0,36,12.347446111792094,B0A0,72.93257149293119,1.6
160.0,40,8.411060049647114,:B1_5,200.7936491008915,201.6
160.0,41,10.742177778178243,B1C1,376.61547787758076,198.4
160.0,42,0.0,C2B2,215.7021023825342,401.6
160.0,43,13.425002395237433,B1B2,201.6,282.99295110137814
160.0,45,0.0,B0B1,201.6,191.79898437969825
160.0,46,12.797886363140366,B1A1,85.89218413033062,201.6
160.0,48,10.906888352968782,B1B2,201.6,241.69257353483488
160.0,50,7.138203716185825,B1C1,392.13074347458314,198.4
160.0,51,9.005987173886165,B1B2,201.6,220.2797099518364
160.0,53,0.0,A0B0,191.79892555347467,-1.6
160.0,54,13.056404830681304,A1B1,159.7781220979364,198.4
160.0,55,0.0,C2B2,208.20103433560695,401.6
160.0,56,12.191003804090531,B2A2,51.89878497322394,401.6
160.0,57,0.0,C2B2,223.20318154104496,401.6
160.0,58,0.0,A0A1,1.6,191.79896616084739
160.0,59,0.0,A2A1,-1.6,208.2010371081214
160.0,60,0.0,C0C1,401.6,191.79895662298577
160.0,61,0.0,C0C1,401.6,184.29787767823927
160.0,62,10.277853503472164,B1B0,198.4,171.57907663800313
160.0,63,12.959148363885769,:B1_13,204.37364174897536,198.4
160.0,64,11.221279481531251,C2B2,243.34545967998918,401.6
160.0,65,12.187545531818763,A0A1,1.6,116.55800821609172
160.0,66,12.023298245071853,C2B2,294.5961621662891,401.6
160.0,67,12.482398751382954,A0B0,81.16664900003487,-1.6
160.0,68,0.0,A0B0,184.29791846408457,-1.6
160.0,69,0.004156800584831534,C0C1,401.6,176.79617927178845
160.0,70,5.54302203827519,B0B1,201.6,14.944604396701985
160.0,71,0.03252794057529935,A2B2,191.78703899576357,398.4
160.0,72,9.50772518399329,B1A1,8.061161600961327,201.6
160.0,73,10.496984220678053,B1B2,201.6,387.7255955042257
160.0,74,13.073943043744505,A1B1,125.22596786356165,198.4
160.0,75,13.450132554570272,C2C1,398.4,273.8414090166105
160.0,76,13.170922285227213,B1A1,107.63486707035385,201.6
160.0,77,13.12188783248885,A1A0,-1.6,161.74744613484017
161.0,12,0.0,B0B1,201.6,184.2979556947142
161.0,17,12.436013681067067,B1C1,349.7853850163845,198.4
161.0,20,13.536072217570634,A1A0,-1.6,116.43485003934612
161.0,22,8.081243609252725,B2A2,20.375982030106513,401.6
161.0,23,11.69497078158544,A1A2,1.6,321.8191381065448
161.0,24,0.14602826898747365,B0B1,201.6,176.79524129287267
161.0,25,7.3581435795959,A2A1,-1.6,379.426782241989
161.0,26,5.49441061929299,:C2_0,397.9524698831637,401.43536144526234
161.0,29,12.858349043806799,B0C0,357.621574086662,-1.6
161.0,30,12.51621668606285,B2B1,198.4,348.62509448712086
161.0,31,7.964894046501867,B2C2,221.5035576714904,398.4
161.0,33,14.976823121150815,B0A0,108.57546366584242,1.6
161.0,35,13.432561554770537,C1C2,401.6,247.21278188796327
161.0,36,12.586090009186744,B0A0,60.34648148374444,1.6
161.0,40,10.653590415517447,B1A1,190.1400586853741,201.6
161.0,41,6.3279612323254035,B1C1,382.9434391099062,198.4
161.0,42,0.0,C2B2,215.7021023825342,401.6
161.0,43,14.274846356098177,B1B2,201.6,297.2677974574763
161.0,45,0.0,B0B1,201.6,191.79898437969825
161.0,46,13.573235499908275,B1A1,72.31894863042234,201.6
161.0,48,11.514545510096648,B1B2,201.6,253.20711904493152
161.0,50,4.372462607056625,:C1_6,396.3037834708096,197.41772991751424
161.0,51,10.557914468002632,B1B2,201.6,230.83762441983902
161.0,53,0.0,A0B0,191.79892555347467,-1.6
161.0,54,12.98720257208045,A1B1,172.76532467001687,198.4
161.0,55,0.0,C2B2,208.20103433560695,401.6
161.0,56,9.374131391430728,B2A2,42.52465358179322,401.6
161.0,57,0.0,C2B2,223.20318154104496,401.6
161.0,58,0.0,A0A1,1.6,191.79896616084739
161.0,59,0.0,A2A1,-1.6,208.2010371081214
161.0,60,0.0,C0C1,401.6,191.79895662298577
161.0,61,0.0,C0C1,401.6,184.29787767823927
161.0,62,12.84899429466854,B1B0,198.4,158.73008234333457
161.0,63,13.228908966481985,B1C1,217.60255071545734,198.4
161.0,64,8.179382103612319,C2B2,235.16607757637686,401.6
161.0,65,11.876520718744144,A0A1,1.6,128.43452893483587
161.0,66,11.560676082907664,C2B2,283.0354860833814,401.6
161.0,67,11.999171687178553,A0B0,93.16582068721343,-1.6
161.0,68,0.0,A0B0,184.29791846408457,-1.6
161.0,69,0.0006541888301345529,C0C1,401.6,176.7968334606186
161.0,70,8.11733132801,B0B1,201.6,23.061935724711986
161.0,71,0.009201336663601536,A2B2,191.79624033242717,398.4
161.0,72,5.53528850172928,:A1_3,2.9181170668704337,203.13647155521593
161.0,73,6.054296889216796,:B2_3,201.73859940786224,393.77019585503575
161.0,74,12.967348009894915,A1B1,138.19331587345656,198.4
161.0,75,12.52090474656882,C2C1,398.4,261.3205042700417
161.0,76,13.106685217138171,B1A1,94.52818185321567,201.6
161.0,77,13.237566139018147,A1A0,-1.6,148.50987999582202
161.0,78,2.0658398992493683,B0B1,201.6,12.3
161.0,79,3.67907178979795,A2A1,-1.6,391.7
161.0,80,3.9997238957261843,A0B0,8.3,-1.6
162.0,12,0.0,B0B1,201.6,184.2979556947142
162.0,17,12.284644364004867,B1C1,362.07002938038937,198.4
162.0,20,14.111354679232479,A1A0,-1.6,102.32349536011364
162.0,22,9.991875030228275,B2A2,10.384106999878242,401.6
162.0,23,12.136718794676714,A1A2,1.6,333.9558569012215
162.0,24,0.0013477069778617561,B0B1,201.6,176.79658899985054
162.0,25,9.636948858699007,A2A1,-1.6,369.78983338328993
162.0,26,4.713409212617785,C2B2,393.25057893093293,401.6
162.0,29,12.8530287358917,B0C0,370.4746028225537,-1.6
162.0,30,14.820246655025853,B2B1,198.4,333.804847832095
162.0,31,10.415838189220667,B2C2,231.91939586071106,398.4
162.0,33,16.130824965243086,B0A0,92.44463870059931,1.6
162.0,35,14.054885866503783,C1C2,401.6,261.2676677544671
162.0,36,12.272506292343467,B0A0,48.07397519140096,1.6
162.0,40,12.222661327600127,B1A1,177.91739735777395,201.6
162.0,41,4.135204351912346,B1C1,387.0786434618185,198.4
162.0,42,0.0,C2B2,215.7021023825342,401.6
162.0,43,13.15282138517742,B1B2,201.6,310.42061884265377
162.0,45,0.0,B0B1,201.6,191.79898437969825
162.0,46,12.58668820935121,B1A1,59.73226042107112,201.6
162.0,48,12.071502876949669,B1B2,201.6,265.2786219218812
162.0,50,5.39006748671902,C1C0,398.4,192.73672643164122
162.0,51,12.362258443652461,B1B2,201.6,243.19988286349147
162.0,53,0.0,A0B0,191.79892555347467,-1.6
162.0,54,13.649051462512606,A1B1,186.41437613252947,198.4
162.0,55,0.0,C2B2,208.20103433560695,401.6
162.0,56,9.618239162683286,B2A2,32.90641441910992,401.6
162.0,57,0.0,C2B2,223.20318154104496,401.6
162.0,58,0.0,A0A1,1.6,191.79896616084739
162.0,59,0.0,A2A1,-1.6,208.2010371081214
162.0,60,0.0,C0C1,401.6,191.79895662298577
162.0,61,0.0,C0C1,401.6,184.29787767823927
162.0,62,13.223819927767561,B1B0,198.4,145.50626241556702
162.0,63,12.869624550920278,B1C1,230.47217526637763,198.4
162.0,64,3.9576304505585242,C2B2,231.20844712581834,401.6
162.0,65,11.370485280820288,A0A1,1.6,139.80501421565614
162.0,66,12.3944388453471,C2B2,270.6410472380343,401.6
162.0,67,11.49540914812149,A0B0,104.66122983533494,-1.6
162.0,68,0.0,A0B0,184.29791846408457,-1.6
162.0,69,0.0,C0C1,401.6,176.7968334606186
162.0,70,10.569820513576081,B0B1,201.6,33.63175623828807
162.0,71,0.0015234200790021997,A2B2,191.79776375250617,398.4
162.0,72,5.73340356989114,A1A2,1.6,208.57753047065907
162.0,73,6.132201896249473,:B2_3,205.30107295153786,398.12872470736255
162.0,74,12.82313741178935,A1B1,151.01645328524592,198.4
162.0,75,12.661149186092489,C2C1,398.4,248.65935508394918
162.0,76,12.626601960188404,B1A1,81.90157989302726,201.6
162.0,77,12.577962894462965,A1A0,-1.6,135.93191710135906
162.0,78,3.368731155769893,B0B1,201.6,15.668731155769894
162.0,79,4.887855898296078,A2A1,-1.6,386.81214410170395
162.0,80,6.072759367193485,A0B0,14.372759367193488,-1.6
163.0,12,0.0,B0B1,201.6,184.2979556947142
163.0,17,9.390072510929095,B1C1,371.46010189131846,198.4
163.0,20,12.92052774742713,A1A0,-1.6,89.4029676126865
163.0,22,6.774955661697726,B2A2,3.60915133818051,401.6
163.0,23,12.272736252770997,A1A2,1.6,346.2285931539925
163.0,24,0.00021896039876409212,B0B1,201.6,176.7968079602493
163.0,25,11.597891208478377,A2A1,-1.6,358.1919421748116
163.0,26,6.79305014455656,C2B2,386.4575287863764,401.6
163.0,29,11.976248035394372,B0C0,382.4508508579481,-1.6
163.0,30,15.769766950807812,B2B1,198.4,318.0350808812872
163.0,31,12.481960005553118,B2C2,244.40135586626417,398.4
163.0,33,15.52216456600451,B0A0,76.92247413459481,1.6
163.0,35,13.968478941229725,C1C2,401.6,275.2361466956968
163.0,36,13.450552865576325,B0A0,34.623422325824635,1.6
163.0,40,13.093115568738378,B1A1,164.82428178903558,201.6
163.0,41,5.445982933803769,B1C1,392.52462639562225,198.4
163.0,42,0.0,C2B2,215.7021023825342,401.6
163.0,43,13.730870707697802,B1B2,201.6,324.1514895503516
163.0,45,0.0,B0B1,201.6,191.79898437969825
163.0,46,13.344010521404504,B1A1,46.38824989966662,201.6
163.0,48,10.984844831207008,B1B2,201.6,276.2634667530882
163.0,50,7.9766847813481245,C1C0,398.4,184.7600416502931
163.0,51,12.097931904907893,B1B2,201.6,255.29781476839938
163.0,53,0.0,A0B0,191.79892555347467,-1.6
163.0,54,13.270331969790304,:B1_13,199.68470810231977,198.4
163.0,55,0.0,C2B2,208.20103433560695,401.6
163.0,56,11.190518602267927,B2A2,21.715895816841993,401.6
163.0,57,0.0,C2B2,223.20318154104496,401.6
163.0,58,0.0,A0A1,1.6,191.79896616084739
163.0,59,0.0,A2A1,-1.6,208.2010371081214
163.0,60,0.0,C0C1,401.6,191.79895662298577
163.0,61,0.0,C0C1,401.6,184.29787767823927
163.0,62,12.998084856559233,B1B0,198.4,132.50817755900778
163.0,63,12.960296014137866,B1C1,243.4324712805155,198.4
163.0,64,0.4471116404152635,C2B2,230.76133548540307,401.6
163.0,65,11.883446141163008,A0A1,1.6,151.68846035681915
163.0,66,11.4311848285696,C2B2,259.2098624094647,401.6
163.0,67,11.6600297269926,A0B0,116.32125956232754,-1.6
163.0,68,0.0,A0B0,184.29791846408457,-1.6
163.0,69,0.0,C0C1,401.6,176.7968334606186
163.0,70,12.823726088949291,B0B1,201.6,46.45548232723737
163.0,71,0.000879900809827806,A2B2,191.798643653316,398.4
163.0,72,7.189360818022884,A1A2,1.6,215.76689128868193
163.0,73,6.021098170792841,B2C2,211.3031924604848,398.4
163.0,74,12.006239260372087,A1B1,163.022692545618,198.4
163.0,75,13.612407858074702,C2C1,398.4,235.04694722587448
163.0,76,12.883051183917258,B1A1,69.01852870910999,201.6
163.0,77,12.606734376056105,A1A0,-1.6,123.32518272530295
163.0,78,4.8278293334525015,B0B1,201.6,20.496560489222396
163.0,79,7.169489723197732,A2A1,-1.6,379.6426543785062
163.0,80,8.243325352359953,A0B0,22.61608471955344,-1.6
164.0,12,0.0,B0B1,201.6,184.2979556947142
164.0,17,8.281398044762577,B1C1,379.741499936081,198.4
164.0,20,13.548918667496197,A1A0,-1.6,75.8540489451903
164.0,22,5.275015563794412,:A2_0,-0.9124481366666839,399.5459197722222
164.0,23,11.526317812638595,A1A2,1.6,357.7549109666311
164.0,24,0.0,B0B1,201.6,176.7968079602493
164.0,25,10.998156962026968,A2A1,-1.6,347.1937852127846
164.0,26,8.368533312938757,C2B2,378.0889954734376,401.6
164.0,29,11.901150261867576,B0C0,394.35200111981567,-1.6
164.0,30,15.41729379712166,B2B1,198.4,302.6177870841655
164.0,31,14.01642858533436,B2C2,258.41778445159855,398.4
164.0,33,15.087578239342989,B0A0,61.83489589525183,1.6
164.0,35,13.469732826795981,C1C2,401.6,288.70587952249275
164.0,36,12.585314740186885,B0A0,22.03810758563776,1.6
164.0,40,13.523455674126692,B1A1,151.3008261149089,201.6
164.0,41,6.517062834909371,:C1_7,398.6681774908587,200.16090649451522
164.0,42,0.0,C2B2,215.7021023825342,401.6
164.0,43,14.110114480943055,B1B2,201.6,338.2616040312946
164.0,45,0.0,B0B1,201.6,191.79898437969825
164.0,46,13.501314451152517,B1A1,32.886935448514095,201.6
164.0,48,11.019548501323149,B1B2,201.6,287.28301525441134
164.0,50,9.600314453474969,C1C0,398.4,175.15972719681812
164.0,51,10.919088719660843,B1B2,201.6,266.2169034880602
164.0,53,0.0,A0B0,191.79892555347467,-1.6
164.0,54,13.029452778169096,B1C1,212.71416088048883,198.4
164.0,55,0.0,C2B2,208.20103433560695,401.6
164.0,56,7.572605074782089,B2A2,14.143290742059918,401.6
164.0,57,0.0,C2B2,223.20318154104496,401.6
164.0,58,0.0,A0A1,1.6,191.79896616084739
164.0,59,0.0,A2A1,-1.6,208.2010371081214
164.0,60,0.0,C0C1,401.6,191.79895662298577
164.0,61,0.0,C0C1,401.6,184.29787767823927
164.0,62,12.839275740844839,B1B0,198.4,119.66890181816294
164.0,63,13.2293439818782,B1C1,256.6618152623937,198.4
164.0,64,0.05395612354730012,C2B2,230.70737936185577,401.6
164.0,65,11.344787277484432,A0A1,1.6,163.0332476343036
164.0,66,11.312192435890452,C2B2,247.89766997357427,401.6
164.0,67,12.489186709635199,A0B0,128.81044627196272,-1.6
164.0,68,0.0,A0B0,184.29791846408457,-1.6
164.0,69,0.0,C0C1,401.6,176.7968334606186
164.0,70,13.019780056852177,B0B1,201.6,59.47526238408956
164.0,71,0.0002719437045116781,A2B2,191.7989155970205,398.4
164.0,72,9.759256684023908,A1A2,1.6,225.52614797270584
164.0,73,7.944283740143449,B2C2,219.24747620062826,398.4
164.0,74,12.994374571891814,A1B1,176.01706711750984,198.4
164.0,75,13.527367466279365,C2C1,398.4,221.5195797595951
164.0,76,13.39523215224324,B1A1,55.62329655686676,201.6
164.0,77,13.612805738607406,A1A0,-1.6,109.71237698669555
164.0,78,7.281901756429107,B0B1,201.6,27.778462245651504
164.0,79,9.360804987173145,A2A1,-1.6,370.281849391333
164.0,80,9.96400863583518,A0B0,32.58009335538863,-1.6
165.0,12,0.0,B0B1,201.6,184.2979556947142
165.0,17,9.943358927060293,B1C1,389.68485886314136,198.4
165.0,20,13.496304521886648,A1A0,-1.6,62.35774442330364
165.0,22,5.914892401543446,A2A1,-1.6,393.75924337284266
165.0,23,11.144976436040603,A1A2,1.6,368.8998874026717
165.0,24,0.00013460950880547624,B0B1,201.6,176.79694256975813
165.0,25,11.10609386912094,A2A1,-1.6,336.08769134366366
165.0,26,10.186727021857745,C2B2,367.90226845157986,401.6
165.0,30,16.047048107339347,B2B1,198.4,286.57073897682614
165.0,31,15.080762664745178,B2C2,273.49854711634373,398.4
165.0,33,15.023521161130489,B0A0,46.81137473412136,1.6
165.0,35,13.194112586217553,C1C2,401.6,301.8999921087103
165.0,36,12.564241976842611,B0A0,9.473865608795137,1.6
165.0,40,13.347349268379569,B1A1,137.9534768465293,201.6
165.0,41,7.062169927175343,:C1_7,401.474661139482,206.32262797637378
165.0,42,0.0,C2B2,215.7021023825342,401.6
165.0,43,13.848029365010197,B1B2,201.6,352.10963339630484
165.0,45,0.0,B0B1,201.6,191.79898437969825
165.0,46,12.97192056491325,B1A1,19.915014883600833,201.6
165.0,48,10.970613498745658,B1B2,201.6,298.25362875315705
165.0,50,11.500829871966749,C1C0,398.4,163.65889732485138
165.0,51,10.951275193473974,B1B2,201.6,277.1681786815342
165.0,53,0.0,A0B0,191.79892555347467,-1.6
165.0,54,12.934302901316578,B1C1,225.64846378180542,198.4
165.0,55,0.0,C2B2,208.20103433560695,401.6
165.0,56,6.318404922895941,B2A2,7.824885819163967,401.6
165.0,57,0.0,C2B2,223.20318154104496,401.6
165.0,58,0.0,A0A1,1.6,191.79896616084739
165.0,59,0.0,A2A1,-1.6,208.2010371081214
165.0,60,0.0,C0C1,401.6,191.79895662298577
165.0,61,0.0,C0C1,401.6,184.29787767823927
165.0,62,13.638237661741384,B1B0,198.4,106.03066415642155
165.0,63,13.383872736152561,B1C1,270.04568799854627,198.4
165.0,64,0.0026779599058755228,C2B2,230.7047014019499,401.6
165.0,65,10.452841220776776,A0A1,1.6,173.48608885508037
165.0,66,6.812192435890452,C2B2,241.08547753768383,401.6
165.0,67,12.312264711880363,A0B0,141.1227109838431,-1.6
165.0,68,0.0,A0B0,184.29791846408457,-1.6
165.0,69,0.0,C0C1,401.6,176.7968334606186
165.0,70,14.107069733364767,B0B1,201.6,73.58233211745431
165.0,71,0.0,A2B2,191.7989155970205,398.4
165.0,72,12.184567931958496,A1A2,1.6,237.71071590466437
165.0,73,10.19128891594258,B2C2,229.43876511657083,398.4
165.0,74,10.350214523846862,A1B1,186.3672816413567,198.4
165.0,75,9.68550742673592,C2C1,398.4,211.8340723328592
165.0,76,13.45882449355336,B1A1,42.16447206331341,201.6
165.0,77,13.237952272226087,A1A0,-1.6,96.47442471446945
165.0,78,9.630505086096928,B0B1,201.6,37.40896733174844
165.0,79,11.124875026206103,A2A1,-1.6,359.1569743651269
165.0,80,11.328941531170548,A0B0,43.909034886559176,-1.6
165.0,82,11.500829871966749,C1C0,398.4,187.70000000000002
166.0,12,0.0,B0B1,201.6,184.2979556947142
166.0,20,14.121603455734455,A1A0,-1.6,48.236140967569185
166.0,22,8.103396604021079,A2A1,-1.6,385.6558467688216
166.0,23,11.239970978206262,A1A2,1.6,380.13985838087797
166.0,24,0.0,B0B1,201.6,176.79694256975813
166.0,25,10.981085282885596,A2A1,-1.6,325.10660606077806
166.0,26,11.948498359636584,C2B2,355.9537700919433,401.6
166.0,30,15.597868292699845,B2B1,198.4,270.9728706841263
166.0,31,15.507570027587551,B2C2,289.0061171439313,398.4
166.0,33,15.756271311715105,B0A0,31.055103422406262,1.6
166.0,35,14.016132098936097,C1C2,401.6,315.9161242076464
166.0,40,13.706923501398363,B1A1,124.24655334513095,201.6
166.0,41,7.5466264717310665,C1C2,401.6,213.86048562943805
166.0,42,0.0,C2B2,215.7021023825342,401.6
166.0,43,14.394060296976575,B1B2,201.6,366.5036936932814
166.0,45,0.0,B0B1,201.6,191.79898437969825
166.0,48,11.579151168272071,B1B2,201.6,309.8327799214291
166.0,50,11.112177290245205,C1C0,398.4,152.54672003460618
166.0,51,11.20959899606357,B1B2,201.6,288.37777767759775
166.0,53,0.0,A0B0,191.79892555347467,-1.6
166.0,54,13.390403827306026,B1C1,239.03886760911146,198.4
166.0,55,0.0,C2B2,208.20103433560695,401.6
166.0,56,4.928937681702979,:A2_0,2.8989568867710966,401.5569938409673
166.0,57,0.0,C2B2,223.20318154104496,401.6
166.0,58,0.0,A0A1,1.6,191.79896616084739
166.0,59,0.0,A2A1,-1.6,208.2010371081214
166.0,60,0.0,C0C1,401.6,191.79895662298577
166.0,61,0.0,C0C1,401.6,184.29787767823927
166.0,62,13.168493462995336,B1B0,198.4,92.86217069342621
166.0,63,13.237396260747055,B1C1,283.28308425929333,198.4
166.0,64,0.00039916764853688877,C2B2,230.70430223430137,401.6
166.0,65,7.64692075632442,A0A1,1.6,181.1330096114048
166.0,66,2.312192435890452,C2B2,238.7732851017934,401.6
166.0,67,12.049681731807306,A0B0,153.1723927156504,-1.6
166.0,68,0.0,A0B0,184.29791846408457,-1.6
166.0,69,0.0,C0C1,401.6,176.7968334606186
166.0,70,13.277595614593736,B0B1,201.6,86.85992773204805
166.0,71,0.0,A2B2,191.7989155970205,398.4
166.0,72,12.805358093913586,A1A2,1.6,250.51607399857795
166.0,73,12.627193328892037,B2C2,242.06595844546288,398.4
166.0,74,5.850214523846862,A1B1,192.21749616520356,198.4
166.0,75,5.406361923598661,:C1_0,398.29076465876153,206.43535261133073
166.0,76,12.412798446658208,B1A1,29.75167361665521,201.6
166.0,77,13.111358006861977,A1A0,-1.6,83.36306670760747
166.0,78,11.824096838419319,B0B1,201.6,49.23306417016776
166.0,79,12.07444028333745,A2A1,-1.6,347.0825340817895
166.0,80,12.909294909535364,A0B0,56.818329796094545,-1.6
166.0,82,12.423600036562386,C1C0,398.4,175.27639996343763
167.0,12,0.0,B0B1,201.6,184.2979556947142
167.0,20,12.979860223121957,A1A0,-1.6,35.256280744447224
167.0,22,9.637862544434144,A2A1,-1.6,376.0179842243875
167.0,23,9.651289011498175,A1A2,1.6,389.79114739237616
167.0,24,0.0,B0B1,201.6,176.79694256975813
167.0,25,11.569551846846133,A2A1,-1.6,313.5370542139319
167.0,26,12.285261092858569,C2B2,343.6685089990847,401.6
167.0,30,16.0268567310323,B2B1,198.4,254.94601395309402
167.0,31,15.109836400001857,B2C2,304.11595354393313,398.4
167.0,33,12.497274860051508,B0A0,18.557828562354757,1.6
167.0,35,12.904020284033933,C1C2,401.6,328.82014449168037
167.0,40,14.233523068875021,B1A1,110.01303027625593,201.6
167.0,41,10.068393999015166,C1C2,401.6,223.92887962845322
167.0,42,0.0,C2B2,215.7021023825342,401.6
167.0,43,14.154078233862863,B1B2,201.6,380.65777192714427
167.0,45,0.0,B0B1,201.6,191.79898437969825
167.0,48,11.855864470794037,B1B2,201.6,321.6886443922231
167.0,50,10.70802881784203,C1C0,398.4,141.83869121676415
167.0,51,11.274220498116039,B1B2,201.6,299.6519981757138
167.0,53,0.0,A0B0,191.79892555347467,-1.6
167.0,54,13.081801180870416,B1C1,252.12066878998186,198.4
167.0,55,0.0,C2B2,208.20103433560695,401.6
167.0,56,5.3445985925934165,:A2_0,-1.3041922046834955,398.8706545672155
167.0,57,0.0,C2B2,223.20318154104496,401.6
167.0,58,0.0,A0A1,1.6,191.79896616084739
167.0,59,0.0,A2A1,-1.6,208.2010371081214
167.0,60,0.0,C0C1,401.6,191.79895662298577
167.0,61,0.0,C0C1,401.6,184.29787767823927
167.0,62,12.862385571877182,B1B0,198.4,79.99978512154902
167.0,63,13.636147146835292,B1C1,296.91923140612863,198.4
167.0,64,0.0,C2B2,230.70430223430137,401.6
167.0,65,3.1469207563244197,A0A1,1.6,184.2799303677292
167.0,66,0.3156844433156838,C2B2,238.4576006584777,401.6
167.0,67,11.928868761614794,A0B0,165.10126147726518,-1.6
167.0,68,0.0,A0B0,184.29791846408457,-1.6
167.0,69,0.0,C0C1,401.6,176.7968334606186
167.0,70,13.828892807055524,B0B1,201.6,100.68882053910357
167.0,71,0.0,A2B2,191.7989155970205,398.4
167.0,72,12.387403089908824,A1A2,1.6,262.9034770884868
167.0,73,14.530950384456249,B2C2,256.59690882991913,398.4
167.0,74,5.589806255117639,:B1_12,197.25332716195783,196.5777880634036
167.0,75,5.761161103727273,:C1_0,395.26892182232393,201.96135309339434
167.0,76,12.38993697864502,B1A1,17.3617366380102,201.6
167.0,77,12.970855660811052,A1A0,-1.6,70.39221104679642
167.0,78,12.78373925288965,B0B1,201.6,62.01680342305741
167.0,79,10.92597978813257,A2A1,-1.6,336.1565542936569
167.0,80,13.364781047222131,A0B0,70.18311084331668,-1.6
167.0,82,11.878585105854768,C1C0,398.4,163.39781485758286
168.0,12,0.0,B0B1,201.6,184.2979556947142
168.0,20,13.761117620966413,A1A0,-1.6,21.495163123480808
168.0,22,11.184663371343165,A2A1,-1.6,364.8333208530443
168.0,23,6.742791943375226,A1A2,1.6,396.53393933575137
168.0,24,0.0,B0B1,201.6,176.79694256975813
168.0,25,11.800393072418064,A2A1,-1.6,301.7366611415139
168.0,26,12.05511268206145,C2B2,331.6133963170232,401.6
168.0,30,15.81832982305465,B2B1,198.4,239.12768413003937
168.0,31,15.84176358196846,B2C2,319.95771712590164,398.4
168.0,33,9.095205713865397,B0A0,9.46262284848936,1.6
168.0,35,13.55065220749154,C1C2,401.6,342.37079669917193
168.0,40,13.253729303106613,B1A1,96.75930097314931,201.6
168.0,41,11.739740858043728,C1C2,401.6,235.66862048649693
168.0,42,0.0,C2B2,215.7021023825342,401.6
168.0,45,0.0,B0B1,201.6,191.79898437969825
168.0,48,11.29270037239621,B1B2,201.6,332.98134476461934
168.0,50,11.547152738170013,C1C0,398.4,130.29153847859413
168.0,51,11.665204133153207,B1B2,201.6,311.317202308867
168.0,53,0.0,A0B0,191.79892555347467,-1.6
168.0,54,13.661351240266258,B1C1,265.78202003024813,198.4
168.0,55,0.0,C2B2,208.20103433560695,401.6
168.0,56,4.620264269326896,A2A1,-1.6,394.2710852755407
168.0,57,0.0,C2B2,223.20318154104496,401.6
168.0,58,0.0,A0A1,1.6,191.79896616084739
168.0,59,0.0,A2A1,-1.6,208.2010371081214
168.0,60,0.0,C0C1,401.6,191.79895662298577
168.0,61,0.0,C0C1,401.6,184.29787767823927
168.0,62,13.099165988470137,B1B0,198.4,66.90061913307889
168.0,63,12.989675945765638,B1C1,309.90890735189424,198.4
168.0,64,0.0,C2B2,230.70430223430137,401.6
168.0,65,0.012916554560589003,A0A1,1.6,184.29284692228978
168.0,66,0.21853358877977813,C2B2,238.2390670696979,401.6
168.0,67,7.559960686208587,A0B0,172.66122216347378,-1.6
168.0,68,0.0,A0B0,184.29791846408457,-1.6
168.0,69,0.0,C0C1,401.6,176.7968334606186
168.0,70,13.100184556444436,B0B1,201.6,113.78900509554802
168.0,71,0.0,A2B2,191.7989155970205,398.4
168.0,72,12.647616858088353,A1A2,1.6,275.5510939465751
168.0,73,13.694364288365053,B2C2,270.29127311828415,398.4
168.0,74,5.7928922478590374,B1B0,198.4,191.02980533181977
168.0,75,5.577734563801415,C1B1,389.7188147417319,201.6
168.0,76,7.88993697864502,B1A1,9.471799659365189,201.6
168.0,77,13.489034705497309,A1A0,-1.6,56.903176341299115
168.0,78,12.769604269776613,B0B1,201.6,74.78640769283402
168.0,79,12.439471975469756,A2A1,-1.6,323.7170823181872
168.0,80,13.432191725103111,A0B0,83.61530256841979,-1.6
168.0,82,11.445945412964784,C1C0,398.4,151.95186944461807
169.0,12,0.0,B0B1,201.6,184.2979556947142
169.0,20,11.26419883022729,A1A0,-1.6,10.230964293253521
169.0,22,12.660608215468004,A2A1,-1.6,352.1727126375763
169.0,23,2.653218225118294,:A2_1,3.0090658358292055,398.37272369083274
169.0,24,0.0,B0B1,201.6,176.79694256975813
169.0,25,11.316299140122846,A2A1,-1.6,290.42036200139097
169.0,26,12.329147667868243,C2B2,319.28424864915496,401.6
169.0,30,15.20789009618135,B2B1,198.4,223.919794033858
169.0,31,15.16570029310378,B2C2,335.12341741900536,398.4
169.0,33,5.092824689751541,B0A0,4.369798158737808,1.6
169.0,35,13.000526386603333,C1C2,401.6,355.3713230857752
169.0,40,13.72101678188885,B1A1,83.03828419126046,201.6
169.0,41,12.052481458553165,C1C2,401.6,247.72110194505012
169.0,42,0.0,C2B2,215.7021023825342,401.6
169.0,45,0.0,B0B1,201.6,191.79898437969825
169.0,48,11.025942628311165,B1B2,201.6,344.0072873929305
169.0,50,10.952138036758885,C1C0,398.4,119.33940044183524
169.0,51,11.58464806479424,B1B2,201.6,322.90185037366126
169.0,53,0.0,A0B0,191.79892555347467,-1.6
169.0,54,13.484755039823385,B1C1,279.2667750700715,198.4
169.0,55,0.0,C2B2,208.20103433560695,401.6
169.0,56,6.8971154056341275,A2A1,-1.6,387.37396986990655
169.0,57,0.0,C2B2,223.20318154104496,401.6
169.0,58,0.0,A0A1,1.6,191.79896616084739
169.0,59,0.0,A2A1,-1.6,208.2010371081214
169.0,60,0.0,C0C1,401.6,191.79895662298577
169.0,61,0.0,C0C1,401.6,184.29787767823927
169.0,62,13.443178284250841,B1B0,198.4,53.45744084882804
169.0,63,12.732766078436114,B1C1,322.6416734303304,198.4
169.0,64,0.0,C2B2,230.70430223430137,401.6
169.0,65,0.0028006172040810425,A0A1,1.6,184.29564753949387
169.0,66,0.027028544721109063,C2B2,238.2120385249768,401.6
169.0,67,3.906629502287028,A0B0,176.5678516657608,-1.6
169.0,68,0.0,A0B0,184.29791846408457,-1.6
169.0,69,0.0,C0C1,401.6,176.7968334606186
169.0,70,13.657645884317606,B0B1,201.6,127.44665097986561
169.0,71,0.0,A2B2,191.7989155970205,398.4
169.0,72,12.16336515211215,A1A2,1.6,287.71445909868726
169.0,73,13.51491412640042,B2C2,283.8061872446846,398.4
169.0,74,7.394119351544998,B1B0,198.4,183.6356859802748
169.0,75,7.301059672608018,C1B1,382.4177550691238,201.6
169.0,76,3.7686249999999997,:A1_11,5.974578478038877,200.74915695607777
169.0,77,13.283904176140188,A1A0,-1.6,43.61927216515892
169.0,78,13.374169040343844,B0B1,201.6,88.16057673317786
169.0,79,11.436950943322756,A2A1,-1.6,312.28013137486437
169.0,80,13.660095931081958,A0B0,97.27539849950175,-1.6
169.0,82,11.707919837171755,C1C0,398.4,140.24394960744632
170.0,12,0.0,B0B1,201.6,184.2979556947142
170.0,20,6.76419883022729,A1A0,-1.6,3.466765463026235
170.0,22,12.370607129485347,A2A1,-1.6,339.80210550809096
170.0,23,3.170210881073549,A2B2,6.177368441943189,398.4
170.0,24,0.0,B0B1,201.6,176.79694256975813
170.0,25,11.913791311108634,A2A1,-1.6,278.50657069028233
170.0,26,12.376411101675773,C2B2,306.90783754747923,401.6
170.0,30,15.868712104405553,B2B1,198.4,208.05108192945247
170.0,31,14.920103742698755,B2C2,350.0435211617041,398.4
170.0,33,3.8990906009604034,A0A1,1.6,3.3492924422225725
170.0,35,13.02798985181059,C1C2,401.6,368.3993129375858
170.0,40,13.52802131403698,B1A1,69.51026287722348,201.6
170.0,41,12.090315700213477,C1C2,401.6,259.8114176452636
170.0,42,0.0,C2B2,215.7021023825342,401.6
170.0,45,0.0,B0B1,201.6,191.79898437969825
170.0,48,11.200238512844951,B1B2,201.6,355.20752590577547
170.0,50,10.796451861727297,C1C0,398.4,108.54294858010795
170.0,51,10.855221048734048,B1B2,201.6,333.7570714223953
170.0,53,0.0,A0B0,191.79892555347467,-1.6
170.0,54,13.736873443870017,B1C1,293.0036485139415,198.4
170.0,55,0.0,C2B2,208.20103433560695,401.6
170.0,56,9.280486806304276,A2A1,-1.6,378.09348306360226
170.0,57,0.0,C2B2,223.20318154104496,401.6
170.0,58,0.0,A0A1,1.6,191.79896616084739
170.0,59,0.0,A2A1,-1.6,208.2010371081214
170.0,60,0.0,C0C1,401.6,191.79895662298577
170.0,61,0.0,C0C1,401.6,184.29787767823927
170.0,62,12.979364328401804,B1B0,198.4,40.47807652042624
170.0,63,12.886339460732714,B1C1,335.5280128910631,198.4
170.0,64,0.0,C2B2,230.70430223430137,401.6
170.0,65,0.0013626100865395557,A0A1,1.6,184.29701014958042
170.0,66,0.0045935861761176085,C2B2,238.20744493880068,401.6
170.0,67,0.136671162958803,A0B0,176.7045228287196,-1.6
170.0,68,0.0,A0B0,184.29791846408457,-1.6
170.0,69,0.0,C0C1,401.6,176.7968334606186
170.0,70,13.061473520610742,B0B1,201.6,140.50812450047636
170.0,71,0.0,A2B2,191.7989155970205,398.4
170.0,72,12.000395922695228,A1A2,1.6,299.7148550213825
170.0,73,13.900608959197582,B2C2,297.70679620388216,398.4
170.0,74,9.478524206533677,B1B0,198.4,174.1571617737411
170.0,75,9.268521355021722,C1B1,373.14923371410214,201.6
170.0,76,2.6514080525813624,:A1_11,6.765719467733747,198.68952035484418
170.0,77,13.44517078001982,A1A0,-1.6,30.174101385139096
170.0,78,13.70224206791085,B0B1,201.6,101.86281880108871
170.0,79,11.337271859453038,A2A1,-1.6,300.9428595154113
170.0,80,13.943169913561942,A0B0,111.21856841306371,-1.6
170.0,82,10.585385073064963,C1C0,398.4,129.65856453438136
171.0,12,0.0,B0B1,201.6,184.2979556947142
171.0,20,5.058974799157634,:A0_0,0.3909117925954283,-0.8745470755572571
171.0,22,13.283612019523046,A2A1,-1.6,326.5184934885679
171.0,23,4.4878978686719755,A2B2,10.665266310615166,398.4
171.0,24,0.0,B0B1,201.6,176.79694256975813
171.0,25,11.205102909654507,A2A1,-1.6,267.30146778062783
171.0,26,12.099251247418293,C2B2,294.80858630006094,401.6
171.0,31,15.912444727895398,B2C2,365.95596588959955,398.4
171.0,33,6.094730643733852,A0A1,1.6,9.444023085956427
171.0,35,13.681644480197312,C1C2,401.6,382.0809574177831
171.0,40,13.816399751575611,B1A1,55.69386312564788,201.6
171.0,41,13.222030106194369,C1C2,401.6,273.03344775145797
171.0,42,0.0,C2B2,215.7021023825342,401.6
171.0,45,0.0,B0B1,201.6,191.79898437969825
171.0,48,11.005180864866995,B1B2,201.6,366.21270677064246
171.0,50,10.626191880776792,C1C0,398.4,97.91675669933115
171.0,51,10.941871543725007,B1B2,201.6,344.6989429661203
171.0,53,0.0,A0B0,191.79892555347467,-1.6
171.0,54,13.730948577172265,B1C1,306.7345970911138,198.4
171.0,55,0.0,C2B2,208.20103433560695,401.6
171.0,56,11.346560442968354,A2A1,-1.6,366.74692262063394
171.0,57,0.0,C2B2,223.20318154104496,401.6
171.0,58,0.0,A0A1,1.6,191.79896616084739
171.0,59,0.0,A2A1,-1.6,208.2010371081214
171.0,60,0.0,C0C1,401.6,191.79895662298577
171.0,61,0.0,C0C1,401.6,184.29787767823927
171.0,62,14.10613079863944,B1B0,198.4,26.3719457217868
171.0,63,13.118831349886321,B1C1,348.64684424094946,198.4
171.0,64,0.0,C2B2,230.70430223430137,401.6
171.0,65,0.0005262265049226049,A0A1,1.6,184.29753637608533
171.0,66,0.0017120058046053124,C2B2,238.20573293299609,401.6
171.0,67,0.06290449925279418,A0B0,176.7674273279724,-1.6
171.0,68,0.0,A0B0,184.29791846408457,-1.6
171.0,69,0.0,C0C1,401.6,176.7968334606186
171.0,70,12.8296100191052,B0B1,201.6,153.33773451958155
171.0,71,0.0,A2B2,191.7989155970205,398.4
171.0,72,12.261092853855283,A1A2,1.6,311.9759478752378
171.0,73,13.412964040329264,B2C2,311.1197602442115,398.4
171.0,74,11.32681929082761,B1B0,198.4,162.8303424829135
171.0,75,10.661184164927318,C1B1,362.4880495491748,201.6
171.0,76,2.5691692054243758,A1B1,9.247402598640525,198.4
171.0,77,10.996195559617474,A1A0,-1.6,19.177905825521634
171.0,78,13.16767515110609,B0B1,201.6,115.03049395219483
171.0,79,12.868112049710037,A2A1,-1.6,288.0747474657013
171.0,80,14.239737413711772,A0B0,125.45830582677549,-1.6
171.0,81,9.740677484371188,A2A1,-1.6,391.7
171.0,82,11.529594350025539,C1C0,398.4,118.12897018435581
172.0,12,0.0,B0B1,201.6,184.2979556947142
172.0,20,6.133352615421221,A0B0,6.385561951552599,-1.6
172.0,22,13.249490367622114,A2A1,-1.6,313.2690031209458
172.0,23,6.016324296648204,A2B2,16.68159060726337,398.4
172.0,24,0.0,B0B1,201.6,176.79694256975813
172.0,25,11.553478341335557,A2A1,-1.6,255.74798943929227
172.0,26,12.1234668142043,C2B2,282.6851194858566,401.6
172.0,31,15.348296132455197,B2C2,381.3042620220548,398.4
172.0,33,7.65205097851947,A0A1,1.6,17.096074064475896
172.0,35,9.83768599916382,C1C2,401.6,391.91864341694696
172.0,40,13.191936037614889,B1A1,42.501927088033,201.6
172.0,41,13.222602430482448,C1C2,401.6,286.2560501819404
172.0,42,0.0,C2B2,215.7021023825342,401.6
172.0,45,0.0,B0B1,201.6,191.79898437969825
172.0,48,11.655376139671715,B1B2,201.6,377.8680829103142
172.0,50,10.677209549154401,C1C0,398.4,87.23954715017676
172.0,51,11.52439995944598,B1B2,201.6,356.22334292556627
172.0,53,0.0,A0B0,191.79892555347467,-1.6
172.0,54,12.922700450386063,B1C1,319.6572975414999,198.4
172.0,55,0.0,C2B2,208.20103433560695,401.6
172.0,56,11.2254979800853,A2A1,-1.6,355.5214246405486
172.0,57,0.0,C2B2,223.20318154104496,401.6
172.0,58,0.0,A0A1,1.6,191.79896616084739
172.0,59,0.0,A2A1,-1.6,208.2010371081214
172.0,60,0.0,C0C1,401.6,191.79895662298577
172.0,61,0.0,C0C1,401.6,184.29787767823927
172.0,62,10.69017452934774,B1B0,198.4,15.681771192439072
172.0,63,12.879947173735426,B1C1,361.52679141468485,198.4
172.0,64,0.00011779982050529484,C2B2,230.70418443448085,401.6
172.0,65,0.00031530886062921236,A0A1,1.6,184.29785168494595
172.0,66,0.0003853828987255464,C2B2,238.20534755009737,401.6
172.0,67,0.02192351981653768,A0B0,176.78935084778894,-1.6
172.0,68,0.0,A0B0,184.29791846408457,-1.6
172.0,69,0.0,C0C1,401.6,176.7968334606186
172.0,70,8.755669811583152,B0B1,201.6,162.0934043311647
172.0,71,0.0,A2B2,191.7989155970205,398.4
172.0,72,11.773873491940961,A1A2,1.6,323.7498213671788
172.0,73,13.380777853456841,B2C2,324.5005380976683,398.4
172.0,74,12.541153488063566,B1B0,198.4,150.28918899484992
172.0,75,13.083538326806366,C1B1,349.40451122236846,201.6
172.0,76,4.875428599651904,A1B1,14.122831198292431,198.4
172.0,77,8.566608921751046,A1A0,-1.6,10.61129690377058
172.0,78,13.654270175623827,B0B1,201.6,128.68476412781862
172.0,79,10.963118748965739,A2A1,-1.6,277.1116287167356
172.0,80,13.762703068489134,A0B0,139.22100889526462,-1.6
172.0,81,11.309466300964775,A2A1,-1.6,380.39053369903525
172.0,82,10.84726767596394,C1C0,398.4,107.28170250839187
173.0,12,0.0,B0B1,201.6,184.2979556947142
173.0,20,8.022141356037514,A0B0,14.407703307590115,-1.6
173.0,22,12.805557584530673,A2A1,-1.6,300.46344553641507
173.0,23,8.509975572753287,A2B2,25.191566180016657,398.4
173.0,24,0.0,B0B1,201.6,176.79694256975813
173.0,25,10.840690001654565,A2A1,-1.6,244.9072994376377
173.0,26,12.577508291753189,C2B2,270.1076111941034,401.6
173.0,33,10.029768607082293,A0A1,1.6,27.12584267155819
173.0,35,6.010408928786799,:C2_0,401.4403028867135,397.9178797930056
173.0,40,13.275770560204931,B1A1,29.226156527828067,201.6
173.0,41,12.977947580309637,C1C2,401.6,299.23399776225006
173.0,42,0.0,C2B2,215.7021023825342,401.6
173.0,45,0.0,B0B1,201.6,191.79898437969825
173.0,48,12.132638237850912,B1B2,201.6,390.0007211481651
173.0,50,11.659423274420448,C1C0,398.4,75.58012387575631
173.0,51,11.86553528835509,B1B2,201.6,368.08887821392136
173.0,53,0.0,A0B0,191.79892555347467,-1.6
173.0,54,13.085981179730178,B1C1,332.74327872123007,198.4
173.0,55,0.0,C2B2,208.20103433560695,401.6
173.0,56,12.04723983369312,A2A1,-1.6,343.4741848068555
173.0,57,0.0,C2B2,223.20318154104496,401.6
173.0,58,0.0,A0A1,1.6,191.79896616084739
173.0,59,0.0,A2A1,-1.6,208.2010371081214
173.0,60,0.0,C0C1,401.6,191.79895662298577
173.0,61,0.0,C0C1,401.6,184.29787767823927
173.0,62,8.322361745773998,B1B0,198.4,7.359409446665069
173.0,63,12.833973475359679,B1C1,374.3607648900445,198.4
173.0,64,0.0,C2B2,230.70418443448085,401.6
173.0,65,0.0,A0A1,1.6,184.29785168494595
173.0,66,0.00011758073171045115,C2B2,238.20522996936566,401.6
173.0,67,0.0061825630841939585,A0B0,176.79553341087313,-1.6
173.0,68,0.0,A0B0,184.29791846408457,-1.6
173.0,69,0.0,C0C1,401.6,176.7968334606186
173.0,70,5.238884317915451,B0B1,201.6,167.33228864908014
173.0,71,0.0,A2B2,191.7989155970205,398.4
173.0,72,12.289351582184375,A1A2,1.6,336.03917294936315
173.0,73,13.647867092499093,B2C2,338.1484051901674,398.4
173.0,74,12.378844950010382,B1B0,198.4,137.91034404483952
173.0,75,12.418639687622026,C1B1,336.9858715347464,201.6
173.0,76,6.889205692961813,A1B1,21.012036891254244,198.4
173.0,77,7.372012714911426,A1A0,-1.6,3.239284188859159
173.0,78,12.704854236043179,B0B1,201.6,141.3896183638618
173.0,79,11.457462378717425,A2A1,-1.6,265.6541663380182
173.0,80,13.213882786323126,A0B0,152.43489168158774,-1.6
173.0,81,13.098373233520904,A2A1,-1.6,367.2921604655143
173.0,82,11.23144319480465,C1C0,398.4,96.0502593135872
173.0,83,10.041553838686115,A2A1,-1.6,391.7
173.0,86,10.35060334789219,B1B0,198.4,187.70000000000002
174.0,12,0.0,B0B1,201.6,184.2979556947142
174.0,20,9.53272962236549,A0B0,23.940432929955605,-1.6
174.0,22,12.68254353220202,A2A1,-1.6,287.7809020042131
174.0,23,10.546550753511077,A2B2,35.73811693352774,398.4
174.0,24,0.0,B0B1,201.6,176.79694256975813
174.0,25,11.11650001431828,A2A1,-1.6,233.7907994233194
174.0,26,11.837969135025599,C2B2,258.2696420590778,401.6
174.0,33,11.338725004546792,A0A1,1.6,38.464567676104984
174.0,35,6.158710414992109,:C2_0,397.2477621195682,401.53603398291887
174.0,40,13.073213011049493,B1A1,16.152943516778578,201.6
174.0,41,12.791445314728707,C1C2,401.6,312.0254430769788
174.0,42,0.0,C2B2,215.7021023825342,401.6
174.0,45,0.0,B0B1,201.6,191.79898437969825
174.0,50,11.519560511749484,C1C0,398.4,64.06056336400681
174.0,51,12.815503055036281,B1B2,201.6,380.90438126895765
174.0,53,0.0,A0B0,191.79892555347467,-1.6
174.0,54,13.209630810984553,B1C1,345.9529095322146,198.4
174.0,55,0.0,C2B2,208.20103433560695,401.6
174.0,56,11.704461732502194,A2A1,-1.6,331.7697230743533
174.0,57,0.0,C2B2,223.20318154104496,401.6
174.0,58,0.0,A0A1,1.6,191.79896616084739
174.0,59,0.0,A2A1,-1.6,208.2010371081214
174.0,60,0.0,C0C1,401.6,191.79895662298577
174.0,61,0.0,C0C1,401.6,184.29787767823927
174.0,62,5.432869658128351,:B0_0,196.34952390747077,2.609714344482466
174.0,63,12.365693032978104,B1C1,386.7264579230226,198.4
174.0,64,0.0,C2B2,230.70418443448085,401.6
174.0,65,0.00010213979018124242,A0A1,1.6,184.29795382473614
174.0,66,0.0,C2B2,238.20522996936566,401.6
174.0,67,0.00119537363862748,A0B0,176.79672878451177,-1.6
174.0,68,0.0,A0B0,184.29791846408457,-1.6
174.0,69,0.0,C0C1,401.6,176.7968334606186
174.0,70,1.2020585991340766,B0B1,201.6,168.53434724821423
174.0,71,0.0,A2B2,191.7989155970205,398.4
174.0,72,12.239740874717885,A1A2,1.6,348.27891382408103
174.0,73,14.232472399444834,B2C2,352.3808775896123,398.4
174.0,74,13.010821297077776,B1B0,198.4,124.89952274776176
174.0,75,13.491482865657717,C1B1,323.49438866908866,201.6
174.0,76,9.193638451604173,A1B1,30.205675342858417,198.4
174.0,77,5.713061055003151,:A0_0,1.1542232050567065,-1.307746172150958
174.0,78,10.53609680167103,B0B1,201.6,151.92571516553284
174.0,79,11.208901369918134,A2A1,-1.6,254.44526496810002
174.0,80,9.186051320281317,A0B0,161.62094300186905,-1.6
174.0,81,12.671394883315742,A2A1,-1.6,354.6207655821986
174.0,82,11.896911871673266,C1C0,398.4,84.15334744191392
174.0,83,12.408251442848734,A2A1,-1.6,379.29174855715127
174.0,86,12.486818909380831,B1B0,198.4,175.21318109061917
175.0,12,0.0,B0B1,201.6,184.2979556947142
175.0,20,11.599208778881051,A0B0,35.53964170883666,-1.6
175.0,22,12.266427673842758,A2A1,-1.6,275.5144743303703
175.0,23,11.442362213876336,A2B2,47.18047914740408,398.4
175.0,24,0.0,B0B1,201.6,176.79694256975813
175.0,25,9.342393085662641,A2A1,-1.6,224.44840633765676
175.0,26,7.450054498259534,C2B2,250.8195875608183,401.6
175.0,33,13.231459425940626,A0A1,1.6,51.69602710204562
175.0,35,5.3713728762990085,C2B2,391.88086436297516,401.6
175.0,40,8.573213011049493,B1A1,7.5797305057290885,201.6
175.0,41,12.532225608879752,C1C2,401.6,324.5576686858585
175.0,42,0.0,C2B2,215.7021023825342,401.6
175.0,45,0.0,B0B1,201.6,191.79898437969825
175.0,50,10.742339522358275,C1C0,398.4,53.318223841648546
175.0,53,0.0,A0B0,191.79892555347467,-1.6
175.0,54,13.39012448287397,B1C1,359.3430340150886,198.4
175.0,55,0.0,C2B2,208.20103433560695,401.6
175.0,56,12.364677052288414,A2A1,-1.6,319.4050460220649
175.0,57,0.0,C2B2,223.20318154104496,401.6
175.0,58,0.0,A0A1,1.6,191.79896616084739
175.0,59,0.0,A2A1,-1.6,208.2010371081214
175.0,60,0.0,C0C1,401.6,191.79895662298577
175.0,61,0.0,C0C1,401.6,184.29787767823927
175.0,62,6.556849806707345,B0A0,189.99968998182942,1.6
175.0,63,7.865693032978104,:C1_7,394.5744167020236,198.65348810028908
175.0,64,0.0,C2B2,230.70418443448085,401.6
175.0,65,0.0,A0A1,1.6,184.29795382473614
175.0,66,0.0,C2B2,238.20522996936566,401.6
175.0,67,0.00016038836727240788,A0B0,176.79688917287905,-1.6
175.0,68,0.0,A0B0,184.29791846408457,-1.6
175.0,69,0.0,C0C1,401.6,176.7968334606186
175.0,70,0.4354529055188177,B0B1,201.6,168.96980015373305
175.0,71,0.0,A2B2,191.7989155970205,398.4
175.0,72,12.053950324754172,A1A2,1.6,360.3328641488352
175.0,73,13.453473229878165,B2C2,365.8343508194904,398.4
175.0,74,12.738209311792009,B1B0,198.4,112.16131343596976
175.0,75,12.72995037332742,C1B1,310.76443829576124,201.6
175.0,76,10.625900741058402,A1B1,40.83157608391682,198.4
175.0,77,5.00371740588215,A0B0,6.137494272026132,-1.6
175.0,78,6.262367285592128,B0B1,201.6,158.18808245112496
175.0,79,10.903549616842577,A2A1,-1.6,243.54171535125744
175.0,80,5.379693430854967,A0B0,167.000636432724,-1.6
175.0,81,12.114964764935127,A2A1,-1.6,342.50580081726343
175.0,82,10.736570979834745,C1C0,398.4,73.41677646207918
175.0,83,12.336931470519044,A2A1,-1.6,366.95481708663226
175.0,84,9.904134809155794,A2A1,-1.6,391.7
175.0,86,13.087081088149095,B1B0,198.4,162.12610000247008
175.0,87,12.72995037332742,C1B1,387.7,201.6
176.0,12,0.0,B0B1,201.6,184.2979556947142
176.0,20,14.005562132564389,A0B0,49.545203841401054,-1.6
176.0,22,13.105240213802084,A2A1,-1.6,262.4092341165682
176.0,23,11.468160697534918,A2B2,58.648639844939005,398.4
176.0,24,0.0,B0B1,201.6,176.79694256975813
176.0,25,6.030123266460737,A2A1,-1.6,218.41828307119602
176.0,26,4.071893895678499,C2B2,246.7476936651398,401.6
176.0,33,15.8230019753021,A0A1,1.6,67.51902907734772
176.0,35,7.672770322492742,C2B2,384.2080940404824,401.6
176.0,40,5.925571026328854,:A1_3,2.4695538905855887,203.884076849024
176.0,41,12.592722543546051,C1C2,401.6,337.1503912294046
176.0,42,0.0,C2B2,215.7021023825342,401.6
176.0,45,0.0,B0B1,201.6,191.79898437969825
176.0,50,11.706688248262987,C1C0,398.4,41.611535593385554
176.0,53,0.0,A0B0,191.79892555347467,-1.6
176.0,54,13.825730775509173,B1C1,373.1687647905978,198.4
176.0,55,0.0,C2B2,208.20103433560695,401.6
176.0,56,11.828320634779619,A2A1,-1.6,307.57672538728525
176.0,57,0.0,C2B2,223.20318154104496,401.6
176.0,58,0.0,A0A1,1.6,191.79896616084739
176.0,59,0.0,A2A1,-1.6,208.2010371081214
176.0,60,0.0,C0C1,401.6,191.79895662298577
176.0,61,0.0,C0C1,401.6,184.29787767823927
176.0,62,8.036080387162968,B0A0,181.96360959466642,1.6
176.0,63,7.0852884004628285,:C1_7,400.31720106360694,202.12866843934486
176.0,64,0.0,C2B2,230.70418443448085,401.6
176.0,65,0.0,A0A1,1.6,184.29795382473614
176.0,66,0.0,C2B2,238.20522996936566,401.6
176.0,67,0.0,A0B0,176.79688917287905,-1.6
176.0,68,0.0,A0B0,184.29791846408457,-1.6
176.0,69,0.0,C0C1,401.6,176.7968334606186
176.0,70,0.1818705489036534,B0B1,201.6,169.1516707026367
176.0,71,0.0,A2B2,191.7989155970205,398.4
176.0,72,11.796260612511018,A1A2,1.6,372.12912476134625
176.0,73,14.462387875406586,B2C2,380.29673869489704,398.4
176.0,74,13.165869370044522,B1B0,198.4,98.99544406592524
176.0,75,13.10283492401807,C1B1,297.6616033717432,201.6
176.0,76,12.516785573444329,A1B1,53.34836165736115,198.4
176.0,77,7.1299689659825045,A0B0,13.267463238008638,-1.6
176.0,78,2.2324804971949215,B0B1,201.6,160.42056294831988
176.0,79,8.870123861600959,A2A1,-1.6,234.6715914896565
176.0,80,1.8853767157463786,A0B0,168.8860131484704,-1.6
176.0,81,13.29111775849463,A2A1,-1.6,329.2146830587688
176.0,82,10.585057685229524,C1C0,398.4,62.83171877684967
176.0,83,12.740932983689122,A2A1,-1.6,354.2138841029431
176.0,84,12.127174660237351,A2A1,-1.6,379.57282533976263
176.0,86,13.23145599449064,B1B0,198.4,148.89464400797942
176.0,87,13.488473955721973,C1B1,374.21152604427806,201.6
177.0,12,0.0,B0B1,201.6,184.2979556947142
177.0,20,13.617239762740226,A0B0,63.16244360414129,-1.6
177.0,22,12.559507244543697,A2A1,-1.6,249.84972687202452
177.0,23,11.31127554077772,A2B2,69.95991538571673,398.4
177.0,24,0.0,B0B1,201.6,176.79694256975813
177.0,25,2.463468399829582,A2A1,-1.6,215.95481467136642
177.0,26,0.6884296947014701,C2B2,246.0592639704383,401.6
177.0,33,15.694969364306749,A0A1,1.6,83.21399844165447
177.0,35,10.094358676538267,C2B2,374.1137353639441,401.6
177.0,40,6.543300024328657,A1A2,1.6,210.2591405449284
177.0,41,12.278405573296412,C1C2,401.6,349.428796802701
177.0,42,0.0,C2B2,215.7021023825342,401.6
177.0,45,0.0,B0B1,201.6,191.79898437969825
177.0,50,11.500501178916789,C1C0,398.4,30.111034414468776
177.0,53,0.0,A0B0,191.79892555347467,-1.6
177.0,54,12.269785238718653,B1C1,385.4385500293164,198.4
177.0,55,0.0,C2B2,208.20103433560695,401.6
177.0,56,12.223561138189496,A2A1,-1.6,295.35316424909576
177.0,57,0.0,C2B2,223.20318154104496,401.6
177.0,58,0.0,A0A1,1.6,191.79896616084739
177.0,59,0.0,A2A1,-1.6,208.2010371081214
177.0,60,0.0,C0C1,401.6,191.79895662298577
177.0,61,0.0,C0C1,401.6,184.29787767823927
177.0,62,10.187192460613318,B0A0,171.7764171340531,1.6
177.0,63,7.435124674303457,C1C2,401.6,209.32256403076698
177.0,64,0.0,C2B2,230.70418443448085,401.6
177.0,65,0.0,A0A1,1.6,184.29795382473614
177.0,66,0.0,C2B2,238.20522996936566,401.6
177.0,67,0.0,A0B0,176.79688917287905,-1.6
177.0,68,0.0,A0B0,184.29791846408457,-1.6
177.0,69,0.0,C0C1,401.6,176.7968334606186
177.0,70,0.09220161744283811,B0B1,201.6,169.24387232007953
177.0,71,0.0,A2B2,191.7989155970205,398.4
177.0,72,12.614013536329864,A1A2,1.6,384.74313829767607
177.0,73,9.962387875406586,B2C2,390.2591265703036,398.4
177.0,74,12.934355482726671,B1B0,198.4,86.06108858319854
177.0,75,12.387244003625646,C1B1,285.27435936811753,201.6
177.0,76,13.539494585952909,A1B1,66.88785624331406,198.4
177.0,77,8.494686201328829,A0B0,21.762149439337467,-1.6
177.0,78,0.7613140581834137,B0B1,201.6,161.1818770065033
177.0,79,7.020398816313921,A2A1,-1.6,227.65119267334256
177.0,80,0.21642289318569086,A0B0,169.1024360416561,-1.6
177.0,81,11.358705612840048,A2A1,-1.6,317.8559774459288
177.0,82,11.31678633686199,C1C0,398.4,51.51493243998769
177.0,83,12.499413568520099,A2A1,-1.6,341.714470534423
177.0,84,13.873699311270302,A2A1,-1.6,365.69912602849234
177.0,85,1.540398338748534,C2B2,391.7,401.6
177.0,86,12.975051215058299,B1B0,198.4,135.91959279292115
177.0,87,14.128310254652433,C1B1,360.08321578962557,201.6
177.0,88,13.89,A1A0,-1.6,187.70000000000002
178.0,12,0.0,B0B1,201.6,184.2979556947142
178.0,20,14.136791122998128,A0B0,77.29923472713942,-1.6
178.0,22,9.007304625479035,A2A1,-1.6,240.84242224654548
178.0,23,11.34467373157037,A2B2,81.3045891172871,398.4
178.0,24,0.0,B0B1,201.6,176.79694256975813
178.0,25,0.2006553823131249,A2A1,-1.6,215.7541592890533
178.0,26,0.23792179072346342,C2B2,245.82134217971483,401.6
178.0,33,15.298567106067063,A0A1,1.6,98.51256554772155
178.0,35,12.684414112643735,C2B2,361.4293212513004,401.6
178.0,40,9.097744527786872,A1A2,1.6,219.3568850727153
178.0,41,12.380435808080302,C1C2,401.6,361.80923261078135
178.0,42,0.0,C2B2,215.7021023825342,401.6
178.0,45,0.0,B0B1,201.6,191.79898437969825
178.0,50,10.687929063024246,C1C0,398.4,19.42310535144452
178.0,53,0.0,A0B0,191.79892555347467,-1.6
178.0,54,7.769785238718653,:C1_7,393.2042945808782,198.4577563686969
178.0,55,0.0,C2B2,208.20103433560695,401.6
178.0,56,11.879017379293316,A2A1,-1.6,283.47414686980244
178.0,57,0.0,C2B2,223.20318154104496,401.6
178.0,58,0.0,A0A1,1.6,191.79896616084739
178.0,59,0.0,A2A1,-1.6,208.2010371081214
178.0,60,0.0,C0C1,401.6,191.79895662298577
178.0,61,0.0,C0C1,401.6,184.29787767823927
178.0,62,11.561226630209006,B0A0,160.2151905038441,1.6
178.0,63,9.194865435202606,C1C2,401.6,218.5174294659696
178.0,64,0.0,C2B2,230.70418443448085,401.6
178.0,65,0.0,A0A1,1.6,184.29795382473614
178.0,66,0.0,C2B2,238.20522996936566,401.6
178.0,67,0.0,A0B0,176.79688917287905,-1.6
178.0,68,0.0,A0B0,184.29791846408457,-1.6
178.0,69,0.0,C0C1,401.6,176.7968334606186
178.0,70,0.035869717200890175,B0B1,201.6,169.2797420372804
178.0,71,0.0,A2B2,191.7989155970205,398.4
178.0,72,8.114013536329864,A1A2,1.6,392.857151834006
178.0,73,5.7574988139377465,B2C2,396.01662538424137,398.4
178.0,74,12.135255339147836,B1B0,198.4,73.92583324405071
178.0,75,13.110967078279764,C1B1,272.16339228983776,201.6
178.0,76,13.708625640123339,A1B1,80.5964818834374,198.4
178.0,77,10.545106890678822,A0B0,32.307256330016294,-1.6
178.0,78,0.371964937744896,B0B1,201.6,161.5538419442482
178.0,79,3.1917562630598795,A2A1,-1.6,224.45943641028268
178.0,80,0.11696199788807166,A0B0,169.21939803954416,-1.6
178.0,81,12.988684595559388,A2A1,-1.6,304.8672928503694
178.0,82,12.028502216868475,C1C0,398.4,39.486430223119214
178.0,83,12.576522610135381,A2A1,-1.6,329.13794792428763
178.0,84,13.220675157214487,A2A1,-1.6,352.47845087127786
178.0,85,3.955721898781528,C2B2,387.74427810121847,401.6
178.0,86,13.880214029806773,B1B0,198.4,122.03937876311436
178.0,87,14.174112330231264,C1B1,345.9091034593943,201.6
178.0,88,12.900746385125498,A1A0,-1.6,174.79925361487452
179.0,12,0.0,B0B1,201.6,184.2979556947142
179.0,20,13.64185891374016,A0B0,90.94109364087959,-1.6
179.0,22,6.578732125750272,A2A1,-1.6,234.26369012079522
179.0,23,11.856153900615178,A2B2,93.16074301790228,398.4
179.0,24,0.0,B0B1,201.6,176.79694256975813
179.0,25,0.03938422109299667,A2A1,-1.6,215.7147750679603
179.0,26,0.10555097154665843,C2B2,245.71579120816818,401.6
179.0,33,15.17887681825538,A0A1,1.6,113.69144236597693
179.0,35,13.294768022244417,C2B2,348.13455322905594,401.6
179.0,40,10.961424633862352,A1A2,1.6,230.31830970657765
179.0,41,12.26652513817703,C1C2,401.6,374.0757577489584
179.0,42,0.0,C2B2,215.7021023825342,401.6
179.0,45,0.0,B0B1,201.6,191.79898437969825
179.0,50,9.426761744895117,C1C0,398.4,9.996343606549402
179.0,53,0.0,A0B0,191.79892555347467,-1.6
179.0,54,7.767694339011237,:C1_7,399.95627222422905,201.52712037371515
179.0,55,0.0,C2B2,208.20103433560695,401.6
179.0,56,11.29672813638589,A2A1,-1.6,272.1774187334166
179.0,57,0.0,C2B2,223.20318154104496,401.6
179.0,58,0.0,A0A1,1.6,191.79896616084739
179.0,59,0.0,A2A1,-1.6,208.2010371081214
179.0,60,0.0,C0C1,401.6,191.79895662298577
179.0,61,0.0,C0C1,401.6,184.29787767823927
179.0,62,13.906407422096178,B0A0,146.30878308174792,1.6
179.0,63,11.314582153366878,C1C2,401.6,229.83201161933647
179.0,64,0.0,C2B2,230.70418443448085,401.6
179.0,65,0.0,A0A1,1.6,184.29795382473614
179.0,66,0.0,C2B2,238.20522996936566,401.6
179.0,67,0.0,A0B0,176.79688917287905,-1.6
179.0,68,0.0,A0B0,184.29791846408457,-1.6
179.0,69,0.0,C0C1,401.6,176.7968334606186
179.0,70,0.010578325641283904,B0B1,201.6,169.2903203629217
179.0,71,0.0,A2B2,191.7989155970205,398.4
179.0,72,3.827671350314739,A1A2,1.6,396.68482318432075
179.0,73,2.8216620621527735,:C2_1,398.3233782814687,397.3363520297192
179.0,74,12.17431027042897,B1B0,198.4,61.751522973621746
179.0,75,12.604783295151837,C1B1,259.5586089946859,201.6
179.0,76,13.150415043750964,A1B1,93.74689692718837,198.4
179.0,77,12.296596615875556,A0B0,44.60385294589185,-1.6
179.0,78,0.20072564505950904,B0B1,201.6,161.75456758930773
179.0,79,0.8192982353416389,A2A1,-1.6,223.64013817494103
179.0,80,0.06081595736612315,A0B0,169.28021399691028,-1.6
179.0,81,11.819480968255357,A2A1,-1.6,293.047811882114
179.0,82,10.39722030675693,C1C0,398.4,29.08920991636228
179.0,83,12.557199892954081,A2A1,-1.6,316.58074803133354
179.0,84,12.356321733752893,A2A1,-1.6,340.12212913752495
179.0,85,5.694587026265841,C2B2,382.04969107495265,401.6
179.0,86,12.803310338198314,B1B0,198.4,109.23606842491604
179.0,87,13.527426189247898,C1B1,332.38167727014644,201.6
179.0,88,13.061433038093204,A1A0,-1.6,161.7378205767813
179.0,89,13.89,B1A1,187.70000000000002,201.6
180.0,12,0.0,B0B1,201.6,184.2979556947142
180.0,20,12.923053117296675,A0B0,103.86414675817629,-1.6
180.0,22,2.6964164798857886,A2A1,-1.6,231.56727364090943
180.0,23,11.190562593747169,A2B2,104.35130561164947,398.4
180.0,24,0.0,B0B1,201.6,176.79694256975813
180.0,25,0.008353257589731801,A2A1,-1.6,215.70642181037056
180.0,26,0.008731261698711294,C2B2,245.70705994646949,401.6
180.0,33,16.17488016894073,A0A1,1.6,129.86632253491766
180.0,35,13.687329460109204,C2B2,334.44722376894674,401.6
180.0,40,12.705679671398265,A1A2,1.6,243.0239893779759
180.0,41,12.382897176298366,C1C2,401.6,386.4586549252567
180.0,42,0.0,C2B2,215.7021023825342,401.6
180.0,45,0.0,B0B1,201.6,191.79898437969825
180.0,50,5.755421946083294,C1C0,398.4,4.240921660466114
180.0,53,0.0,A0B0,191.79892555347467,-1.6
180.0,54,7.245299564413168,C1C2,401.6,208.43132917145945
180.0,55,0.0,C2B2,208.20103433560695,401.6
180.0,56,11.285394810810784,A2A1,-1.6,260.89202392260574
180.0,57,0.0,C2B2,223.20318154104496,401.6
180.0,58,0.0,A0A1,1.6,191.79896616084739
180.0,59,0.0,A2A1,-1.6,208.2010371081214
180.0,60,0.0,C0C1,401.6,191.79895662298577
180.0,61,0.0,C0C1,401.6,184.29787767823927
180.0,62,13.42623618446634,B0A0,132.88254689728157,1.6
180.0,63,13.341853297408969,C1C2,401.6,243.17386491674546
180.0,64,0.0,C2B2,230.70418443448085,401.6
180.0,65,0.0,A0A1,1.6,184.29795382473614
180.0,66,0.0,C2B2,238.20522996936566,401.6
180.0,67,0.0,A0B0,176.79688917287905,-1.6
180.0,68,0.0,A0B0,184.29791846408457,-1.6
180.0,69,0.0,C0C1,401.6,176.7968334606186
180.0,70,0.004099471450396477,B0B1,201.6,169.2944198343721
180.0,71,0.0,A2B2,191.7989155970205,398.4
180.0,72,2.4600988196631524,:A2_1,2.9672482214667295,398.3667497459238
180.0,73,3.574671993476823,C2C1,398.4,393.7670405601291
180.0,74,12.1193247106274,B1B0,198.4,49.632198262994336
180.0,75,12.716789120329603,C1B1,246.84181987435633,201.6
180.0,76,13.649002995560133,A1B1,107.39589992274853,198.4
180.0,77,13.007389218201846,A0B0,57.6112421640937,-1.6
180.0,78,0.01852192627246295,B0B1,201.6,161.77308951558018
180.0,79,0.2602150618317047,A2A1,-1.6,223.37992311310933
180.0,80,0.011787062129924893,A0B0,169.2920010590402,-1.6
180.0,81,11.086872070669411,A2A1,-1.6,281.9609398114446
180.0,82,9.248797559231159,C1C0,398.4,19.84041235713113
180.0,83,12.594547105577494,A2A1,-1.6,303.98620092575607
180.0,84,12.723326390726344,A2A1,-1.6,327.39880274679865
180.0,85,7.8172717190901,C2B2,374.23241935586253,401.6
180.0,86,13.117981955991233,B1B0,198.4,96.11808646892479
180.0,87,13.67526177702789,C1B1,318.7064154931185,201.6
180.0,88,13.327715841495486,A1A0,-1.6,148.4101047352858
180.0,89,13.459278953646237,B1A1,174.24072104635377,201.6
181.0,12,0.0,B0B1,201.6,184.2979556947142
181.0,20,13.694031078079732,A0B0,117.55817783625601,-1.6
181.0,22,0.625494733266439,A2A1,-1.6,230.941778907643
181.0,23,12.097649669527314,A2B2,116.4489552811768,398.4
181.0,24,0.0,B0B1,201.6,176.79694256975813
181.0,25,0.002566016265471856,A2A1,-1.6,215.7038557941051
181.0,26,0.00047471143994238954,C2B2,245.70658523502954,401.6
181.0,33,15.153246581605496,A0A1,1.6,145.01956911652314
181.0,35,13.873082733537622,C2B2,320.5741410354091,401.6
181.0,40,13.235079125915602,A1A2,1.6,256.2590685038915
181.0,42,0.0,C2B2,215.7021023825342,401.6
181.0,45,2.379425078816712,:B1_9,201.6,194.17840945851498
181.0,50,3.1662215506812927,:C0_0,397.25020061871055,1.6643143741015052
181.0,53,2.3888149852398786,:B0_7,194.17177314707078,-1.4040324075613182
181.0,54,9.0490761741478,C1C2,401.6,217.48040534560724
181.0,55,2.3381676135584715,:B2_1,205.8782518247628,401.411178832109
181.0,56,10.632424660000373,A2A1,-1.6,250.2595992626054
181.0,57,0.0,C2B2,223.20318154104496,401.6
181.0,58,1.3832218722673133,:A1_7,1.6,193.1821880331147
181.0,59,1.5281183526180553,:A1_2,-1.3071770863907464,206.7607656295861
181.0,60,1.9605140829458834,:C1_4,401.4645098568418,193.74843100210737
181.0,61,0.0,C0C1,401.6,184.29787767823927
181.0,62,12.949596909679183,B0A0,119.9329499876024,1.6
181.0,63,13.296803666348868,C1C2,401.6,256.4706685830943
181.0,64,0.0,C2B2,230.70418443448085,401.6
181.0,65,0.0,A0A1,1.6,184.29795382473614
181.0,66,0.0,C2B2,238.20522996936566,401.6
181.0,67,0.0,A0B0,176.79688917287905,-1.6
181.0,68,0.0,A0B0,184.29791846408457,-1.6
181.0,69,0.0,C0C1,401.6,176.7968334606186
181.0,70,0.0011182118120065107,B0B1,201.6,169.2955380461841
181.0,71,1.980175666930154,:B2_7,193.77909126395068,398.4
181.0,72,2.5933389169353624,A2B2,5.558260920919231,398.4
181.0,73,5.712293515519723,C2C1,398.4,388.0547470446093
181.0,74,12.771698419132584,B1B0,198.4,36.86049984386176
181.0,75,13.414586689612888,C1B1,233.42723318474344,201.6
181.0,76,13.195182849917748,A1B1,120.59108277266627,198.4
181.0,77,13.095324897607773,A0B0,70.70656706170148,-1.6
181.0,78,0.010473496503864954,B0B1,201.6,161.78356301208404
181.0,79,0.12386743651034955,A2A1,-1.6,223.25605567659898
181.0,80,0.0035865860257289083,A0B0,169.29558764506592,-1.6
181.0,81,10.929020387198332,A2A1,-1.6,271.0319194242462
181.0,82,5.685142390528335,C1C0,398.4,14.155269966602788
181.0,83,11.674640226430416,A2A1,-1.6,292.3115606993256
181.0,84,13.362709558890524,A2A1,-1.6,314.0360931879081
181.0,85,9.632796386312153,C2B2,364.5996229695504,401.6
181.0,86,12.964952851669038,B1B0,198.4,83.15313361725576
181.0,87,13.915266448509328,C1B1,304.7911490446092,201.6
181.0,88,13.423527068040388,A1A0,-1.6,134.98657766724543
181.0,89,13.281525769213141,B1A1,160.95919527714062,201.6
182.0,12,2.372587602950443,B0B1,201.6,186.67054329766464
182.0,20,13.7220224541519,A0B0,131.2802002904079,-1.6
182.0,22,0.12943136827867585,A2A1,-1.6,230.8123475393643
182.0,23,11.651810155409626,A2B2,128.1007654365864,398.4
182.0,24,0.0,B0B1,201.6,176.79694256975813
182.0,25,1.3329557136056498,A2A1,-1.6,214.37090008049944
182.0,26,0.0002655777298473214,C2B2,245.7063196572997,401.6
182.0,33,14.523625823400526,A0A1,1.6,159.54319493992367
182.0,35,13.037894612398551,C2B2,307.5362464230106,401.6
182.0,40,14.233523248969524,A1A2,1.6,270.492591752861
182.0,42,1.5171125386157067,C2B2,214.1849898439185,401.6
182.0,45,3.931030018301681,:B1_9,201.6,198.10943947681665
182.0,50,2.766246896718293,C0B0,394.4884532130666,1.6
182.0,53,4.609952753852122,:B0_11,198.4526905930018,0.03161435580106886
182.0,54,11.314085745782963,C1C2,401.6,228.7944910913902
182.0,55,2.6318667220484775,:B2_1,203.28647944699486,401.01188766819695
182.0,56,7.760029119540781,A2A1,-1.6,242.49957014306463
182.0,57,0.0,C2B2,223.20318154104496,401.6
182.0,58,3.2436009859433397,:A1_7,1.6,196.42578901905804
182.0,59,0.539391929520995,:A1_2,-1.007514903323527,206.31127235498528
182.0,60,3.816855665831827,:C1_10,400.59666244374955,197.40556259375074
182.0,61,1.1636128111475392,C0C1,401.6,185.46149048938682
182.0,62,13.198289761309223,B0A0,106.73466022629317,1.6
182.0,63,12.876042082323991,C1C2,401.6,269.3467106654183
182.0,64,0.0,C2B2,230.70418443448085,401.6
182.0,65,1.2076920570740683,A0A1,1.6,185.5056458818102
182.0,66,0.0,C2B2,238.20522996936566,401.6
182.0,67,0.0,A0B0,176.79688917287905,-1.6
182.0,68,1.9649969905367866,A0B0,186.26291545462135,-1.6
182.0,69,0.0,C0C1,401.6,176.7968334606186
182.0,70,0.00023485885171621633,B0B1,201.6,169.29577290503582
182.0,71,4.258424998540431,:B2_7,198.0375162624911,398.4
182.0,72,4.884986131494269,A2B2,10.4432470524135,398.4
182.0,73,7.871544720910043,C2C1,398.4,380.1832023236993
182.0,74,13.254163763497338,B1B0,198.4,23.60633608036443
182.0,75,12.482886988804912,C1B1,220.94434619593852,201.6
182.0,76,13.720836292285659,A1B1,134.31191906495192,198.4
182.0,77,12.938948446982526,A0B0,83.645515508684,-1.6
182.0,78,0.007204697646899284,B0B1,201.6,161.79076770973094
182.0,79,0.03420664793195388,A2A1,-1.6,223.221849028667
182.0,80,0.00023694772588471209,A0B0,169.2958245927918,-1.6
182.0,81,11.115681848214308,A2A1,-1.6,259.9162375760319
182.0,82,4.7961835696339294,C1C0,398.4,9.359086396968848
182.0,83,11.771974991118364,A2A1,-1.6,280.53958570820726
182.0,84,12.017211643259083,A2A1,-1.6,302.018881544649
182.0,85,12.039042649170774,C2B2,352.5605803203796,401.6
182.0,86,13.75390186628803,B1B0,198.4,69.39923175096772
182.0,87,14.053430333424739,C1B1,290.73771871118447,201.6
182.0,88,13.123126616586054,A1A0,-1.6,121.86345105065938
182.0,89,13.90532035037216,B1A1,147.05387492676846,201.6
183.0,12,4.543462328512033,B0B1,201.6,191.21400562617666
183.0,20,13.262085868478769,A0B0,144.54228615888667,-1.6
183.0,22,0.08758867986069448,A2A1,-1.6,230.72475885950362
183.0,23,12.062193916292168,A2B2,140.16295935287854,398.4
183.0,24,1.693669513576503,B0B1,201.6,178.49061208333464
183.0,25,0.5166733201005917,A2A1,-1.6,213.85422676039886
183.0,26,0.0,C2B2,245.7063196572997,401.6
183.0,33,10.023625823400526,A0A1,1.6,169.5668207633242
183.0,35,14.050462549074174,C2B2,293.4857838739364,401.6
183.0,40,13.818018135563419,A1A2,1.6,284.31060988842444
183.0,42,2.426360752282215,C2B2,211.75862909163627,401.6
183.0,45,5.382672361959704,:B1_9,201.6,203.49211183877634
183.0,50,4.576323092604651,C0B0,389.9121301204619,1.6
183.0,53,6.566433049249463,:B0_11,201.3686935037579,5.580854526305172
183.0,54,13.24710904969312,C1C2,401.6,242.04160014108334
183.0,55,0.0,:B2_1,203.28647944699486,401.01188766819695
183.0,56,3.394713425256508,A2A1,-1.6,239.10485671780813
183.0,57,1.271186861419283,C2B2,221.93199467962566,401.6
183.0,58,5.775457198126242,:A1_7,1.6,202.20124621718426
183.0,59,0.1491497509621726,:A1_2,-0.9246539305667643,206.18698089585016
183.0,60,5.575325582455844,:C1_10,396.60899544922427,201.05585779296797
183.0,61,3.2338868224726305,C0C1,401.6,188.69537731185946
183.0,62,13.640843434574723,B0A0,93.09381679171842,1.6
183.0,63,13.101263901149222,C1C2,401.6,282.44797456656755
183.0,64,0.0,C2B2,230.70418443448085,401.6
183.0,65,2.5920480453693973,A0A1,1.6,188.09769392717962
183.0,66,0.0,C2B2,238.20522996936566,401.6
183.0,67,1.5275387125884206,A0B0,178.32442788546746,-1.6
183.0,68,4.53763247954052,A0B0,190.80054793416187,-1.6
183.0,69,0.7488432539487935,C0C1,401.6,177.54567671456738
183.0,70,0.0,B0B1,201.6,169.29577290503582
183.0,71,6.149567200499588,:B2_7,204.18708346299067,398.4
183.0,72,7.3622196997239815,A2B2,17.805466752137484,398.4
183.0,73,9.79769955917962,C2C1,398.4,370.3855027645197
183.0,74,9.088682938868033,B1B0,198.4,14.517653141496396
183.0,75,7.982886988804912,C1B1,212.9614592071336,201.6
183.0,76,13.274780310931803,A1B1,147.5866993758837,198.4
183.0,77,13.599425132623859,A0B0,97.24494064130786,-1.6
183.0,78,0.002418763434702038,B0B1,201.6,161.79318647316563
183.0,79,1.3366267331503217,A2A1,-1.6,221.88522229551668
183.0,80,0.0,A0B0,169.2958245927918,-1.6
183.0,81,7.632327431235716,A2A1,-1.6,252.2839101447962
183.0,82,3.508019172692848,C1C0,398.4,5.851067224275994
183.0,83,11.215427498951106,A2A1,-1.6,269.32415820925615
183.0,84,12.187170060459898,A2A1,-1.6,289.8317114841891
183.0,85,12.495093666336336,C2B2,340.06548665404324,401.6
183.0,86,13.575276043778391,B1B0,198.4,55.82395570718933
183.0,87,14.122663370024792,C1B1,276.61505534115963,201.6
183.0,88,13.460693660938235,A1A0,-1.6,108.40275738972115
183.0,89,13.949551540299245,B1A1,133.10432338646922,201.6
183.0,91,9.79769955917962,C2C1,398.4,391.7
184.0,20,9.850402639302239,A0B0,154.3926887981889,-1.6
184.0,22,0.7993406726427891,A2A1,-1.6,229.92541818686084
184.0,23,11.286584023871697,A2B2,151.44954337675026,398.4
184.0,24,4.2765730192287155,B0B1,201.6,182.76718510256336
184.0,25,0.18618543030542584,A2A1,-1.6,213.66804133009344
184.0,26,0.0,C2B2,245.7063196572997,401.6
184.0,33,7.674689493699364,A0A1,1.6,177.24151025702355
184.0,35,13.058474599045322,C2B2,280.42730927489106,401.6
184.0,40,13.758138458612322,A1A2,1.6,298.0687483470368
184.0,42,0.9529129285496947,C2B2,210.80571616308657,401.6
184.0,45,6.800585722085089,B1B2,201.6,210.29269756086143
184.0,50,6.974656348970383,C0B0,382.9374737714915,1.6
184.0,53,7.735160826881044,B0B1,201.6,13.299287168697184
184.0,54,12.875220599889898,C1C2,401.6,254.91682074097324
184.0,55,0.0,:B2_1,203.28647944699486,401.01188766819695
184.0,56,0.5721368348502897,A2A1,-1.6,238.53271988295785
184.0,57,2.330829108243403,C2B2,219.60116557138227,401.6
184.0,58,7.547376974485815,A1A2,1.6,209.74862319167008
184.0,59,0.07972387989445255,:A1_2,-0.8803628861809574,206.12054432927144
184.0,60,7.448593906546012,C1B1,389.1997541392347,201.6
184.0,61,4.785814391422389,:C1_4,401.50380658750163,193.47335388748894
184.0,62,14.000111759373628,B0A0,79.09370503234481,1.6
184.0,63,12.48740217532061,C1C2,401.6,294.93537674188815
184.0,64,0.9004741959652358,C2B2,229.8037102385156,401.6
184.0,65,4.309511781238433,A0A1,1.6,192.40720570841805
184.0,66,0.0,C2B2,238.20522996936566,401.6
184.0,67,3.8591433979433987,A0B0,182.18357128341086,-1.6
184.0,68,6.613380303491243,:B0_6,197.41392823765312,-1.6
184.0,69,2.8055101025244897,C0C1,401.6,180.35118681709187
184.0,70,1.6857346054537925,B0B1,201.6,170.98150751048962
184.0,71,7.7809119089506575,B2C2,211.96799537194133,398.4
184.0,72,8.986893929955885,A2B2,26.792360682093367,398.4
184.0,73,11.897062187620923,C2C1,398.4,358.48844057689877
184.0,74,5.404610808601454,B1B0,198.4,9.113042332894935
184.0,75,4.260013451681117,C1B1,208.70144575545248,201.6
184.0,76,13.130852144592629,A1B1,160.71755152047635,198.4
184.0,77,13.241498825144939,A0B0,110.48643946645281,-1.6
184.0,78,0.0013837825383108495,B0B1,201.6,161.79457025570395
184.0,79,0.3242926189401447,A2A1,-1.6,221.56092967657654
184.0,80,0.7645018072092286,A0B0,170.06032640000103,-1.6
184.0,81,4.434144333663223,A2A1,-1.6,247.84976581113298
184.0,82,3.457140463585816,:C0_0,398.24901724594633,2.415028743243865
184.0,83,7.405167511269427,A2A1,-1.6,261.9189906979867
184.0,84,10.935068187740546,A2A1,-1.6,278.8966432964486
184.0,85,13.413871664547198,C2B2,326.65161498949607,401.6
184.0,86,13.888680526032218,B1B0,198.4,41.935275181157095
184.0,87,14.137359919579147,C1B1,262.4776954215805,201.6
184.0,88,13.129816018651294,A1A0,-1.6,95.27294137106983
184.0,89,13.441031546763071,B1A1,119.66329183970615,201.6
184.0,91,10.802951045124372,C2C1,398.4,380.89704895487563
185.0,20,5.639737255436708,A0B0,160.0324260536256,-1.6
185.0,22,0.4802801081106329,A2A1,-1.6,229.4451380787502
185.0,23,12.324615301351301,A2B2,163.77415867810154,398.4
185.0,24,6.592216586820621,B0B1,201.6,189.359401689384
185.0,25,0.1502722354613385,A2A1,-1.6,213.51776909463211
185.0,26,0.0,C2B2,245.7063196572997,401.6
185.0,33,5.645314597284808,A0A1,1.6,182.88682485430834
185.0,35,12.32110164497365,C2B2,268.10620762991744,401.6
185.0,40,13.918177520502306,A1A2,1.6,311.9869258675391
185.0,42,0.06480449268193268,C2B2,210.74091167040464,401.6
185.0,45,8.613714489224368,B1B2,201.6,218.9064120500858
185.0,50,9.149116316290236,C0B0,373.78835745520126,1.6
185.0,53,9.32956650591325,B0B1,201.6,22.628853674610436
185.0,54,13.256144218987929,C1C2,401.6,268.1729649599612
185.0,55,0.0,:B2_1,203.28647944699486,401.01188766819695
185.0,56,0.7514673215670213,A2A1,-1.6,237.78125256139083
185.0,57,1.290697758232245,C2B2,218.31046781315,401.6
185.0,58,9.550114134023897,A1A2,1.6,219.29873732569396
185.0,59,0.027876607658554438,:A1_2,-0.8648758819262049,206.0973138228893
185.0,60,8.852993563585915,C1B1,380.3467605756488,201.6
185.0,61,7.043566434873572,:C1_10,398.86662581754183,199.72002450947488
185.0,62,13.10629111359705,B0A0,65.98741391874776,1.6
185.0,63,13.34751378779795,C1C2,401.6,308.28289052968614
185.0,64,1.5537007311174866,C2B2,228.25000950739812,401.6
185.0,65,2.885271306243241,:A1_12,-0.14167733067353214,194.32916133466324
185.0,66,0.5119501137104814,C2B2,237.6932798556552,401.6
185.0,67,5.560532827405541,A0B0,187.7441041108164,-1.6
185.0,68,8.134675029713065,:B0_6,205.54860326736616,-1.6
185.0,69,4.250563242483815,C0C1,401.6,184.6017500595757
185.0,70,3.223645317545332,B0B1,201.6,174.20515282803495
185.0,71,10.379574172128924,B2C2,222.34756954407027,398.4
185.0,72,10.992047825148664,A2B2,37.78440850724204,398.4
185.0,73,13.561381306035928,C2C1,398.4,344.9270592708628
185.0,74,0.9046108086014542,B1B0,198.4,8.208431524293474
185.0,75,0.32866484412268127,C1B1,208.3727809113298,201.6
185.0,76,13.94258271337878,A1B1,174.66013423385513,198.4
185.0,77,12.90613686121533,A0B0,123.39257632766815,-1.6
185.0,78,1.156375128083766,B0B1,201.6,162.9509453837877
185.0,79,0.3843285873928613,A2A1,-1.6,221.17660108918366
185.0,80,3.3220683950689933,A0B0,173.38239479507,-1.6
185.0,81,1.1524135185208473,A2A1,-1.6,246.69735229261212
185.0,82,3.1404521990053724,C0B0,395.4334745616848,1.6
185.0,83,5.422513064300883,A2A1,-1.6,256.4964776336858
185.0,84,8.396084179269494,A2A1,-1.6,270.500559117179
185.0,85,13.142546391829685,C2B2,313.5090685976664,401.6
185.0,86,13.10302034189911,B1B0,198.4,28.832254839257985
185.0,87,14.35780838385076,C1B1,248.11988703772974,201.6
185.0,88,13.65792241080297,A1A0,-1.6,81.61501896026685
185.0,89,13.965321406477988,B1A1,105.69797043322816,201.6
185.0,91,11.134922392553696,C2C1,398.4,369.76212656232195
186.0,20,4.189745709024134,A0B0,164.22217176264974,-1.6
186.0,22,0.43862289434790536,A2A1,-1.6,229.0065151844023
186.0,23,11.7497079529299,A2B2,175.52386663103144,398.4
186.0,25,0.09195122712741663,A2A1,-1.6,213.4258178675047
186.0,26,0.4857011287227704,C2B2,245.22061852857692,401.6
186.0,33,3.5075609922143274,A0A1,1.6,186.39438584652268
186.0,35,9.25208366863747,C2B2,258.8541239612799,401.6
186.0,40,14.060451492802187,A1A2,1.6,326.04737736034133
186.0,42,0.005458922578539915,C2B2,210.73545274782612,401.6
186.0,45,10.075359553983436,B1B2,201.6,228.98177160406922
186.0,50,11.04947189331673,C0B0,362.73888556188456,1.6
186.0,53,10.989487333072908,B0B1,201.6,33.61834100768335
186.0,54,13.080413355378576,C1C2,401.6,281.2533783153398
186.0,55,0.0,:B2_1,203.28647944699486,401.01188766819695
186.0,56,0.7751354220883941,A2A1,-1.6,237.00611713930243
186.0,57,0.06483698050609915,C2B2,218.2456308326439,401.6
186.0,58,12.059509151405654,A1A2,1.6,231.35824647709964
186.0,59,1.4170557736225695,:A1_10,0.3633920894160553,205.781696044708
186.0,60,10.831137690367177,C1B1,369.5156228852816,201.6
186.0,61,8.807104423619434,C1B1,390.4681374382252,201.6
186.0,62,13.982146223996477,B0A0,52.005267694751296,1.6
186.0,63,13.253453127644324,C1C2,401.6,321.53634365733046
186.0,64,2.155807511246273,C2B2,226.09420199615184,401.6
186.0,65,2.065220809705071,:A1_12,-1.5376852306826674,192.893472153976
186.0,66,1.7931421394674973,C2B2,235.9001377161877,401.6
186.0,67,6.428493424044971,:B0_7,194.1568043791547,-1.4061708029779043
186.0,68,9.822435340333135,B0C0,215.3710386076993,-1.6
186.0,69,6.200437856150723,C0C1,401.6,190.80218791572642
186.0,70,5.056769604436293,B0B1,201.6,179.26192243247124
186.0,71,12.054371065832676,B2C2,234.40194060990294,398.4
186.0,72,12.036533063330628,A2B2,49.82094157057267,398.4
186.0,73,14.613023251676516,C2C1,398.4,330.3140360191863
186.0,74,0.0037594223617185823,B1B0,198.4,8.204672101931749
186.0,75,0.17015872465734258,C1B1,208.20262218667247,201.6
186.0,76,9.541772646497797,A1B1,184.20190688035294,198.4
186.0,77,12.927423530216315,A0B0,136.31999985788445,-1.6
186.0,78,3.6374088533561797,B0B1,201.6,166.5883542371439
186.0,79,0.12613862306814894,A2A1,-1.6,221.0504624661155
186.0,80,5.828064435323825,A0B0,179.21045923039384,-1.6
186.0,81,1.1351264678826571,A2A1,-1.6,245.56222582472947
186.0,82,5.33509576194439,C0B0,390.09837879974043,1.6
186.0,83,1.4251549078717232,A2A1,-1.6,255.0713227258141
186.0,84,4.723525445667521,A2A1,-1.6,265.7770336715115
186.0,85,12.99557155074349,C2B2,300.5134970469229,401.6
186.0,86,8.60302034189911,B1B0,198.4,20.229234497358874
186.0,87,13.645303987821944,C1B1,234.4745830499078,201.6
186.0,88,13.63798668121552,A1A0,-1.6,67.97703227905134
186.0,89,13.711154815496803,B1A1,91.98681561773135,201.6
186.0,91,11.34100800936953,C2C1,398.4,358.4211185529524
187.0,20,5.406906429865409,A0B0,169.62907819251515,-1.6
187.0,22,0.4265283906003298,A2A1,-1.6,228.57998679380196
187.0,23,11.920845939378491,A2B2,187.44471257040993,398.4
187.0,25,1.4454159397151392,A2A1,-1.6,211.98040192778956
187.0,26,1.7225773016406827,C2B2,243.49804122693624,401.6
187.0,33,3.356933397307926,A0A1,1.6,189.7513192438306
187.0,35,4.75208366863747,C2B2,254.10204029264247,401.6
187.0,40,13.264354505571484,A1A2,1.6,339.31173186591275
187.0,42,0.0028093835276681153,C2B2,210.73264336429844,401.6
187.0,45,12.46451580771245,B1B2,201.6,241.4462874117817
187.0,50,11.165653635714449,C0B0,351.5732319261701,1.6
187.0,53,13.548855591484903,B0B1,201.6,47.16719659916826
187.0,54,13.302753271095598,C1C2,401.6,294.55613158643536
187.0,55,0.0,:B2_1,203.28647944699486,401.01188766819695
187.0,56,0.4918163482553009,A2A1,-1.6,236.51430079104713
187.0,57,0.005441348533004662,C2B2,218.2401894841109,401.6
187.0,58,13.181873905364887,A1A2,1.6,244.54012038246452
187.0,59,2.6239665978757665,A1A2,1.6,207.89424578403114
187.0,60,12.281533145043067,C1B1,357.2340897402385,201.6
187.0,61,10.276797681372239,C1B1,380.1913397568529,201.6
187.0,62,13.532032006432944,B0A0,38.47323568831834,1.6
187.0,63,12.789072085381784,C1C2,401.6,334.32541574271227
187.0,64,0.19255695244571208,C2B2,225.90164504370614,401.6
187.0,65,2.3846401962223274,A1A0,-1.6,190.52766197941133
187.0,66,1.261211965356671,C2B2,234.63892575083102,401.6
187.0,67,6.560029364324361,:B0_11,199.82695316267666,1.311588604461099
187.0,68,11.277785493527874,B0C0,226.64882410122718,-1.6
187.0,69,4.297877342525482,:C1_4,401.2751999105474,195.07360062616817
187.0,70,7.628248296203264,B0B1,201.6,186.8901707286745
187.0,71,12.879686316556059,B2C2,247.281626926459,398.4
187.0,72,12.74280447003612,A2B2,62.563746040608805,398.4
187.0,73,14.492278054412038,C2C1,398.4,315.8217579647743
187.0,74,0.003251677921593765,B1B0,198.4,8.201420424010166
187.0,75,0.0008343449074640979,C1B1,208.201787841765,201.6
187.0,76,5.272078202309878,A1B1,189.4739850826628,198.4
187.0,77,10.371180923239708,A0B0,146.69118078112416,-1.6
187.0,78,4.5836847552705295,B0B1,201.6,171.17203899241443
187.0,79,0.10917486517816745,A2A1,-1.6,220.94128760093733
187.0,80,6.520260158209736,A0B0,185.73071938860357,-1.6
187.0,81,0.8185182970648506,A2A1,-1.6,244.7437075276646
187.0,82,7.220225900290385,C0B0,382.87815289945,1.6
187.0,83,1.9723898570626497,A2A1,-1.6,253.09893286875146
187.0,84,2.42115947865036,A2A1,-1.6,263.35587419286117
187.0,85,12.453183692663744,C2B2,288.06031335425916,401.6
187.0,86,4.103020341899111,B1B0,198.4,16.126214155459763
187.0,87,10.620614035776171,C1B1,223.85396901413165,201.6
187.0,88,13.224497822929228,A1A0,-1.6,54.752534456122106
187.0,89,14.188407440705152,B1A1,77.7984081770262,201.6
187.0,91,12.134593186182014,C2C1,398.4,346.2865253667704
187.0,93,12.798246,C1C0,398.4,187.70000000000002
188.0,20,7.438738607889124,A0B0,177.06781680040427,-1.6
188.0,22,0.07586698030412237,A2A1,-1.6,228.50411981349785
188.0,25,3.8529377477694378,A2A1,-1.6,208.12746418002013
188.0,26,0.935118950589735,C2B2,242.5629222763465,401.6
188.0,35,2.4107854399892563,C2B2,251.6912548526532,401.6
188.0,40,13.373551052035712,A1A2,1.6,352.6852829179485
188.0,42,0.0006191793325749203,C2B2,210.73202418496587,401.6
188.0,45,14.005479128588922,B1B2,201.6,255.4517665403706
188.0,50,10.72629977715133,C0B0,340.84693214901876,1.6
188.0,53,14.813269778916139,B0B1,201.6,61.9804663780844
188.0,54,13.645435184266562,C1C2,401.6,308.2015667707019
188.0,55,0.0,:B2_1,203.28647944699486,401.01188766819695
188.0,56,0.31779889465150857,A2A1,-1.6,236.19650189639563
188.0,57,0.004960416843788571,C2B2,218.2352290672671,401.6
188.0,58,13.885003454200454,A1A2,1.6,258.42512383666497
188.0,59,4.37592457483355,A1A2,1.6,212.2701703588647
188.0,60,14.532163052028045,C1B1,342.70192668821045,201.6
188.0,61,12.80082884552013,C1B1,367.3905109113328,201.6
188.0,62,13.45482987706893,B0A0,25.01840581124941,1.6
188.0,63,13.495822909404822,C1C2,401.6,347.821238652117
188.0,64,0.12415607512719753,C2B2,225.77748896857895,401.6
188.0,65,4.214682807983347,A1A0,-1.6,186.31297917142797
188.0,66,0.9056376904350798,C2B2,233.73328806039595,401.6
188.0,67,6.74792164074555,B0B1,201.6,7.680548539931279
188.0,68,12.945208942658603,B0C0,239.5940330438858,-1.6
188.0,69,6.5755337373508,:C1_10,397.8799627075547,200.3120223754672
188.0,70,6.218045456146373,:B1_8,201.64359517534334,193.1051662274034
188.0,71,13.308904091163301,B2C2,260.5905310176223,398.4
188.0,72,11.97929769429093,A2B2,74.54304373489973,398.4
188.0,73,14.4244062628686,C2C1,398.4,301.3973517019057
188.0,74,0.00031064965597099803,B1B0,198.4,8.201109774354194
188.0,75,0.0005213921878505054,C1B1,208.20126644957713,201.6
188.0,76,1.5341983755953241,A1B1,191.00818345825815,198.4
188.0,77,9.164408393230245,A0B0,155.8555891743544,-1.6
188.0,78,6.653332305899982,B0B1,201.6,177.82537129831442
188.0,79,0.8917511447523572,A2A1,-1.6,220.04953645618497
188.0,80,6.965976647129747,A0B0,192.6966960357333,-1.6
188.0,81,0.5211040537347027,A2A1,-1.6,244.22260347392992
188.0,82,9.548345247604736,C0B0,373.3298076518453,1.6
188.0,83,0.46020154156292287,A2A1,-1.6,252.63873132718854
188.0,84,2.584579588856109,A2A1,-1.6,260.77129460400505
188.0,85,12.829490609167376,C2B2,275.23082274509176,401.6
188.0,86,0.42355260962929336,B1B0,198.4,15.702661545830466
188.0,87,6.120614035776171,C1B1,217.7333549783555,201.6
188.0,88,12.980531986780518,A1A0,-1.6,41.7720024693416
188.0,89,13.920517843531371,B1A1,63.87789033349483,201.6
188.0,91,11.296209660385781,C2C1,398.4,334.9903157063846
188.0,92,11.578704,B0C0,212.29999999999998,-1.6
188.0,93,11.734007575074868,C1C0,398.4,175.96599242492513
189.0,20,6.373986982681986,A0B0,183.44180378308627,-1.6
189.0,22,0.4792177955818132,A2A1,-1.6,228.02490201791605
189.0,26,0.7569878580041516,C2B2,241.80593441834236,401.6
189.0,35,1.0206689167777423,C2B2,250.67058593587547,401.6
189.0,40,13.685163967492938,A1A2,1.6,366.3704468854414
189.0,42,0.0,C2B2,210.73202418496587,401.6
189.0,45,14.114252190917435,B1B2,201.6,269.56601873128807
189.0,50,11.76528000707204,C0B0,329.08165214194673,1.6
189.0,53,14.585694401285137,B0B1,201.6,76.56616077936954
189.0,54,13.423640665531302,C1C2,401.6,321.6252074362332
189.0,55,0.0,:B2_1,203.28647944699486,401.01188766819695
189.0,56,0.16015091608633453,A2A1,-1.6,236.0363509803093
189.0,57,0.0021131677547897437,C2B2,218.2331158995123,401.6
189.0,58,13.17659896431444,A1A2,1.6,271.6017228009794
189.0,59,6.264503924868257,A1A2,1.6,218.53467428373295
189.0,60,13.808429628798924,C1B1,328.8934970594115,201.6
189.0,61,14.159650044524806,C1B1,353.230860866808,201.6
189.0,62,13.219711749384821,B0A0,11.79869406186458,1.6
189.0,63,12.448221194232183,C1C2,401.6,360.26945984634926
189.0,64,0.02243491806357572,C2B2,225.75505405051538,401.6
189.0,65,6.292497475725115,A1A0,-1.6,180.02048169570287
189.0,66,0.27471950372744386,C2B2,233.4585685566685,401.6
189.0,67,8.800367647449672,B0B1,201.6,16.480916187380952
189.0,68,13.361352659016289,B0C0,252.95538570290208,-1.6
189.0,69,7.5334490330500525,C1B1,390.5909519713473,201.6
189.0,70,6.652353584624379,:B1_8,205.1510478442266,198.10729254917524
189.0,71,13.203161852608197,B2C2,273.79369287023053,398.4
189.0,72,12.125995257340312,A2B2,86.66903899224003,398.4
189.0,73,13.435647042546936,C2C1,398.4,287.9617046593587
189.0,74,0.0,B1B0,198.4,8.201109774354194
189.0,75,0.00025469019223378755,C1B1,208.2010117593849,201.6
189.0,76,0.5129753731096918,A1B1,191.52115883136784,198.4
189.0,77,9.760496896906774,A0B0,165.61608607126118,-1.6
189.0,78,6.723912479830914,B0B1,201.6,184.54928377814534
189.0,79,3.334401602666345,A2A1,-1.6,216.71513485351863
189.0,80,7.003220119710868,:B0_11,199.2262032902854,0.4957219741712373
189.0,81,0.4560152793651774,A2A1,-1.6,243.76658819456475
189.0,82,11.091023608734682,C0B0,362.2387840431106,1.6
189.0,83,0.8658316630261741,A2A1,-1.6,251.77289966416237
189.0,84,0.38765933373985556,A2A1,-1.6,260.3836352702652
189.0,85,8.739638950047024,C2B2,266.4911837950448,401.6
189.0,86,0.0003527446468098882,B1B0,198.4,15.702308801183648
189.0,87,1.6206140357761711,C1B1,216.11274094257934,201.6
189.0,88,13.054969683383645,A1A0,-1.6,28.71703278595797
189.0,89,13.229604395095185,B1A1,50.64828593839965,201.6
189.0,90,11.428151807903362,C0B0,391.7,1.6
189.0,91,11.428732113148131,C2C1,398.4,323.5615835932365
189.0,92,11.310372201810681,B0C0,223.61037220181066,-1.6
189.0,93,11.974867588598938,C1C0,398.4,163.9911248363262
189.0,94,0.5129753731096918,A1B1,12.3,198.4
190.0,20,7.9073315036829666,A0B0,191.34913528676924,-1.6
190.0,22,2.1490950326167746,A2A1,-1.6,225.87580698529928
190.0,26,0.5093249100423591,C2B2,241.2966095083,401.6
190.0,35,1.2137989388742803,C2B2,249.4567869970012,401.6
190.0,40,13.620215115784616,A1A2,1.6,379.99066200122604
190.0,42,0.0,C2B2,210.73202418496587,401.6
190.0,45,13.849971800480674,B1B2,201.6,283.4159905317687
190.0,50,11.141033782497294,C0B0,317.94061835944945,1.6
190.0,53,14.043958151449907,B0B1,201.6,90.61011893081945
190.0,54,12.824780772745752,C1C2,401.6,334.449988208979
190.0,55,0.0,:B2_1,203.28647944699486,401.01188766819695
190.0,56,0.26045087855339466,A2A1,-1.6,235.7759001017559
190.0,57,0.0,C2B2,218.2331158995123,401.6
190.0,58,13.98414185434533,A1A2,1.6,285.5858646553247
190.0,59,7.98181782028936,A1A2,1.6,226.51649210402232
190.0,60,14.030338327146323,C1B1,314.8631587322652,201.6
190.0,61,14.466963718013846,C1B1,338.7638971487942,201.6
190.0,63,13.373608131613882,C1C2,401.6,373.64306797796314
190.0,64,0.01229759444949309,C2B2,225.74275645606588,401.6
190.0,65,8.266615002695918,A1A0,-1.6,171.75386669300693
190.0,66,0.13495265893337072,C2B2,233.32361589773512,401.6
190.0,67,10.392973618505708,B0B1,201.6,26.873889805886662
190.0,68,14.125353867723048,B0C0,267.08073957062516,-1.6
190.0,69,9.147760876508615,C1B1,381.44319109483865,201.6
190.0,70,6.557694175022206,B1C1,211.68826394446742,198.4
190.0,71,13.234346579352156,B2C2,287.02803944958265,398.4
190.0,72,12.753723352455475,A2B2,99.42276234469553,398.4
190.0,73,14.509945634179333,C2C1,398.4,273.4517590251794
190.0,74,0.0,B1B0,198.4,8.201109774354194
190.0,75,0.0,C1B1,208.2010117593849,201.6
190.0,76,0.1986283207012805,A1B1,191.71978715206913,198.4
190.0,77,8.252280760960371,A0B0,173.86836683222154,-1.6
190.0,78,5.966992488337061,B0B1,201.6,190.5162762664824
190.0,79,5.510272926716585,A2A1,-1.6,211.20486192680204
190.0,80,8.10173936767876,B0B1,201.6,8.001655523122935
190.0,81,0.21302051585591375,A2A1,-1.6,243.55356767870884
190.0,82,13.091933436523973,C0B0,349.14685060658667,1.6
190.0,83,0.4584449796881698,A2A1,-1.6,251.31445468447419
190.0,84,0.7263623312481262,A2A1,-1.6,259.65727293901705
190.0,85,5.458650917653423,C2B2,261.0325328773913,401.6
190.0,86,0.00018254302027405773,B1B0,198.4,15.70212625816336
190.0,87,0.3528688180898085,C1B1,215.75987212448953,201.6
190.0,88,13.372860774328986,A1A0,-1.6,15.344172011628984
190.0,89,13.25711896295,B1A1,37.391166975449664,201.6
190.0,90,13.480691685613294,C0B0,378.2193083143867,1.6
190.0,91,11.185601489622192,C2C1,398.4,312.3759821036143
190.0,92,11.33348283857675,B0C0,234.94385504038743,-1.6
190.0,93,12.485266960589872,C1C0,398.4,151.50585787573633
190.0,94,2.0845655030942347,A1B1,14.384565503094237,198.4
191.0,22,4.495260268935259,A2A1,-1.6,221.38054671636402
191.0,26,0.25760620785727295,C2B2,241.03900330044274,401.6
191.0,35,0.5432026864482712,C2B2,248.91358431055292,401.6
191.0,40,9.64605743202198,A1A2,1.6,389.636719433248
191.0,42,0.0,C2B2,210.73202418496587,401.6
191.0,45,14.41825253686093,B1B2,201.6,297.8342430686297
191.0,50,10.974784496137186,C0B0,306.96583386331224,1.6
191.0,53,14.96432263452326,B0B1,201.6,105.57444156534272
191.0,54,12.924215034258696,C1C2,401.6,347.3742032432377
191.0,55,0.0,:B2_1,203.28647944699486,401.01188766819695
191.0,56,2.1209783931619985,A2A1,-1.6,233.6549217085939
191.0,57,0.0,C2B2,218.2331158995123,401.6
191.0,58,13.179343740744049,A1A2,1.6,298.7652083960688
191.0,59,10.019974386965114,A1A2,1.6,236.53646649098744
191.0,60,14.977112756485306,C1B1,299.8860459757799,201.6
191.0,61,14.129140831476134,C1B1,324.634756317318,201.6
191.0,63,13.046815088950396,C1C2,401.6,386.68988306691347
191.0,64,0.0057225930495302425,C2B2,225.73703386301634,401.6
191.0,65,9.67568316236183,A1A0,-1.6,162.0781835306451
191.0,66,0.044342551453026624,C2B2,233.2792733462821,401.6
191.0,67,11.784777219784685,B0B1,201.6,38.658667025671356
191.0,68,13.434284619683773,B0C0,280.5150241903089,-1.6
191.0,69,11.370059014585054,C1B1,370.0731320802536,201.6
191.0,70,8.690091625901422,B1C1,220.37835557036885,198.4
191.0,71,12.454142739192344,B2C2,299.482182188775,398.4
191.0,72,12.744998243550711,A2B2,112.16776058824625,398.4
191.0,73,14.465826909788468,C2C1,398.4,258.98593211539094
191.0,74,0.0,B1B0,198.4,8.201109774354194
191.0,75,0.0,C1B1,208.2010117593849,201.6
191.0,76,0.06978030380000723,A1B1,191.78956745586913,198.4
191.0,77,7.881299953684639,A0B0,181.7496667859062,-1.6
191.0,78,7.891483902951082,:B1_9,201.6,198.4077601694335
191.0,80,9.403837606053798,B0B1,201.6,17.405493129176733
191.0,81,0.22590145080838375,A2A1,-1.6,243.32766622790047
191.0,82,13.83123365232496,C0B0,335.31561695426166,1.6
191.0,83,0.21367726658406322,A2A1,-1.6,251.10077741789013
191.0,84,0.7523013622584955,A2A1,-1.6,258.90497157675856
191.0,85,3.168703800087421,C2B2,257.8638290773039,401.6
191.0,86,0.0,B1B0,198.4,15.70212625816336
191.0,87,0.056259253916904256,C1B1,215.70361287057264,201.6
191.0,88,10.216050881290279,A1A0,-1.6,5.128121130338712
191.0,89,12.758225547867802,B1A1,24.63294142758187,201.6
191.0,90,13.053500580792791,C0B0,365.1658077335939,1.6
191.0,91,11.705709734469698,C2C1,398.4,300.6702723691446
191.0,92,10.75434210008578,B0C0,245.6981971404732,-1.6
191.0,93,12.586577773527898,C1C0,398.4,138.9192801022084
191.0,94,3.5714825974450273,A1B1,17.956048100539263,198.4
191.0,95,12.758225547867802,B1A1,187.70000000000002,201.6
192.0,22,6.176952244431037,A2A1,-1.6,215.20359447193297
192.0,26,0.2501294377122508,C2B2,240.7888738627305,401.6
192.0,35,0.2512154648379502,C2B2,248.66236884571498,401.6
192.0,40,6.374344756238185,A1A2,1.6,396.0110641894862
192.0,42,0.0,C2B2,210.73202418496587,401.6
192.0,45,14.868094292326534,B1B2,201.6,312.7023373609562
192.0,50,10.79726695068112,C0B0,296.16856691263115,1.6
192.0,53,15.092325113893013,B0B1,201.6,120.66676667923574
192.0,54,13.856273145115146,C1C2,401.6,361.2304763883528
192.0,55,0.0,:B2_1,203.28647944699486,401.01188766819695
192.0,56,3.7948016800884536,A2A1,-1.6,229.86012002850543
192.0,57,0.0,C2B2,218.2331158995123,401.6
192.0,58,14.039593616160095,A1A2,1.6,312.8048020122289
192.0,59,12.110309239982817,A1A2,1.6,248.64677573097026
192.0,60,14.260323168246263,C1B1,285.62572280753363,201.6
192.0,61,14.666562673811192,C1B1,309.9681936435068,201.6
192.0,63,9.330436341916771,C1C2,401.6,396.02031940883023
192.0,64,0.0017387168879298867,C2B2,225.7352951461284,401.6
192.0,65,11.281358147033611,A1A0,-1.6,150.7968253836115
192.0,66,0.03528060865850475,C2B2,233.2439927376236,401.6
192.0,67,12.317473125718772,B0B1,201.6,50.976140151390126
192.0,68,14.273658660705575,B0C0,294.78868285101447,-1.6
192.0,69,12.806861310599556,C1B1,357.26627076965406,201.6
192.0,70,10.506628600691927,B1C1,230.88498417106078,198.4
192.0,71,13.125475245422445,B2C2,312.60765743419745,398.4
192.0,72,12.902745800541656,A2B2,125.07050638878789,398.4
192.0,73,13.822042034645149,C2C1,398.4,245.16389008074577
192.0,74,0.0001087594449503237,B1B0,198.4,8.201001014909252
192.0,75,0.0,C1B1,208.2010117593849,201.6
192.0,76,0.006135744502140946,A1B1,191.79570320037126,198.4
192.0,77,9.422451902301948,A0B0,191.17211868820814,-1.6
192.0,78,10.210690789806035,B1B2,201.6,208.6184509592395
192.0,80,11.901775689771398,B0B1,201.6,29.30726881894813
192.0,81,1.7953529781040658,A2A1,-1.6,241.5323132497964
192.0,82,13.002954674357298,C0B0,322.3126622799044,1.6
192.0,83,0.2167016135520164,A2A1,-1.6,250.88407580433812
192.0,84,0.15905646562061942,A2A1,-1.6,258.74591511113795
192.0,85,0.7853858898309218,C2B2,257.078443187473,401.6
192.0,86,0.0,B1B0,198.4,15.70212625816336
192.0,87,0.0015600274595020222,C1B1,215.70205284311314,201.6
192.0,88,5.716050881290279,:A0_0,-0.4422314057669121,-0.3296143237218132
192.0,89,8.989662205478465,B1A1,15.643279222103416,201.6
192.0,90,12.944835521053067,C0B0,352.22097221254086,1.6
192.0,91,11.976103493039542,C2C1,398.4,288.69416887610504
192.0,92,10.494843217489398,B0C0,256.1930403579626,-1.6
192.0,93,11.779686970278346,C1C0,398.4,127.13959313193008
192.0,94,5.734304296518566,A1B1,23.69035239705783,198.4
192.0,95,14.34616405143258,B1A1,173.35383594856742,201.6
193.0,26,0.03247341480378349,C2B2,240.75640044792672,401.6
193.0,35,0.33974878780175655,C2B2,248.3226200579132,401.6
193.0,40,3.6631609738137945,A2B2,3.4942251632999968,398.4
193.0,42,0.0,C2B2,210.73202418496587,401.6
193.0,45,14.822395190546924,B1B2,201.6,327.5247325515031
193.0,50,10.994702416951082,C0B0,285.17386449568005,1.6
193.0,53,13.977042280642772,B0B1,201.6,134.6438089598785
193.0,54,13.22277884262442,C1C2,401.6,374.4532552309772
193.0,55,0.0,:B2_1,203.28647944699486,401.01188766819695
193.0,56,5.194089285956175,A2A1,-1.6,224.66603074254925
193.0,57,0.0,C2B2,218.2331158995123,401.6
193.0,58,13.519436542698646,A1A2,1.6,326.32423855492755
193.0,59,13.095608479186446,A1A2,1.6,261.74238421015673
193.0,60,14.998607659830899,C1B1,270.62711514770274,201.6
193.0,61,14.300504615220063,C1B1,295.66768902828676,201.6
193.0,63,5.602456699661948,:C2_0,399.5828733126138,400.89027601243174
193.0,64,0.0011716497105596353,C2B2,225.73412349641785,401.6
193.0,65,11.566213873441452,A1A0,-1.6,139.23061151017004
193.0,66,0.004746489429533179,C2B2,233.2392462481941,401.6
193.0,67,12.556506296927347,B0B1,201.6,63.53264644831748
193.0,68,13.478722516633011,B0C0,308.2674053676475,-1.6
193.0,69,13.790010398655625,C1B1,343.4762603709984,201.6
193.0,70,12.920653994751644,B1C1,243.8056381658124,198.4
193.0,71,13.427363111299224,B2C2,326.0350205454967,398.4
193.0,72,12.881408753508643,A2B2,137.9519151422965,398.4
193.0,73,14.315477089848885,C2C1,398.4,230.8484129908969
193.0,74,0.0,B1B0,198.4,8.201001014909252
193.0,75,0.0,C1B1,208.2010117593849,201.6
193.0,76,0.002303217017921423,A1B1,191.7980064173892,198.4
193.0,77,4.9224519023019475,:B0_7,196.0566631449544,-1.134762407863658
193.0,78,11.885885866099347,B1B2,201.6,220.50433682533884
193.0,80,12.912272207704087,B0B1,201.6,42.21954102665222
193.0,81,3.132255562078579,A2A1,-1.6,238.40005768771783
193.0,82,12.906593234950508,C0B0,309.4060690449539,1.6
193.0,83,1.1365879199181466,A2A1,-1.6,249.74748788441997
193.0,84,0.35517470968077314,A2A1,-1.6,258.39074040145715
193.0,85,0.7398407998258851,C2B2,256.3386023876471,401.6
193.0,86,0.0,B1B0,198.4,15.70212625816336
193.0,87,0.0,C1B1,215.70205284311314,201.6
193.0,88,6.115322383962043,A0B0,5.363252134913592,-1.6
193.0,89,5.494916451423724,B1A1,10.148362770679682,201.6
193.0,90,13.992373195528529,C0B0,338.2285990170123,1.6
193.0,91,12.006088331834459,C2C1,398.4,276.6880805442706
193.0,92,11.18294724767664,B0C0,267.37598760563924,-1.6
193.0,93,12.129023356261388,C1C0,398.4,115.0105697756687
193.0,94,7.395576162673422,A1B1,31.085928559731254,198.4
193.0,95,14.038234686631196,B1A1,159.31560126193622,201.6
193.0,96,2.4545268694084186,A2A1,-1.6,391.7
194.0,26,0.009289672322353634,C2B2,240.74711077560437,401.6
194.0,35,0.03992681864827839,C2B2,248.28269323926494,401.6
194.0,40,5.469988673183546,A2B2,8.964213836483545,398.4
194.0,42,0.0,C2B2,210.73202418496587,401.6
194.0,45,15.050869565733413,B1B2,201.6,342.57560211723654
194.0,50,10.934533631721758,C0B0,274.23933086395823,1.6
194.0,53,14.14706854826537,B0B1,201.6,148.79087750814386
194.0,54,11.184270683530421,C1C2,401.6,385.6375259145077
194.0,55,0.0,:B2_1,203.28647944699486,401.01188766819695
194.0,56,7.389515716369675,A2A1,-1.6,217.27651502617957
194.0,57,0.0,C2B2,218.2331158995123,401.6
194.0,58,14.126169744305775,A1A2,1.6,340.45040829923335
194.0,59,12.622232818563022,A1A2,1.6,274.36461702871975
194.0,60,14.72142071512267,C1B1,255.90569443258008,201.6
194.0,61,14.347074693672775,C1B1,281.32061433461394,201.6
194.0,63,4.939682616550512,C2B2,394.7775412749573,401.6
194.0,64,0.0,C2B2,225.73412349641785,401.6
194.0,65,11.584447039843656,A1A0,-1.6,127.64616447032638
194.0,66,0.00283831066531646,C2B2,233.23640793752878,401.6
194.0,67,11.608695152825915,B0B1,201.6,75.1413416011434
194.0,68,14.016807759343088,B0C0,322.2842131269906,-1.6
194.0,69,13.383606619137765,C1B1,330.09265375186067,201.6
194.0,70,13.574449355433025,B1C1,257.38008752124546,198.4
194.0,71,12.261315807105735,B2C2,338.29633635260245,398.4
194.0,72,12.358524195111299,A2B2,150.31043933740781,398.4
194.0,73,13.582726434696982,C2C1,398.4,217.2656865561999
194.0,74,0.0,B1B0,198.4,8.201001014909252
194.0,75,0.0,C1B1,208.2010117593849,201.6
194.0,76,0.0005280679252837845,A1B1,191.79853448531446,198.4
194.0,77,6.912981544532778,:B0_11,200.99718523794962,3.261975396582699
194.0,78,13.815557046945328,B1B2,201.6,234.31989387228418
194.0,80,12.656255541811586,B0B1,201.6,54.87579656846381
194.0,81,4.949952578413254,A2A1,-1.6,233.4501051093046
194.0,82,12.30162421363496,C0B0,297.1044448313189,1.6
194.0,83,3.61795504714295,A2A1,-1.6,246.12953283727703
194.0,84,0.897568892097484,A2A1,-1.6,257.4931715093597
194.0,85,0.3363816120856191,C2B2,256.00222077556145,401.6
194.0,86,0.00011597638361966941,B1B0,198.4,15.702010281779735
194.0,87,0.0,C1B1,215.70205284311314,201.6
194.0,88,8.01067128538008,A0B0,13.373923420293675,-1.6
194.0,89,1.7330916516248858,B1A1,8.415271119054808,201.6
194.0,90,13.083385909656538,C0B0,325.14521310735574,1.6
194.0,91,11.496000689202033,C2C1,398.4,265.1920798550685
194.0,92,11.023993919851348,B0C0,278.3999815254906,-1.6
194.0,93,12.103613144849152,C1C0,398.4,102.90695663081955
194.0,94,9.802070889961795,A1B1,40.887999449693055,198.4
194.0,95,14.315073989320965,B1A1,145.00052727261527,201.6
194.0,96,4.980134629868534,A2A1,-1.6,386.71986537013146
195.0,26,0.008212586088442832,C2B2,240.73889818951594,401.6
195.0,35,0.033529903463903804,C2B2,248.24916333580103,401.6
195.0,40,7.033761210137458,A2B2,15.997975046621004,398.4
195.0,42,0.0,C2B2,210.73202418496587,401.6
195.0,45,14.711981219771953,B1B2,201.6,357.2875833370085
195.0,50,10.94078359290889,C0B0,263.29854727104936,1.6
195.0,53,15.010522164141285,B0B1,201.6,163.80139967228516
195.0,54,8.615695557988062,C1C2,401.6,394.25322147249574
195.0,55,0.0,:B2_1,203.28647944699486,401.01188766819695
195.0,56,8.666504889797876,A2A1,-1.6,208.6100101363817
195.0,57,0.0,C2B2,218.2331158995123,401.6
195.0,58,13.952117352382743,A1A2,1.6,354.4025256516161
195.0,59,13.014333603444062,A1A2,1.6,287.37895063216376
195.0,60,14.126974816199507,C1B1,241.77871961638058,201.6
195.0,61,14.33426045262752,C1B1,266.9863538819865,201.6
195.0,63,6.42504731020987,C2B2,388.3524939647474,401.6
195.0,64,0.0,C2B2,225.73412349641785,401.6
195.0,65,11.96102450428822,A1A0,-1.6,115.68513996603816
195.0,66,0.0009991846245465232,C2B2,233.23540875290425,401.6
195.0,67,12.390408722176455,B0B1,201.6,87.53175032331986
195.0,68,14.27129682179019,B0C0,336.5555099487808,-1.6
195.0,69,13.639079690101982,C1B1,316.4535740617587,201.6
195.0,70,12.960931783540435,B1C1,270.3410193047859,198.4
195.0,71,12.441007690701396,B2C2,350.73734404330384,398.4
195.0,72,12.875418846967571,A2B2,163.18585818437538,398.4
195.0,73,13.555965846250349,:C1_1,398.4,203.70972070994955
195.0,74,0.0,B1B0,198.4,8.201001014909252
195.0,75,0.0,C1B1,208.2010117593849,201.6
195.0,76,0.00037520741559103886,A1B1,191.79890969273006,198.4
195.0,77,7.0624751428000625,B0B1,201.6,10.270027277842932
195.0,78,12.816429913521864,B1B2,201.6,247.13632378580604
195.0,80,11.580348090751414,B0B1,201.6,66.45614465921523
195.0,81,6.457797641944095,A2A1,-1.6,226.9923074673605
195.0,82,11.391747382372062,C0B0,285.7126974489468,1.6
195.0,83,4.832840161255678,A2A1,-1.6,241.29669267602134
195.0,84,2.876839170992758,A2A1,-1.6,254.61633233836693
195.0,85,0.20310101782207224,C2B2,255.7991197577394,401.6
195.0,86,0.0,B1B0,198.4,15.702010281779735
195.0,87,0.0,C1B1,215.70205284311314,201.6
195.0,88,10.063890762257792,A0B0,23.437814182551467,-1.6
195.0,89,0.21405872327362682,B1A1,8.20121239578117,201.6
195.0,90,13.267528131213515,C0B0,311.8776849761423,1.6
195.0,91,12.2827541774875,C2C1,398.4,252.90932567758105
195.0,92,11.20682488392675,B0C0,289.60680640941735,-1.6
195.0,93,12.470504401405998,C1C0,398.4,90.43645222941353
195.0,94,11.973506895932259,A1B1,52.861506345625315,198.4
195.0,95,14.105147026980713,B1A1,130.89538024563456,201.6
195.0,96,6.546986210756566,A2A1,-1.6,380.17287915937493
195.0,97,7.15960287512717,B1A1,187.70000000000002,201.6
196.0,26,0.0017238024336962395,C2B2,240.73717438708223,401.6
196.0,35,0.008765761074810125,C2B2,248.24039757472622,401.6
196.0,40,9.60077302733291,A2B2,25.598748073953914,398.4
196.0,42,0.0,C2B2,210.73202418496587,401.6
196.0,45,13.92472871413611,B1B2,201.6,371.21231205114464
196.0,50,10.666116790184066,C0B0,252.63243048086528,1.6
196.0,53,14.888477918827801,B0B1,201.6,178.68987759111295
196.0,54,5.518993976244466,:C2_0,400.8619786599299,399.6300355667835
196.0,55,1.420465051638894,:B2_9,202.0687684461802,400.2812610677081
196.0,56,4.788603904821441,:A1_1,-1.122897207252622,203.86028045076836
196.0,57,0.0,C2B2,218.2331158995123,401.6
196.0,58,12.963406943119594,A1A2,1.6,367.3659325947357
196.0,59,13.283505264326482,A1A2,1.6,300.66245589649026
196.0,60,9.828465159740107,C1B1,231.95025445664047,201.6
196.0,61,14.926534709776028,C1B1,252.0598191722104,201.6
196.0,63,8.81330877302777,C2B2,379.53918519171964,401.6
196.0,64,0.0,C2B2,225.73412349641785,401.6
196.0,65,11.78336080624082,A1A0,-1.6,103.90177915979734
196.0,66,0.00015498882411969095,C2B2,233.23525376408014,401.6
196.0,67,12.004260787349432,B0B1,201.6,99.53601111066929
196.0,68,14.045706950034388,B0C0,350.6012168988152,-1.6
196.0,69,14.15053972458137,C1B1,302.3030343371773,201.6
196.0,70,13.262460905707702,B1C1,283.60348021049356,198.4
196.0,71,12.91529878681688,B2C2,363.6526428301207,398.4
196.0,72,12.848575077561604,A2B2,176.03443326193698,398.4
196.0,73,14.41150234524119,C1C0,398.4,189.2982183647084
196.0,74,0.0,B1B0,198.4,8.201001014909252
196.0,75,0.0,C1B1,208.2010117593849,201.6
196.0,76,0.0,A1B1,191.79890969273006,198.4
196.0,77,8.69711483031027,B0B1,201.6,18.9671421081532
196.0,78,13.095273819065772,B1B2,201.6,260.2315976048718
196.0,80,12.219330303748741,B0B1,201.6,78.67547496296396
196.0,81,7.998438651472285,A2A1,-1.6,218.9938688158882
196.0,82,12.024170190322549,C0B0,273.6885272586243,1.6
196.0,83,5.59329400749694,A2A1,-1.6,235.7033986685244
196.0,84,5.029486142933754,A2A1,-1.6,249.58684619543317
196.0,85,0.046868142981926895,C2B2,255.75225161475745,401.6
196.0,86,0.0,B1B0,198.4,15.702010281779735
196.0,87,0.0,C1B1,215.70205284311314,201.6
196.0,88,12.148840433688305,A0B0,35.58665461623978,-1.6
196.0,89,0.00014118105035246627,B1A1,8.201071214730831,201.6
196.0,90,12.794690734277216,C0B0,299.08299424186504,1.6
196.0,91,11.433695087841757,C2C1,398.4,241.4756305897393
196.0,92,10.716818661886357,B0C0,300.3236250713037,-1.6
196.0,93,12.067716191258006,C1C0,398.4,78.36873603815553
196.0,94,13.816402923492603,A1B1,66.67790926911792,198.4
196.0,95,13.637695412490004,B1A1,117.25768483314454,201.6
196.0,96,8.53264248635676,A2A1,-1.6,371.64023667301814
196.0,97,9.160610555675525,B1A1,178.53938944432448,201.6
197.0,26,0.0005216340173218695,C2B2,240.7366527530649,401.6
197.0,35,0.001663070756631837,C2B2,248.2387345039696,401.6
197.0,40,10.995267993703894,A2B2,36.59401606765781,398.4
197.0,42,1.7078056176055185,C2B2,209.02421856736035,401.6
197.0,45,11.279625512914986,B1B2,201.6,382.4919375640596
197.0,50,11.202098673478947,C0B0,241.43033180738632,1.6
197.0,53,10.388477918827801,B0B1,201.6,189.07835550994074
197.0,54,5.458826213164949,C2B2,396.10895833809485,401.6
197.0,55,3.1064122340641918,:B2_9,199.88330823039098,398.2055137173183
197.0,56,7.146758782955632,:A1_9,3.5629289132035473,198.91958158382806
197.0,57,0.0,C2B2,218.2331158995123,401.6
197.0,58,13.455367839461655,A1A2,1.6,380.82130043419727
197.0,59,13.307918692316413,A1A2,1.6,313.9703745888067
197.0,60,5.512923320780777,C1B1,226.4373311358597,201.6
197.0,61,10.572084150594566,C1B1,241.48773502161583,201.6
197.0,63,10.135486350465603,C2B2,369.403698841254,401.6
197.0,64,0.0,C2B2,225.73412349641785,401.6
197.0,65,11.220208721811073,A1A0,-1.6,92.68157043798625
197.0,66,0.00010403901434223543,C2B2,233.2351497250658,401.6
197.0,67,12.693269706452504,B0B1,201.6,112.22928081712182
197.0,68,13.64306783936862,B0C0,364.24428473818386,-1.6
197.0,69,13.937224819004962,C1B1,288.3658095181723,201.6
197.0,70,13.70052698596686,B1C1,297.3040071964605,198.4
197.0,71,12.5852901540806,B2C2,376.23793298420134,398.4
197.0,72,9.271727941117723,A2B2,185.3061612030547,398.4
197.0,73,14.327374125141235,C1C0,398.4,174.97084423956716
197.0,74,0.0,B1B0,198.4,8.201001014909252
197.0,75,0.0,C1B1,208.2010117593849,201.6
197.0,76,0.0,A1B1,191.79890969273006,198.4
197.0,77,10.901122713540493,B0B1,201.6,29.868264821693696
197.0,78,13.973021238402584,B1B2,201.6,274.20461884327443
197.0,80,11.810421643962327,B0B1,201.6,90.48589660692629
197.0,81,5.525666364175504,A2A1,-1.6,213.4682024517127
197.0,82,11.086978323594975,C0B0,262.6015489350293,1.6
197.0,83,7.465624716624649,A2A1,-1.6,228.23777395189973
197.0,84,4.992637818728275,A2A1,-1.6,244.5942083767049
197.0,85,0.0058720408877632295,C2B2,255.7463795738697,401.6
197.0,86,0.0,B1B0,198.4,15.702010281779735
197.0,87,0.0,C1B1,215.70205284311314,201.6
197.0,88,12.736511792359927,A0B0,48.323166408599704,-1.6
197.0,89,0.0,B1A1,8.201071214730831,201.6
197.0,90,12.970661982580888,C0B0,286.11233225928413,1.6
197.0,91,12.33229602589649,C2C1,398.4,229.1433345638428
197.0,92,10.966008987804964,B0C0,311.2896340591087,-1.6
197.0,93,11.732125732200876,C1C0,398.4,66.63661030595466
197.0,94,15.126266588506066,A1B1,81.80417585762399,198.4
197.0,95,14.26929917248287,B1A1,102.98838566066166,201.6
197.0,96,10.909359395146,A2A1,-1.6,360.73087727787214
197.0,97,10.71230972484191,B1A1,167.82707971948258,201.6
197.0,98,13.70052698596686,B1C1,212.29999999999998,198.4
198.0,26,0.0004165823093729644,C2B2,240.73623617075552,401.6
198.0,35,0.0006253052647081242,C2B2,248.23810919870488,401.6
198.0,40,12.765311235285774,A2B2,49.35932730294358,398.4
198.0,42,1.8579025958507283,:B2_0,207.16631597150962,401.6
198.0,45,6.779625512914986,B1B2,201.6,389.27156307697453
198.0,50,10.955071430852882,C0B0,230.47526037653344,1.6
198.0,53,5.888477918827801,:B1_10,201.2940140333115,194.94190176681965
198.0,54,6.97762420605658,C2B2,389.13133413203826,401.6
198.0,55,4.82254183983896,:B2_9,198.52465228118615,393.672565968303
198.0,56,6.269415978457593,A1B1,9.79476852985294,198.4
198.0,57,1.0271205190239512,C2B2,217.20599538048836,401.6
198.0,58,9.741786957151728,A1A2,1.6,390.56308739134903
198.0,59,13.297912337846608,A1A2,1.6,327.26828692665333
198.0,60,3.1879650233101975,C1B1,223.2493661125495,201.6
198.0,61,6.072084150594566,C1B1,235.41565087102126,201.6
198.0,63,12.083308622614517,C2B2,357.32039021863955,401.6
198.0,64,0.0,C2B2,225.73412349641785,401.6
198.0,65,11.030253098130347,A1A0,-1.6,81.65131733985591
198.0,66,0.0,C2B2,233.2351497250658,401.6
198.0,67,11.735810734872013,B0B1,201.6,123.96509155199384
198.0,68,13.15972090305239,B0C0,377.40400564123627,-1.6
198.0,69,13.589754795941019,C1B1,274.77605472223127,201.6
198.0,70,12.912382166249007,B1C1,310.2163893627095,198.4
198.0,71,11.596535552690693,B2C2,387.834468536892,398.4
198.0,72,6.560468832650233,A2B2,191.86663003570493,398.4
198.0,73,14.30793885698966,C1C0,398.4,160.6629053825775
198.0,74,0.0,B1B0,198.4,8.201001014909252
198.0,75,0.0,C1B1,208.2010117593849,201.6
198.0,76,0.0,A1B1,191.79890969273006,198.4
198.0,77,12.632979930178074,B0B1,201.6,42.50124475187177
198.0,78,13.250001924031535,B1B2,201.6,287.454620767306
198.0,80,12.493151125699791,B0B1,201.6,102.97904773262609
198.0,81,6.0711200384699175,A2A1,-1.6,207.39708241324277
198.0,82,11.655442514034593,C0B0,250.9461064209947,1.6
198.0,83,5.109059411715943,A2A1,-1.6,223.12871454018378
198.0,84,6.889424441803879,A2A1,-1.6,237.70478393490103
198.0,85,0.005711959332621872,C2B2,255.74066761453707,401.6
198.0,86,0.0,B1B0,198.4,15.702010281779735
198.0,87,0.0,C1B1,215.70205284311314,201.6
198.0,88,13.369477379160056,A0B0,61.692643787759756,-1.6
198.0,89,0.0,B1A1,8.201071214730831,201.6
198.0,90,11.857883328946253,C0B0,274.25444893033784,1.6
198.0,91,11.559998723356099,C2C1,398.4,217.5833358404867
198.0,92,10.998826638670728,B0C0,322.28846069777944,-1.6
198.0,93,11.869599477123193,C1C0,398.4,54.767010828831474
198.0,94,14.320805472883173,A1B1,96.12498133050715,198.4
198.0,95,14.508739873034367,B1A1,88.47964578762728,201.6
198.0,96,13.377336616246591,A2A1,-1.6,347.3535406616256
198.0,97,11.867117228432411,B1A1,155.95996249105016,201.6
198.0,98,14.881296388199345,B1C1,227.18129638819934,198.4
199.0,26,0.0,C2B2,240.73623617075552,401.6
199.0,35,0.0007378168472517684,C2B2,248.23737138185763,401.6
199.0,40,14.050124005619384,A2B2,63.40945130856298,398.4
199.0,42,3.472051017319873,:B2_0,203.69426495418975,401.6
199.0,45,2.364438285632932,B1B2,201.6,391.6360013626075
199.0,50,11.48326527689515,C0B0,218.9919950996383,1.6
199.0,53,8.18847121661146,:B1_20,196.60538010990388,201.05637427001375
199.0,54,9.430220839029872,C2B2,379.7011132930084,401.6
199.0,55,6.561174087272958,B2B1,198.4,387.120406787185
199.0,56,8.57632348860968,A1B1,18.37109201846262,198.4
199.0,57,1.5269997105707047,C2B2,215.67899566991767,401.6
199.0,58,5.241786957151728,A1A2,1.6,395.8048743485008
199.0,59,12.642171433294676,A1A2,1.6,339.91045835994794
199.0,60,0.04024316657241556,C1B1,223.20912294597707,201.6
199.0,61,4.060039193830857,C1B1,231.3556116771904,201.6
199.0,63,13.232651355979332,C2B2,344.0877388626602,401.6
199.0,64,0.8061546510964854,C2B2,224.92796884532137,401.6
199.0,65,11.646759963331863,A1A0,-1.6,70.00455737652405
199.0,66,0.0,C2B2,233.2351497250658,401.6
199.0,67,12.370850472483092,B0B1,201.6,136.3359420244769
199.0,68,10.689951594626868,B0C0,388.0939572358631,-1.6
199.0,69,13.506284433818848,C1B1,261.2697702884125,201.6
199.0,70,12.983817879388369,B1C1,323.2002072420978,198.4
199.0,71,7.879228938018381,B2C2,395.7136974749104,398.4
199.0,72,2.201843147822,:B2_8,193.85706098627242,399.1047073241816
199.0,73,13.999630447742113,C1C0,398.4,146.66327493483539
199.0,74,0.0,B1B0,198.4,8.201001014909252
199.0,75,0.0,C1B1,208.2010117593849,201.6
199.0,76,0.0,A1B1,191.79890969273006,198.4
199.0,77,13.282765190401099,B0B1,201.6,55.78400994227289
199.0,78,12.722172451241063,B1B2,201.6,300.176793218547
199.0,80,12.243579160154594,B0B1,201.6,115.2226268927807
199.0,81,7.311720108555395,:A1_9,0.6102928808980813,200.59382427146116
199.0,82,11.515992133244113,C0B0,239.4301142877506,1.6
199.0,83,6.917463343420195,A2A1,-1.6,216.21125119676358
199.0,84,5.041155035780053,A2A1,-1.6,232.66362889912097
199.0,85,0.0014794110680559672,C2B2,255.739188203469,401.6
199.0,86,0.0,B1B0,198.4,15.702010281779735
199.0,87,0.0,C1B1,215.70205284311314,201.6
199.0,88,13.063207578543627,A0B0,74.75585136630339,-1.6
199.0,89,0.0,B1A1,8.201071214730831,201.6
199.0,90,13.000358691801683,C0B0,261.2540902385362,1.6
199.0,91,9.1647243485248,C2C1,398.4,208.4186114919619
199.0,92,10.684207273406066,B0C0,332.9726679711855,-1.6
199.0,93,12.137754626516909,C1C0,398.4,42.629256202314565
199.0,94,14.41755533744838,A1B1,110.54253666795553,198.4
199.0,95,14.071981061541893,B1A1,74.40766472608539,201.6
199.0,96,12.89443960221956,A2A1,-1.6,334.45910105940595
199.0,97,11.376348888528385,B1A1,144.58361360252178,201.6
199.0,98,14.506922487146014,B1C1,241.68821887534534,198.4
200.0,26,0.0,C2B2,240.73623617075552,401.6
200.0,35,0.00010917012112264116,C2B2,248.2372622117365,401.6
200.0,40,13.650986632793158,A2B2,77.06043794135614,398.4
200.0,42,5.821150481615305,:B2_0,197.87311447257446,401.6
200.0,45,0.13977005823636288,B1B2,201.6,391.77577142084385
200.0,50,11.195723677370012,C0B0,207.7962714222683,1.6
200.0,53,8.190499512118848,B1A1,188.45419584250118,201.6
200.0,54,11.737025392332807,C2B2,367.9640879006756,401.6
200.0,55,8.709402794763447,B2B1,198.4,378.41100399242157
200.0,56,10.427459654792957,A1B1,28.798551673255577,198.4
200.0,57,2.9639315641491306,C2B2,212.71506410576853,401.6
200.0,58,2.9664387888097767,:A2_1,2.597336406376837,398.313905200911
200.0,59,12.471192797791698,A1A2,1.6,352.38165115773967
200.0,60,0.005956578194473935,C1B1,223.2031663677826,201.6
200.0,61,0.39175061528362676,C1B1,230.96386106190678,201.6
200.0,63,13.474212045478934,C2B2,330.61352681718125,401.6
200.0,64,1.2524147554805138,C2B2,223.67555408984086,401.6
200.0,65,12.045713565305928,A1A0,-1.6,57.95884381121812
200.0,66,0.7943185419387349,C2B2,232.44083118312707,401.6
200.0,67,12.604136695228755,B0B1,201.6,148.94007871970567
200.0,68,8.690593334507525,B0C0,396.78455057037064,-1.6
200.0,69,10.677819575086811,C1B1,250.59195071332564,201.6
200.0,70,12.934315187459141,B1C1,336.13452242955697,198.4
200.0,71,3.3792289380183806,:C2_1,398.3593953076407,397.08423284651525
200.0,72,0.04645142851975828,:B2_8,193.8957705100389,399.13051367335925
200.0,73,14.137435374045328,C1C0,398.4,132.52583956079005
200.0,74,0.0,B1B0,198.4,8.201001014909252
200.0,75,0.0,C1B1,208.2010117593849,201.6
200.0,76,0.0,A1B1,191.79890969273006,198.4
200.0,77,13.323013295587137,B0B1,201.6,69.10702323786002
200.0,78,13.628587270563589,B1B2,201.6,313.80538048911063
200.0,80,11.689848994473248,B0B1,201.6,126.91247588725395
200.0,81,7.947068274184316,A1B1,8.061705969496925,198.4
200.0,82,11.020093471185186,C0B0,228.4100208165654,1.6
200.0,83,7.184438865521453,A2A1,-1.6,209.02681233124213
200.0,84,7.22507626205707,A2A1,-1.6,225.4385526370639
200.0,85,0.0005439265073818591,C2B2,255.73864427696162,401.6
200.0,86,0.0,B1B0,198.4,15.702010281779735
200.0,87,0.0,C1B1,215.70205284311314,201.6
200.0,88,13.746231915243955,A0B0,88.50208328154734,-1.6
200.0,89,0.0,B1A1,8.201071214730831,201.6
200.0,90,12.12007225410952,C0B0,249.1340179844267,1.6
200.0,91,5.078162506425038,:C1_0,397.33727851917905,203.56213086529846
200.0,92,10.615065861927436,B0C0,343.5877338331129,-1.6
200.0,93,11.951861150880069,C1C0,398.4,30.6773950514345
200.0,94,14.026595024161749,A1B1,124.5691316921173,198.4
200.0,95,13.528995599656783,B1A1,60.878669126428605,201.6
200.0,96,13.611936317449496,A2A1,-1.6,320.8471647419565
200.0,97,11.725378395294623,B1A1,132.85823520722715,201.6
200.0,98,15.122840275335848,B1C1,256.8110591506812,198.4
201.0,26,0.6402782450873271,C2B2,240.0959579256682,401.6
201.0,35,0.0,C2B2,248.2372622117365,401.6
201.0,40,13.671969405487127,A2B2,90.73240734684327,398.4
201.0,42,8.084682342138231,B2A2,189.78843213043623,401.6
201.0,45,0.017123892374454462,B1B2,201.6,391.7928953132183
201.0,53,9.999440940715001,B1A1,178.4547549017862,201.6
201.0,54,13.491718784536378,C2B2,354.47236911613925,401.6
201.0,55,11.249887221679092,B2B1,198.4,367.16111677074247
201.0,56,12.15469829446646,A1B1,40.953249967722044,198.4
201.0,57,5.240216074116212,C2B2,207.47484803165233,401.6
201.0,58,3.1532572370776535,A2B2,5.7445703743881715,398.4
201.0,59,12.919157573237568,A1A2,1.6,365.3008087309772
201.0,60,0.0,C1B1,223.2031663677826,201.6
201.0,61,0.18206017501486263,C1B1,230.78180088689192,201.6
201.0,63,13.118663078057878,C2B2,317.4948637391234,401.6
201.0,64,2.625823391492059,C2B2,221.0497306983488,401.6
201.0,65,11.144956155091645,A1A0,-1.6,46.81388765612647
201.0,66,0.8050297994789429,C2B2,231.63580138364813,401.6
201.0,67,12.65625590240141,B0B1,201.6,161.59633462210707
201.0,68,5.110095588552579,:C0_1,401.0301738992877,0.6502898321461871
201.0,69,8.24403960820102,C1B1,242.34791110512464,201.6
201.0,70,13.099876182291917,B1C1,349.23439861184886,198.4
201.0,71,3.6096666980268806,C2C1,398.4,393.4774068890444
201.0,72,0.012675314850892211,:B2_8,193.90633327241463,399.1375555149431
201.0,73,14.026688769328922,C1C0,398.4,118.4991507914611
201.0,74,0.0,B1B0,198.4,8.201001014909252
201.0,75,0.0,C1B1,208.2010117593849,201.6
201.0,76,0.0,A1B1,191.79890969273006,198.4
201.0,77,13.393716975119881,B0B1,201.6,82.5007402129799
201.0,78,13.485969060788051,B1B2,201.6,327.29134954989865
201.0,80,12.954892566714994,B0B1,201.6,139.86736845396894
201.0,81,9.737617729953676,A1B1,17.799323699450603,198.4
201.0,82,10.569566012799742,C0B0,217.84045480376565,1.6
201.0,83,4.3885566753380125,:A1_1,-1.2382473109700378,204.66773117679026
201.0,84,7.30970993533027,A2A1,-1.6,218.12884270173365
201.0,85,0.00032367249004034766,C2B2,255.7383206044716,401.6
201.0,86,0.0,B1B0,198.4,15.702010281779735
201.0,87,0.0,C1B1,215.70205284311314,201.6
201.0,88,13.643928267342092,A0B0,102.14601154888945,-1.6
201.0,89,0.0,B1A1,8.201071214730831,201.6
201.0,90,11.132549993629555,C0B0,238.00146799079712,1.6
201.0,91,5.481219197523065,C1B1,392.48922978801386,201.6
201.0,92,11.54241341582136,B0C0,355.13014724893424,-1.6
201.0,93,12.505116447611437,C1C0,398.4,18.17227860382306
201.0,94,14.953353677506335,A1B1,139.5224853696236,198.4
201.0,95,13.610691601725714,B1A1,47.2679775247029,201.6
201.0,96,13.6757352975384,A2A1,-1.6,307.1714294444181
201.0,97,11.618828131727726,B1A1,121.23940707549941,201.6
201.0,98,14.913643826846757,B1C1,271.72470297752795,198.4
202.0,26,0.958555527944572,C2B2,239.1374023977236,401.6
202.0,35,0.6359722267287002,C2B2,247.60128998500778,401.6
202.0,40,13.806856840494968,A2B2,104.53926418733826,398.4
202.0,42,9.491081210396342,B2A2,180.2973509200399,401.6
202.0,45,0.004849665735431195,B1B2,201.6,391.79774497895374
202.0,53,12.16824021878522,B1A1,166.28651468300097,201.6
202.0,54,13.100762807441088,C2B2,341.3716063086981,401.6
202.0,55,13.143925974838027,B2B1,198.4,354.0171907959044
202.0,56,11.947494236608135,A1B1,52.90074420433018,198.4
202.0,57,6.652371990355347,:B2_9,201.22166498458014,399.7729989907481
202.0,58,5.526130677951462,A2B2,11.270701052339636,398.4
202.0,59,13.095024381560759,A1A2,1.6,378.39583311253796
202.0,60,0.0,C1B1,223.2031663677826,201.6
202.0,61,0.04593491012561138,C1B1,230.7358659767663,201.6
202.0,63,13.580347472103611,C2B2,303.91451626701974,401.6
202.0,64,5.046487484809522,C2B2,216.0032432135393,401.6
202.0,65,11.042178914945692,A1A0,-1.6,35.77170874118079
202.0,66,2.3688448579304113,C2B2,229.26695652571772,401.6
202.0,67,11.780621386883087,B0B1,201.6,173.37695600899016
202.0,68,5.472972635498084,C0C1,401.6,6.027618794421297
202.0,69,3.744039608201019,C1B1,238.60387149692363,201.6
202.0,70,14.157666588386782,B1C1,363.39206520023566,198.4
202.0,71,5.868121215371826,C2C1,398.4,387.60928567367256
202.0,72,0.009692131134446377,:B2_8,193.91441004836,399.14294003224
202.0,73,14.18660250754054,C1C0,398.4,104.31254828392056
202.0,74,0.0,B1B0,198.4,8.201001014909252
202.0,75,0.0,C1B1,208.2010117593849,201.6
202.0,76,0.0,A1B1,191.79890969273006,198.4
202.0,77,13.189390665180966,B0B1,201.6,95.69013087816087
202.0,78,13.675549321517469,B1B2,201.6,340.9668988714161
202.0,80,12.101987905729697,B0B1,201.6,151.96935635969862
202.0,81,11.774894404527917,A1B1,29.57421810397852,198.4
202.0,82,9.624277826826932,C0B0,208.21617697693873,1.6
202.0,83,5.995271609029558,:A1_9,1.8469029720519305,199.85185821676885
202.0,84,3.9449661884437166,A2A1,-1.6,214.18387651328993
202.0,85,0.0,C2B2,255.7383206044716,401.6
202.0,86,0.0,B1B0,198.4,15.702010281779735
202.0,87,0.0,C1B1,215.70205284311314,201.6
202.0,88,13.755286800489815,A0B0,115.90129834937926,-1.6
202.0,89,0.0,B1A1,8.201071214730831,201.6
202.0,90,10.072515675891573,C0B0,227.92895231490556,1.6
202.0,91,7.420632374861494,C1B1,385.06859741315236,201.6
202.0,92,11.06864009957397,B0C0,366.19878734850823,-1.6
202.0,93,9.252269132949952,C1C0,398.4,8.920009470873111
202.0,94,14.942558903808482,A1B1,154.46504427343208,198.4
202.0,95,13.509403833393593,B1A1,33.758573691309294,201.6
202.0,96,12.948284187978194,A2A1,-1.6,294.2231452564399
202.0,97,11.976014730244726,B1A1,109.26339234525469,201.6
202.0,98,15.21165960521882,B1C1,286.93636258274677,198.4
203.0,101,9.906557176500622,C1C0,398.4,187.70000000000002
203.0,26,1.5234367700602673,C2B2,237.61396562766333,401.6
203.0,35,0.8847933801320338,C2B2,246.71649660487574,401.6
203.0,40,14.214912043926253,A2B2,118.75417623126451,398.4
203.0,42,11.805746464089578,B2A2,168.4916044559503,401.6
203.0,45,0.0008199289041568519,B1B2,201.6,391.7985649078579
203.0,53,14.340008433129267,B1A1,151.9465062498717,201.6
203.0,54,13.253137064541834,C2B2,328.1184692441563,401.6
203.0,55,13.322300715342687,B2B1,198.4,340.6948900805618
203.0,56,12.158010201803506,A1B1,65.05875440613369,198.4
203.0,57,8.534784827972762,B2B1,198.4,392.08769121332426
203.0,58,6.915665036282464,A2B2,18.1863660886221,398.4
203.0,59,12.774417422228977,A1A2,1.6,391.170250534767
203.0,60,0.0,C1B1,223.2031663677826,201.6
203.0,61,0.029033366856522837,C1B1,230.70683260990978,201.6
203.0,63,13.17240771348618,C2B2,290.74210855353357,401.6
203.0,64,6.788725438531387,C2B2,209.21451777500792,401.6
203.0,65,11.34437817904924,A1A0,-1.6,24.427330562131544
203.0,66,3.8511759916573958,C2B2,225.41578053406033,401.6
203.0,67,10.716482640647687,B0B1,201.6,184.09343864963785
203.0,68,8.055786809131318,C0C1,401.6,14.083405603552617
203.0,69,0.20061290543777846,C1B1,238.40325859148587,201.6
203.0,70,13.377021761562936,B1C1,376.7690869617986,198.4
203.0,71,8.121357760551795,C2C1,398.4,379.48792791312076
203.0,72,1.598549862497251,:B2_12,194.13081653698305,400.5383669260339
203.0,73,14.552980800773533,C1C0,398.4,89.75956748314701
203.0,74,0.0,B1B0,198.4,8.201001014909252
203.0,75,0.0,C1B1,208.2010117593849,201.6
203.0,76,0.0,A1B1,191.79890969273006,198.4
203.0,77,12.570486824475214,B0B1,201.6,108.2606177026361
203.0,78,13.411392590928012,B1B2,201.6,354.3782914623441
203.0,80,12.447856133005448,B0B1,201.6,164.41721249270407
203.0,81,13.180752995436826,A1B1,42.75497109941535,198.4
203.0,82,6.241732517419993,:B0_3,202.63436495322105,3.609391744631596
203.0,83,6.884931414377875,A1B1,8.441947367503303,198.4
203.0,84,5.876040203709483,A2A1,-1.6,208.30783630958044
203.0,85,0.6137950046554848,C2B2,255.1245255998161,401.6
203.0,86,0.0,B1B0,198.4,15.702010281779735
203.0,87,0.0,C1B1,215.70205284311314,201.6
203.0,88,13.937146267621833,A0B0,129.8384446170011,-1.6
203.0,89,0.0,B1A1,8.201071214730831,201.6
203.0,90,10.11960898382792,C0B0,217.80934333107763,1.6
203.0,91,8.971058984163433,C1B1,376.0975384289889,201.6
203.0,92,10.636343698125422,B0C0,376.83513104663365,-1.6
203.0,93,5.260133552227711,C1C0,398.4,3.6598759186454117
203.0,94,13.492561029308366,A1B1,167.95760530274046,198.4
203.0,95,9.271135715499792,B1A1,24.487437975809513,201.6
203.0,96,13.966096235644132,A2A1,-1.6,280.25704902079576
203.0,97,11.794612345685103,B1A1,97.46877999956956,201.6
203.0,98,14.497193214273803,B1C1,301.4335557970206,198.4
204.0,101,11.357320347829784,C1C0,398.4,176.34267965217023
204.0,26,3.605794545317237,C2B2,234.0081710823461,401.6
204.0,35,1.5812441526646377,C2B2,245.13525245221112,401.6
204.0,40,13.785110758589529,A2B2,132.53928698985402,398.4
204.0,42,14.201126762044703,B2A2,154.2904776939056,401.6
204.0,45,0.0003248912161986137,B1B2,201.6,391.7988897990741
204.0,53,14.355648069262962,B1A1,137.59085818060873,201.6
204.0,54,12.674158520976224,C2B2,315.4443107231801,401.6
204.0,55,13.354317072190867,B2B1,198.4,327.3405730083709
204.0,56,12.177503259102913,A1B1,77.23625766523661,198.4
204.0,57,10.52468603088986,B2B1,198.4,381.5630051824344
204.0,58,8.641479783603883,A2B2,26.827845872225982,398.4
204.0,60,0.0,C1B1,223.2031663677826,201.6
204.0,61,0.0015860325349377256,C1B1,230.70524657737485,201.6
204.0,63,12.589117365796419,C2B2,278.15299118773714,401.6
204.0,64,3.42224,:B2_2,206.02689814583997,400.8179320972267
204.0,65,12.08405117019371,A1A0,-1.6,12.343279391937841
204.0,66,5.722744338356164,C2B2,219.69303619570417,401.6
204.0,67,6.567675026548922,B0B1,201.6,190.66111367618677
204.0,68,9.619079052812234,C0C1,401.6,23.702484656364852
204.0,69,0.16628130982696096,C1B1,238.2369772816589,201.6
204.0,70,13.700392040096483,B1C1,390.4694790018951,198.4
204.0,71,9.839741581675074,C2C1,398.4,369.6481863314457
204.0,72,2.9190274331111086,B2A2,191.61513064635966,401.6
204.0,73,13.428977607665168,C1C0,398.4,76.33058987548186
204.0,74,0.0,B1B0,198.4,8.201001014909252
204.0,75,0.0,C1B1,208.2010117593849,201.6
204.0,76,0.0,A1B1,191.79890969273006,198.4
204.0,77,12.74854787788818,B0B1,201.6,121.00916558052428
204.0,78,13.013135628391177,B1B2,201.6,367.3914270907353
204.0,80,10.076507128488073,B0B1,201.6,174.49371962119213
204.0,81,12.903674687056402,A1B1,55.65864578647176,198.4
204.0,82,6.592544232727638,B0B1,201.6,9.988099773208893
204.0,83,9.09456745482888,A1B1,17.536514822332183,198.4
204.0,84,3.248784798261039,:A1_10,-0.17284397420042685,205.6864219871002
204.0,85,0.7706863322266069,C2B2,254.3538392675895,401.6
204.0,86,0.0,B1B0,198.4,15.702010281779735
204.0,87,0.0,C1B1,215.70205284311314,201.6
204.0,88,13.47979298413364,A0B0,143.3182376011347,-1.6
204.0,89,0.0,B1A1,8.201071214730831,201.6
204.0,90,6.9446222009388,C0B0,210.86472113013883,1.6
204.0,91,10.741661030233121,C1B1,365.3558773987558,201.6
204.0,92,10.503381987000905,B0C0,387.3385130336345,-1.6
204.0,93,3.551905367612876,C0B0,396.2879705510326,1.6
204.0,94,9.643426952937196,A1B1,177.60103225567767,198.4
204.0,95,5.406456638290359,B1A1,19.080981337519148,201.6
204.0,96,14.02269752826082,A2A1,-1.6,266.234351492535
204.0,97,11.592092779515163,B1A1,85.8766872200544,201.6
204.0,98,14.503788104560018,B1C1,315.9373439015806,198.4
204.0,99,9.839741581675074,C2C1,398.4,391.7
205.0,101,12.140454165249981,C1C0,398.4,164.20222548692024
205.0,26,6.036629629445431,C2B2,227.97154145290068,401.6
205.0,35,2.40154203532848,C2B2,242.73371041688264,401.6
205.0,40,13.126941019361785,A2B2,145.6662280092158,398.4
205.0,42,13.873480308143968,B2A2,140.41699738576162,401.6
205.0,45,0.0,B1B2,201.6,391.7988897990741
205.0,53,14.647050683053667,B1A1,122.94380749755506,201.6
205.0,54,13.585802376319798,C2B2,301.8585083468603,401.6
205.0,55,12.747705577238055,B2B1,198.4,314.59286743113285
205.0,56,12.385291575612598,A1B1,89.6215492408492,198.4
205.0,57,12.702550977175123,B2B1,198.4,368.86045420525926
205.0,58,9.965347439894414,A2B2,36.7931933121204,398.4
205.0,60,0.0,C1B1,223.2031663677826,201.6
205.0,61,0.0009991348647079333,C1B1,230.70424744251014,201.6
205.0,63,8.852163126472826,C2B2,269.3008280612643,401.6
205.0,64,2.9477739903524145,:B2_10,206.93822994951353,398.57451336699097
205.0,65,8.70606938741725,A1A0,-1.6,3.637210004520597
205.0,66,5.073573548462118,C2B2,214.61946264724205,401.6
205.0,67,3.3382899999999998,:B1_11,200.9336646243407,193.79950306348897
205.0,68,11.395456457479671,C0C1,401.6,35.09794111384453
205.0,69,0.01878524962809809,C1B1,238.2181920320308,201.6
205.0,71,11.159913173617273,C2C1,398.4,358.4882731578284
205.0,72,5.015498788081818,B2A2,186.59963185827783,401.6
205.0,73,14.599018236863943,C1C0,398.4,61.73157163861791
205.0,74,0.0,B1B0,198.4,8.201001014909252
205.0,75,0.0,C1B1,208.2010117593849,201.6
205.0,76,0.0,A1B1,191.79890969273006,198.4
205.0,77,13.095183795229516,B0B1,201.6,134.1043493757538
205.0,78,9.244479998896406,B1B2,201.6,376.6359070896317
205.0,80,6.598485413523668,B0B1,201.6,181.0922050347158
205.0,81,11.903172168883883,A1B1,67.56181795535564,198.4
205.0,82,8.928808838221855,B0B1,201.6,18.91690861143075
205.0,83,11.626719642792827,A1B1,29.16323446512501,198.4
205.0,84,3.308146857580431,A1A2,1.6,207.979095346261
205.0,85,1.581895704925223,C2B2,252.7719435626643,401.6
205.0,86,0.0,B1B0,198.4,15.702010281779735
205.0,87,0.0,C1B1,215.70205284311314,201.6
205.0,88,13.260494011012891,A0B0,156.5787316121476,-1.6
205.0,89,0.0,B1A1,8.201071214730831,201.6
205.0,90,6.392124734045758,:B0_3,204.53309125670106,2.080145245979362
205.0,91,12.233481382396118,C1B1,353.1223960163597,201.6
205.0,92,8.766981754328578,B0C0,396.10549478796315,-1.6
205.0,93,5.673989437097721,C0B0,390.6139811139348,1.6
205.0,94,5.542523026007733,A1B1,183.1435552816854,198.4
205.0,95,3.1612252925055024,B1A1,15.919756045013656,201.6
205.0,96,13.96330847020267,A2A1,-1.6,252.2710430223323
205.0,97,11.813997353244424,B1A1,74.06268986680998,201.6
205.0,98,15.247153292107187,B1C1,331.1844971936878,198.4
205.0,99,10.145083209189439,C2C1,398.4,381.5549167908106
206.0,100,12.752778899423678,C2C1,398.4,391.7
206.0,101,12.995002852551558,C1C0,398.4,151.2072226343687
206.0,26,4.591852273456524,C2B2,223.37968917944417,401.6
206.0,35,4.404022474844265,C2B2,238.3296879420384,401.6
206.0,40,13.866970902420528,A2B2,159.53319891163633,398.4
206.0,42,13.907195440744596,B2A2,126.50980194501703,401.6
206.0,45,0.00010652280285644224,B1B2,201.6,391.798996321877
206.0,53,14.80941698089474,B1A1,108.13439051666032,201.6
206.0,54,13.591491959992007,C2B2,288.26701638686825,401.6
206.0,55,13.25087555785995,B2B1,198.4,301.34199187327283
206.0,56,11.829950156174698,A1B1,101.45149939702392,198.4
206.0,57,15.218152589593082,B2B1,198.4,353.64230161566616
206.0,58,12.244195266399494,A2B2,49.037388578519895,398.4
206.0,60,0.0,C1B1,223.2031663677826,201.6
206.0,61,0.0,C1B1,230.70424744251014,201.6
206.0,63,6.492590548395232,C2B2,262.8082375128691,401.6
206.0,64,3.1975979159732906,B2C2,210.08309413131775,398.4
206.0,65,4.457303226922095,:A0_0,-0.2712759728892163,-0.4772344162664703
206.0,66,3.3032672567196286,C2B2,211.3161953905224,401.6
206.0,67,2.055759259398058,:B1_21,199.18507156956838,193.97760735435259
206.0,68,13.218010427748599,C0C1,401.6,48.31595154159313
206.0,69,0.009436096723033438,C1B1,238.20875593530778,201.6
206.0,71,13.417863560013235,C2C1,398.4,345.07040959781517
206.0,72,7.080580370090678,B2A2,179.51905148818716,401.6
206.0,73,14.226389669170187,C1C0,398.4,47.50518196944773
206.0,74,0.0,B1B0,198.4,8.201001014909252
206.0,75,0.0,C1B1,208.2010117593849,201.6
206.0,76,0.0,A1B1,191.79890969273006,198.4
206.0,77,13.039355519977383,B0B1,201.6,147.14370489573116
206.0,78,5.431238579676999,B1B2,201.6,382.06714566930873
206.0,80,4.422461260249547,B0B1,201.6,185.51466629496534
206.0,81,12.465337226571496,A1B1,80.02715518192714,198.4
206.0,82,10.669818525295383,B0B1,201.6,29.586727136726132
206.0,83,13.30036779045418,A1B1,42.4636022555792,198.4
206.0,84,5.5074563766999916,A1A2,1.6,213.486551722961
206.0,85,1.707808424781347,C2B2,251.06413513788294,401.6
206.0,86,0.0,B1B0,198.4,15.702010281779735
206.0,87,0.0,C1B1,215.70205284311314,201.6
206.0,88,13.700780960080268,A0B0,170.27951257222787,-1.6
206.0,89,0.0,B1A1,8.201071214730831,201.6
206.0,90,6.603072404227971,B0B1,201.6,7.500476008134879
206.0,91,11.805761118702636,C1B1,341.316634897657,201.6
206.0,92,4.896439729307137,:C0_1,400.570805638455,-0.11532393590827311
206.0,93,7.807040073486084,C0B0,382.80694104044875,1.6
206.0,94,1.042523026007733,A1B1,184.18607830769312,198.4
206.0,95,0.14654347722644562,B1A1,15.773212567787198,201.6
206.0,96,13.967612855644026,A2A1,-1.6,238.30343016668826
206.0,97,11.580248785232046,B1A1,62.482441081577946,201.6
206.0,98,15.405479020252615,B1C1,346.5899762139404,198.4
206.0,99,12.087694238834123,C2C1,398.4,369.4672225519764
207.0,100,12.067296247532893,C2C1,398.4,379.63270375246714
207.0,101,12.311569200999953,C1C0,398.4,138.89565343336872
207.0,103,13.230225,B0C0,212.29999999999998,-1.6
207.0,26,4.24868192896504,C2B2,219.13100725047914,401.6
207.0,35,5.3946142407420155,C2B2,232.93507370129637,401.6
207.0,40,13.269041763148218,A2B2,172.80224067478454,398.4
207.0,42,14.867908377358305,B2A2,111.64189356765873,401.6
207.0,45,0.0,B1B2,201.6,391.798996321877
207.0,53,15.149288884077679,B1A1,92.98510163258263,201.6
207.0,54,10.652699093753649,C2B2,277.6143172931146,401.6
207.0,55,13.646222936914825,B2B1,198.4,287.69576893635804
207.0,56,12.302070011170679,A1B1,113.7535694081946,198.4
207.0,57,15.054584715793656,B2B1,198.4,338.58771689987253
207.0,58,13.319637985326812,A2B2,62.357026563846716,398.4
207.0,60,0.00011202827695099404,C1B1,223.20305433950563,201.6
207.0,61,0.0,C1B1,230.70424744251014,201.6
207.0,63,4.096228940422974,C2B2,258.7120085724461,401.6
207.0,64,4.925080612013824,B2C2,215.00817474333158,398.4
207.0,65,4.489478927451573,A0B0,3.9695721498530725,-1.6
207.0,67,2.122593284971974,B1B0,198.4,192.0922437794432
207.0,68,13.155863512469828,C0C1,401.6,61.471815054062965
207.0,69,0.002000799446104388,C1B1,238.20675513586167,201.6
207.0,71,13.266548631188222,C2C1,398.4,331.8038609666269
207.0,72,8.98535852812674,B2A2,170.53369296006042,401.6
207.0,73,13.439342516972268,C1C0,398.4,34.06583945247547
207.0,74,0.0,B1B0,198.4,8.201001014909252
207.0,75,0.0,C1B1,208.2010117593849,201.6
207.0,76,0.0,A1B1,191.79890969273006,198.4
207.0,77,12.91296589675358,B0B1,201.6,160.05667079248474
207.0,78,1.2707150344820886,B1B2,201.6,383.33786070379085
207.0,80,2.950537041030497,B0B1,201.6,188.46520333599582
207.0,81,11.574024136911786,A1B1,91.60117931883893,198.4
207.0,82,13.009465731726637,B0B1,201.6,42.596192868452775
207.0,83,12.838656835344732,A1B1,55.30225909092394,198.4
207.0,84,7.605725799727514,A1A2,1.6,221.0922775226885
207.0,85,3.8711401006367905,C2B2,247.19299503724616,401.6
207.0,86,0.0,B1B0,198.4,15.702010281779735
207.0,87,0.0,C1B1,215.70205284311314,201.6
207.0,88,12.90859434860638,A0B0,183.18810692083426,-1.6
207.0,89,0.0,B1A1,8.201071214730831,201.6
207.0,90,8.123814772437147,B0B1,201.6,15.624290780572029
207.0,91,11.726345735652417,C1B1,329.59028916200464,201.6
207.0,92,4.586799296319775,C0C1,401.6,4.248733813590021
207.0,93,9.38529238008991,C0B0,373.42164866035887,1.6
207.0,94,0.08197652206525666,A1B1,184.26805482975837,198.4
207.0,95,0.04071145871630799,B1A1,15.732501109070881,201.6
207.0,96,13.02548483178957,A2A1,-1.6,225.2779453348987
207.0,97,11.41622069366634,B1A1,51.06622038791161,201.6
207.0,98,15.182282088370785,B1C1,361.77225830231123,198.4
207.0,99,13.02702485210901,C2C1,398.4,356.44019769986744
208.0,100,13.485000165719336,C2C1,398.4,366.14770358674775
208.0,101,12.916796877033926,C1C0,398.4,125.97885655633479
208.0,103,12.744606131273695,B0C0,225.0446061312737,-1.6
208.0,26,5.973585183199273,C2B2,213.15742206727987,401.6
208.0,35,4.648957256457628,C2B2,228.28611644483874,401.6
208.0,40,13.21101453129197,A2B2,186.0132552060765,398.4
208.0,42,14.54848303864206,B2A2,97.09341052901665,401.6
208.0,45,0.0,B1B2,201.6,391.798996321877
208.0,53,14.921319963333653,B1A1,78.06378166924898,201.6
208.0,54,6.997478334171545,C2B2,270.61683895894305,401.6
208.0,55,12.912507830903456,B2B1,198.4,274.7832611054546
208.0,56,11.509531003628025,A1B1,125.26310041182263,198.4
208.0,57,15.034292916067692,B2B1,198.4,323.5534239838048
208.0,58,13.959685920420565,A2B2,76.31671248426728,398.4
208.0,60,0.0,C1B1,223.20305433950563,201.6
208.0,61,0.00016604392776193018,C1B1,230.7040813985824,201.6
208.0,63,3.823300536039544,C2B2,254.88870803640657,401.6
208.0,64,7.042486033649891,B2C2,222.05066077698146,398.4
208.0,65,6.130530816476248,A0B0,10.10010296632932,-1.6
208.0,67,3.5088450732091068,B1B0,198.4,188.5833987062341
208.0,68,13.178883420652152,C0C1,401.6,74.65069847471511
208.0,69,0.0013493145339435466,C1B1,238.20540582132773,201.6
208.0,71,13.237415833409637,C2C1,398.4,318.5664451332173
208.0,72,10.869923593788185,B2A2,159.66376936627222,401.6
208.0,73,14.533790776538247,C1C0,398.4,19.532048675937233
208.0,74,0.0,B1B0,198.4,8.201001014909252
208.0,75,0.0,C1B1,208.2010117593849,201.6
208.0,76,0.0,A1B1,191.79890969273006,198.4
208.0,77,10.432577665665171,B0B1,201.6,170.48924845814992
208.0,78,0.7943538084441607,B1B2,201.6,384.132214512235
208.0,80,2.0855413209208953,B0B1,201.6,190.55074465691672
208.0,81,12.739999675826938,A1B1,104.34117899466587,198.4
208.0,82,13.831997169174798,B0B1,201.6,56.42819003762758
208.0,83,13.222565654612259,A1B1,68.5248247455362,198.4
208.0,84,9.137919505656026,A1A2,1.6,230.23019702834452
208.0,85,5.57586928187774,C2B2,241.61712575536842,401.6
208.0,86,0.0,B1B0,198.4,15.702010281779735
208.0,87,0.0,C1B1,215.70205284311314,201.6
208.0,88,8.472648145342994,A0B0,191.66075506617724,-1.6
208.0,89,0.0,B1A1,8.201071214730831,201.6
208.0,90,9.663358569373196,B0B1,201.6,25.287649349945227
208.0,91,11.22617719276254,C1B1,318.36411196924206,201.6
208.0,92,6.471374387948132,C0C1,401.6,10.720108201538155
208.0,93,10.821423025914505,C0B0,362.6002256344443,1.6
208.0,94,0.027765060848536242,A1B1,184.2958198906069,198.4
208.0,95,0.02382216721694206,B1A1,15.708678941853947,201.6
208.0,96,11.415005992584996,A2A1,-1.6,213.8629393423137
208.0,97,11.490459218461849,B1A1,39.57576116944978,201.6
208.0,98,13.651431608352166,B1C1,375.42368991066337,198.4
208.0,99,13.352839586668956,C2C1,398.4,343.08735811319843
209.0,100,13.209462424636268,C2C1,398.4,352.9382411621115
209.0,101,12.222709776027045,C1C0,398.4,113.75614678030774
209.0,103,12.716657147026062,B0C0,237.76126327829974,-1.6
209.0,104,12.416271,B0C0,212.29999999999998,-1.6
209.0,35,6.4890628520410365,C2B2,221.7970535927977,401.6
209.0,42,14.650577249349642,B2A2,82.44283327966703,401.6
209.0,45,0.0,B1B2,201.6,391.798996321877
209.0,53,14.176729877705212,B1A1,63.88705179154377,201.6
209.0,54,6.322234389721932,C2B2,264.29460456922106,401.6
209.0,55,13.24526121555228,B2B1,198.4,261.53799988990227
209.0,56,11.213057998912507,A1B1,136.47615841073514,198.4
209.0,57,15.5378128151631,B2B1,198.4,308.0156111686417
209.0,58,13.590774859520138,A2B2,89.90748734378742,398.4
209.0,60,0.0,C1B1,223.20305433950563,201.6
209.0,61,0.0,C1B1,230.7040813985824,201.6
209.0,63,4.9496749358684555,C2B2,249.93903310053813,401.6
209.0,64,9.529829509477839,B2C2,231.5804902864593,398.4
209.0,65,7.436530984166466,A0B0,17.53663395049579,-1.6
209.0,67,5.567017747919038,B1B0,198.4,183.01638095831507
209.0,68,13.853720357966983,C0C1,401.6,88.50441883268209
209.0,69,0.00031030526065859695,C1B1,238.20509551606708,201.6
209.0,71,13.109355264633656,C2C1,398.4,305.45708986858364
209.0,72,12.733342715894745,B2A2,146.93042665037748,401.6
209.0,73,10.033790776538247,C1C0,398.4,9.498257899398993
209.0,74,0.0,B1B0,198.4,8.201001014909252
209.0,75,0.0,C1B1,208.2010117593849,201.6
209.0,76,0.0,A1B1,191.79890969273006,198.4
209.0,77,8.414645348702994,B0B1,201.6,178.90389380685292
209.0,78,0.08760753537148212,B1B2,201.6,384.2198220476065
209.0,80,3.550496969282586,:B1_9,201.6,194.1012416261993
209.0,81,11.698854535005916,A1B1,116.0400335296718,198.4
209.0,82,13.916596120286346,B0B1,201.6,70.34478615791393
209.0,83,12.14711934855964,A1B1,80.67194409409583,198.4
209.0,84,11.192469297645873,A1A2,1.6,241.4226663259904
209.0,85,4.397264647983,C2B2,237.2198611073854,401.6
209.0,86,0.0,B1B0,198.4,15.702010281779735
209.0,87,0.0,C1B1,215.70205284311314,201.6
209.0,88,4.727765795882613,:B0_7,196.34723121429943,-1.0932526836715104
209.0,89,0.0,B1A1,8.201071214730831,201.6
209.0,90,12.09605282020737,B0B1,201.6,37.3837021701526
209.0,91,11.800547394346491,C1B1,306.56356457489557,201.6
209.0,92,8.788699088690162,C0C1,401.6,19.50880729022832
209.0,93,12.466393038831376,C0B0,350.13383259561294,1.6
209.0,94,0.001209953990632244,A1B1,184.29702984459755,198.4
209.0,95,0.005299997586025067,B1A1,15.70337894426791,201.6
209.0,96,6.983848467014395,:A1_1,-1.554683323860058,206.8827832670204
209.0,97,8.821692994948702,B1A1,30.75406817450107,201.6
209.0,98,9.309733429229796,B1C1,384.7334233398932,198.4
209.0,99,13.76518140569556,C2C1,398.4,329.3221767075029
210.0,100,13.796981858996745,C2C1,398.4,339.14125930311474
210.0,101,12.106936137153685,C1C0,398.4,101.64921064315406
210.0,102,2.548692052358439,B1B0,198.4,187.70000000000002
210.0,103,11.971941926894152,B0C0,249.7332052051939,-1.6
210.0,104,12.020788199564725,B0C0,224.32078819956473,-1.6
210.0,35,8.547248923965903,C2B2,213.2498046688318,401.6
210.0,42,14.011170977954368,B2A2,68.43166230171265,401.6
210.0,45,0.0,B1B2,201.6,391.798996321877
210.0,53,13.523975514496161,B1A1,50.36307627704761,201.6
210.0,54,5.023990543847199,C2B2,259.2706140253739,401.6
210.0,55,13.383625178498738,B2B1,198.4,248.15437471140356
210.0,56,11.27130563950176,A1B1,147.74746405023689,198.4
210.0,57,14.742330696595648,B2B1,198.4,293.27328047204605
210.0,58,13.77750975453248,A2B2,103.6849970983199,398.4
210.0,60,0.0,C1B1,223.20305433950563,201.6
210.0,61,0.0,C1B1,230.7040813985824,201.6
210.0,63,3.7942652283578684,C2B2,246.14476787218027,401.6
210.0,64,11.870462959716804,B2C2,243.4509532461761,398.4
210.0,65,8.744054483176598,A0B0,26.28068843367239,-1.6
210.0,67,7.646076157075316,B1B0,198.4,175.37030480123974
210.0,68,13.730862025031263,C0C1,401.6,102.23528085771338
210.0,69,0.0,C1B1,238.20509551606708,201.6
210.0,71,12.601417023862474,C2C1,398.4,292.8556728447212
210.0,72,12.368052447104768,B2A2,134.5623742032727,401.6
210.0,73,5.533790776538247,C1C0,398.4,3.9644671228607535
210.0,74,0.0,B1B0,198.4,8.201001014909252
210.0,75,0.0,C1B1,208.2010117593849,201.6
210.0,76,0.0,A1B1,191.79890969273006,198.4
210.0,77,5.730873959969457,B0B1,201.6,184.63476776682236
210.0,78,0.06288272786332387,B1B2,201.6,384.2827047754698
210.0,80,6.131620478377637,:B1_9,201.6,200.23286210457692
210.0,81,11.74256281845767,A1B1,127.78259634812947,198.4
210.0,82,12.85121109601351,B0B1,201.6,83.19599725392744
210.0,83,12.787428969743774,A1B1,93.4593730638396,198.4
210.0,84,13.548427491884938,A1A2,1.6,254.97109381787536
210.0,85,5.732626316520371,C2B2,231.48723479086505,401.6
210.0,86,0.0,B1B0,198.4,15.702010281779735
210.0,87,0.0,C1B1,215.70205284311314,201.6
210.0,88,7.096716474896118,:B0_11,201.10302553461622,3.7211787423135494
210.0,89,0.0,B1A1,8.201071214730831,201.6
210.0,90,12.915703723934024,B0B1,201.6,50.299405894086625
210.0,91,11.730097909578168,C1B1,294.83346666531736,201.6
210.0,92,10.14580133732158,C0C1,401.6,29.654608627549905
210.0,93,12.242652094122679,C0B0,337.8911805014903,1.6
210.0,94,0.0007306779548115095,A1B1,184.29776052255235,198.4
210.0,95,0.0008431406376609697,B1A1,15.70253580363024,201.6
210.0,96,7.2433803682548925,:A1_9,0.9957978255676729,200.3625213046594
210.0,97,5.785218541628545,B1A1,24.96884963287252,201.6
210.0,98,5.08733914556678,B1C1,389.8207624854599,198.4
210.0,99,12.99022749106843,C2C1,398.4,316.3319492164345
211.0,100,13.442313729412664,C2C1,398.4,325.6989455737021
211.0,101,12.698326650689275,C1C0,398.4,88.95088399246478
211.0,102,4.940997877753017,B1B0,198.4,182.75900212224698
211.0,103,12.737931174906343,B0C0,262.47113638010023,-1.6
211.0,104,11.6710504083599,B0C0,235.99183860792462,-1.6
211.0,105,13.180902234077916,A2B2,8.3,398.4
211.0,42,14.197468143440398,B2A2,54.23419415827226,401.6
211.0,45,0.0,B1B2,201.6,391.798996321877
211.0,53,9.745469885991207,B1A1,40.6176063910564,201.6
211.0,54,4.708068209886325,C2B2,254.56254581548757,401.6
211.0,55,13.068515190103614,B2B1,198.4,235.08585952129994
211.0,56,11.500310120587336,A1B1,159.24777417082421,198.4
211.0,57,15.562022957623752,B2B1,198.4,277.7112575144223
211.0,58,13.180902234077916,A2B2,116.86589933239782,398.4
211.0,60,0.0,C1B1,223.20305433950563,201.6
211.0,61,0.0,C1B1,230.7040813985824,201.6
211.0,63,6.0239701321225185,C2B2,240.12079774005775,401.6
211.0,64,11.786623580677935,B2C2,255.23757682685405,398.4
211.0,65,10.473862975017555,A0B0,36.75455140868995,-1.6
211.0,67,9.50729378651917,B1B0,198.4,165.86301101472057
211.0,68,13.414863776345179,C0C1,401.6,115.65014463405855
211.0,69,0.0,C1B1,238.20509551606708,201.6
211.0,71,12.535944230329939,C2C1,398.4,280.31972861439124
211.0,72,13.005937778956199,B2A2,121.5564364243165,401.6
211.0,73,4.034013246654086,C0B0,396.1104538762067,1.6
211.0,74,0.0,B1B0,198.4,8.201001014909252
211.0,75,0.0,C1B1,208.2010117593849,201.6
211.0,76,0.0,A1B1,191.79890969273006,198.4
211.0,77,6.338468434242361,B0B1,201.6,190.97323620106474
211.0,78,0.011049057661039741,B1B2,201.6,384.29375383313084
211.0,80,7.9364331272933235,B1B2,201.6,208.16929523187025
211.0,81,11.267405417963777,A1B1,139.05000176609323,198.4
211.0,82,14.071811295526647,B0B1,201.6,97.26780854945409
211.0,83,12.7753861359955,A1B1,106.23475919983512,198.4
211.0,84,15.53086076398027,A1A2,1.6,270.5019545818556
211.0,85,8.179112811257117,C2B2,223.30812197960793,401.6
211.0,86,0.0,B1B0,198.4,15.702010281779735
211.0,87,0.0,C1B1,215.70205284311314,201.6
211.0,88,7.666175588689001,B0B1,201.6,11.35141292564497
211.0,89,0.0,B1A1,8.201071214730831,201.6
211.0,90,12.920512857665784,B0B1,201.6,63.21991875175242
211.0,91,12.012380663053177,C1B1,282.8210860022642,201.6
211.0,92,10.43567418133942,C0C1,401.6,40.09028280888933
211.0,93,11.826775561380856,C0B0,326.0644049401094,1.6
211.0,94,0.0,A1B1,184.29776052255235,198.4
211.0,95,0.000297874861327707,B1A1,15.70223792876891,201.6
211.0,96,7.2730080130610615,A1B1,7.83729750601663,198.4
211.0,97,1.6427657100011313,B1A1,23.32608392287139,201.6
211.0,98,1.1351155113843374,B1C1,390.95587799684426,198.4
211.0,99,13.192202410646953,C2C1,398.4,303.1397468057875
212.0,100,13.47747453278528,C2C1,398.4,312.2214710409168
212.0,101,12.225470929857261,C1C0,398.4,76.72541306260752
212.0,102,6.766697947041741,B1B0,198.4,175.99230417520525
212.0,103,12.928986358461344,B0C0,275.4001227385616,-1.6
212.0,104,11.64891292994684,B0C0,247.64075153787147,-1.6
212.0,105,14.669684371990778,A2B2,22.96968437199078,398.4
212.0,42,14.036173569219732,B2A2,40.19802058905253,401.6
212.0,45,0.0,B1B2,201.6,391.798996321877
212.0,53,5.968775934307814,B1A1,34.648830456748584,201.6
212.0,54,5.711179871192785,C2B2,248.85136594429477,401.6
212.0,55,13.039858049753644,B2B1,198.4,222.0460014715463
212.0,56,10.32701347130527,A1B1,169.57478764212948,198.4
212.0,57,15.127018068636582,B2B1,198.4,262.5842394457857
212.0,58,13.540082238111177,A2B2,130.40598157050903,398.4
212.0,60,0.0,C1B1,223.20305433950563,201.6
212.0,61,0.0,C1B1,230.7040813985824,201.6
212.0,63,8.197622832946251,C2B2,231.9231749071115,401.6
212.0,64,13.014483292138705,B2C2,268.25206011899274,398.4
212.0,65,11.323975098475934,A0B0,48.07852650716588,-1.6
212.0,67,11.802212055414879,B1B0,198.4,154.0607989593057
212.0,68,13.374608198599331,C0C1,401.6,129.02475283265787
212.0,69,0.0,C1B1,238.20509551606708,201.6
212.0,71,13.353085613145256,C2C1,398.4,266.966643001246
212.0,72,12.806630402856447,B2A2,108.74980602146006,401.6
212.0,73,5.9090504804416755,C0B0,390.201403395765,1.6
212.0,74,0.0,B1B0,198.4,8.201001014909252
212.0,75,0.0,C1B1,208.2010117593849,201.6
212.0,76,0.0,A1B1,191.79890969273006,198.4
212.0,77,8.290737584153547,:B1_9,201.6,199.26397378521827
212.0,78,0.003768555095159641,B1B2,201.6,384.29752238822596
212.0,80,10.41686565999776,B1B2,201.6,218.58616089186802
212.0,81,10.631971152401194,A1B1,149.68197291849444,198.4
212.0,82,12.97195595155245,B0B1,201.6,110.23976450100653
212.0,83,12.91986936691042,A1B1,119.15462856674554,198.4
212.0,84,15.828872160153658,A1A2,1.6,286.33082674200926
212.0,85,10.28600098058673,C2B2,213.0221209990212,401.6
212.0,86,0.0,B1B0,198.4,15.702010281779735
212.0,87,0.0,C1B1,215.70205284311314,201.6
212.0,88,9.869469873028063,B0B1,201.6,21.220882798673035
212.0,89,0.0,B1A1,8.201071214730831,201.6
212.0,90,12.952510638144343,B0B1,201.6,76.17242938989676
212.0,91,11.350834409174555,C1B1,271.4702515930897,201.6
212.0,92,11.450108983685352,C0C1,401.6,51.54039179257468
212.0,93,12.098088889443972,C0B0,313.96631605066545,1.6
212.0,94,0.0,A1B1,184.29776052255235,198.4
212.0,95,0.00014820497871733144,B1A1,15.70208972379018,201.6
212.0,96,8.641224708581158,A1B1,16.47852221459779,198.4
212.0,97,0.11123280938272326,B1A1,23.214851113488663,201.6
212.0,98,0.777566344584294,B1C1,391.7334443414286,198.4
212.0,99,12.813913678344495,C2C1,398.4,290.32583312744305
213.0,100,12.383906880901574,C2C1,398.4,299.83756416001523
213.0,101,12.190456807691522,C1C0,398.4,64.53495625491598
213.0,102,8.676458529069698,B1B0,198.4,167.31584564613556
213.0,103,12.325339182704129,B0C0,287.7254619212657,-1.6
213.0,104,11.580104335228265,B0C0,259.2208558730997,-1.6
213.0,105,14.493955518780902,A2B2,37.46363989077169,398.4
213.0,106,0.7258076811224057,B1A1,187.70000000000002,201.6
213.0,42,14.197152282502117,B2A2,26.000868306550416,401.6
213.0,45,0.0,B1B2,201.6,391.798996321877
213.0,53,2.8973287843505195,B1A1,31.751501672398064,201.6
213.0,54,7.454700673428947,C2B2,241.3966652708658,401.6
213.0,55,9.70551635219533,B2B1,198.4,212.34048511935097
213.0,56,5.8270134713052695,A1B1,175.40180111343474,198.4
213.0,57,14.870979093223626,B2B1,198.4,247.7132603525621
213.0,58,14.145593828134702,A2B2,144.5515753986437,398.4
213.0,60,0.0,C1B1,223.20305433950563,201.6
213.0,61,0.0,C1B1,230.7040813985824,201.6
213.0,63,9.464266044178718,C2B2,222.4589088629328,401.6
213.0,64,12.972624794317909,B2C2,281.2246849133107,398.4
213.0,65,11.17189715888177,A0B0,59.25042366604766,-1.6
213.0,67,11.752209477736853,B1B0,198.4,142.30858948156884
213.0,68,13.44165166106485,C0C1,401.6,142.4664044937227
213.0,69,0.0,C1B1,238.20509551606708,201.6
213.0,71,13.21089906810014,C2C1,398.4,253.75574393314585
213.0,72,13.020607277105503,B2A2,95.72919874435455,401.6
213.0,73,7.612957207907477,C0B0,382.5884461878575,1.6
213.0,74,0.0,B1B0,198.4,8.201001014909252
213.0,75,0.0,C1B1,208.2010117593849,201.6
213.0,76,0.0,A1B1,191.79890969273006,198.4
213.0,77,10.770490486942334,B1B2,201.6,210.0344642721606
213.0,78,0.00031430624780790856,B1B2,201.6,384.2978366944738
213.0,80,12.824774468135049,B1B2,201.6,231.41093536000307
213.0,81,10.529055940493237,A1B1,160.21102885898767,198.4
213.0,82,13.090035891525991,B0B1,201.6,123.32980039253253
213.0,83,12.594472033640482,A1B1,131.74910060038602,198.4
213.0,84,15.043472530326069,A1A2,1.6,301.37429927233535
213.0,85,6.52893607436854,:B2_1,206.5013175638694,401.50018822340996
213.0,86,0.0,B1B0,198.4,15.702010281779735
213.0,87,0.0,C1B1,215.70205284311314,201.6
213.0,88,11.540431799579599,B0B1,201.6,32.76131459825264
213.0,89,0.0,B1A1,8.201071214730831,201.6
213.0,90,14.056341891531376,B0B1,201.6,90.22877128142814
213.0,91,12.178482738653242,C1B1,259.29176885443644,201.6
213.0,92,11.136940809330993,C0C1,401.6,62.67733260190568
213.0,93,12.658439523974158,C0B0,301.3078765266913,1.6
213.0,94,0.00014705056372233105,A1B1,184.29790757311608,198.4
213.0,95,0.0,B1A1,15.70208972379018,201.6
213.0,96,11.07256710833013,A1B1,27.551089322927922,198.4
213.0,97,0.005901940139103239,B1A1,23.208949173349566,201.6
213.0,98,0.04971649556266183,B1C1,391.7831608369912,198.4
213.0,99,13.814331859493414,C2C1,398.4,276.5115012679496
214.0,100,13.24623375199795,C2C1,398.4,286.59133040801726
214.0,101,12.152093123606324,C1C0,398.4,52.38286313130965
214.0,102,10.117696951016462,B1B0,198.4,157.19814869511907
214.0,103,12.256834640778044,B0C0,299.98229656204376,-1.6
214.0,104,11.807036269100665,B0C0,271.0278921422004,-1.6
214.0,105,14.637284065467,A2B2,52.10092395623869,398.4
214.0,106,3.0873966008206666,B1A1,184.61260339917933,201.6
214.0,42,13.170961703201405,B2A2,12.829906603349002,401.6
214.0,45,0.0,B1B2,201.6,391.798996321877
214.0,53,0.9861327325216072,B1A1,30.765368939876453,201.6
214.0,54,9.44368011000252,C2B2,231.95298516086328,401.6
214.0,55,5.848813746327571,:B1_0,198.29981152121618,206.49868064851327
214.0,56,1.3270134713052695,A1B1,176.72881458474,198.4
214.0,57,14.541140891043986,B2B1,198.4,233.1721194615181
214.0,58,13.263834712639914,A2B2,157.81541011128363,398.4
214.0,60,0.0,C1B1,223.20305433950563,201.6
214.0,61,0.0,C1B1,230.7040813985824,201.6
214.0,63,6.650402296528796,C2B2,215.808506566404,401.6
214.0,64,12.302392347081133,B2C2,293.5270772603918,398.4
214.0,65,12.008357313525051,A0B0,71.2587809795727,-1.6
214.0,67,12.556934927897766,B1B0,198.4,129.75165455367107
214.0,68,13.823576807486267,C0C1,401.6,156.28998130120897
214.0,69,0.0,C1B1,238.20509551606708,201.6
214.0,71,12.886592527583003,C2C1,398.4,240.86915140556286
214.0,72,12.274406040023953,B2A2,83.45479270433059,401.6
214.0,73,9.748368319941239,C0B0,372.8400778679163,1.6
214.0,74,0.0,B1B0,198.4,8.201001014909252
214.0,75,0.0,C1B1,208.2010117593849,201.6
214.0,76,0.0,A1B1,191.79890969273006,198.4
214.0,77,12.3435525721489,B1B2,201.6,222.37801684430949
214.0,78,0.00013439094757641059,B1B2,201.6,384.2979710854214
214.0,80,13.409019826543444,B1B2,201.6,244.8199551865465
214.0,81,6.029055940493237,A1B1,166.2400847994809,198.4
214.0,82,13.375811191967301,B0B1,201.6,136.70561158449982
214.0,83,13.338720313220398,A1B1,145.0878209136064,198.4
214.0,84,14.92462582877484,A1A2,1.6,316.29892510111017
214.0,85,6.6406263682598246,:B2_9,200.47406894535024,399.19011490891705
214.0,86,0.0,B1B0,198.4,15.702010281779735
214.0,87,0.0,C1B1,215.70205284311314,201.6
214.0,88,13.43358410201134,B0B1,201.6,46.19489870026398
214.0,89,0.0,B1A1,8.201071214730831,201.6
214.0,90,13.64508659069474,B0B1,201.6,103.8738578721229
214.0,91,8.096420585925658,C1B1,251.19534826851077,201.6
214.0,92,10.949915596531794,C0C1,401.6,73.62724819843747
214.0,93,11.537623730246635,C0B0,289.77025279644465,1.6
214.0,94,0.0,A1B1,184.29790757311608,198.4
214.0,95,0.0,B1A1,15.70208972379018,201.6
214.0,96,12.60275030036997,A1B1,40.1538396232979,198.4
214.0,97,0.004246565515794845,B1A1,23.20470260783378,201.6
214.0,98,0.011241695528221572,B1C1,391.7944025325194,198.4
214.0,99,13.503010635956432,C2C1,398.4,263.00849063199314
215.0,100,13.41769347163235,C2C1,398.4,273.1736369363849
215.0,101,13.169488584537909,C1C0,398.4,39.213374546771746
215.0,102,11.456461611426114,B1B0,198.4,145.74168708369297
215.0,103,11.983634907850437,B0C0,311.9659314698942,-1.6
215.0,104,12.032510991760812,B0C0,283.0604031339612,-1.6
215.0,105,14.433082734756798,A2B2,66.5340066909955,398.4
215.0,106,4.708938432835585,B1A1,179.90366496634377,201.6
215.0,107,7.524002506247856,C2B2,391.7,401.6
215.0,42,9.364517839001133,B2A2,3.465388764347864,401.6
215.0,45,0.0,B1B2,201.6,391.798996321877
215.0,53,0.05902629388534898,B1A1,30.7063426459911,201.6
215.0,54,7.524002506247856,C2B2,224.42898265461542,401.6
215.0,55,6.410927388903722,:B1_0,194.69183619123197,201.87026231303312
215.0,56,0.06557559713457702,A1B1,176.79439018187458,198.4
215.0,57,11.061058582248059,B2B1,198.4,222.11106087927004
215.0,58,13.584907865509853,A2B2,171.40031797679347,398.4
215.0,60,0.0,C1B1,223.20305433950563,201.6
215.0,61,0.0,C1B1,230.7040813985824,201.6
215.0,64,12.199727232259267,B2C2,305.72680449265107,398.4
215.0,65,11.748048339824312,A0B0,83.00682931939701,-1.6
215.0,67,12.125943790870027,B1B0,198.4,117.62571076280105
215.0,68,13.460883691813239,C0C1,401.6,169.75086499302222
215.0,69,0.0,C1B1,238.20509551606708,201.6
215.0,71,13.436994053480909,C2C1,398.4,227.43215735208196
215.0,72,12.92542416328279,B2A2,70.52936854104782,401.6
215.0,73,11.116928225641624,C0B0,361.7231496422747,1.6
215.0,74,0.0,B1B0,198.4,8.201001014909252
215.0,75,0.0,C1B1,208.2010117593849,201.6
215.0,76,0.0,A1B1,191.79890969273006,198.4
215.0,77,12.770016110599958,B1B2,201.6,235.14803295490944
215.0,78,0.0,B1B2,201.6,384.2979710854214
215.0,80,13.319816094478519,B1B2,201.6,258.13977128102505
215.0,81,2.066197511011949,A1B1,168.30628231049286,198.4
215.0,82,13.429129649039902,B0B1,201.6,150.13474123353973
215.0,83,9.115710808179175,A1B1,154.2035317217856,198.4
215.0,84,15.748793099500434,A1A2,1.6,332.04771820061063
215.0,85,7.055327635451965,B2B1,198.4,392.5972309209409
215.0,86,0.0,B1B0,198.4,15.702010281779735
215.0,87,0.0,C1B1,215.70205284311314,201.6
215.0,88,13.31566874662047,B0B1,201.6,59.51056744688445
215.0,89,0.0,B1A1,8.201071214730831,201.6
215.0,90,13.649188960954092,B0B1,201.6,117.52304683307699
215.0,91,4.353119504943449,C1B1,246.84222876356733,201.6
215.0,92,11.570997396638706,C0C1,401.6,85.19824559507617
215.0,93,11.514314314551376,C0B0,278.2559384818933,1.6
215.0,94,0.0,A1B1,184.29790757311608,198.4
215.0,95,0.0,B1A1,15.70208972379018,201.6
215.0,96,13.227933016368247,A1B1,53.381772639666146,198.4
215.0,97,0.0014478159151288597,B1A1,23.203254791918653,201.6
215.0,98,0.0033366452522854834,B1C1,391.79773917777175,198.4
215.0,99,13.000278136659261,C2C1,398.4,250.0082124953339
216.0,100,13.14770532883051,C2C1,398.4,260.0259316075544
216.0,101,12.728434024270541,C1C0,398.4,26.484940522501205
216.0,102,13.243223711280665,B1B0,198.4,132.4984633724123
216.0,103,12.697100054477716,B0C0,324.66303152437195,-1.6
216.0,104,11.434787445346176,B0C0,294.4951905793074,-1.6
216.0,105,13.794648225452447,A2B2,80.32865491644795,398.4
216.0,106,6.073150376883879,B1A1,173.83051458945988,201.6
216.0,107,9.360154324596882,C2B2,382.3398456754031,401.6
216.0,42,6.48953513369304,:A2_0,-1.3855923599156545,398.30085348059043
216.0,45,0.0,B1B2,201.6,391.798996321877
216.0,53,0.00143335196534411,B1A1,30.704909294025754,201.6
216.0,54,9.302887976881252,C2B2,215.1260946777342,401.6
216.0,55,5.6120072846354105,B1A1,189.09873669948428,201.6
216.0,56,0.0018751548923637141,A1B1,176.79626533676694,198.4
216.0,57,8.998365151626334,B2B1,198.4,213.1126957276437
216.0,58,11.764717272560949,A2B2,183.16503524935442,398.4
216.0,60,0.0,C1B1,223.20305433950563,201.6
216.0,61,0.0,C1B1,230.7040813985824,201.6
216.0,64,12.999451840057539,B2C2,318.72625633270866,398.4
216.0,65,12.25468131102913,A0B0,95.26151063042614,-1.6
216.0,67,11.764842336490057,B1B0,198.4,105.86086842631099
216.0,68,13.662257732846216,C0C1,401.6,183.41312272586845
216.0,69,0.0,C1B1,238.20509551606708,201.6
216.0,71,13.09608400900545,C2C1,398.4,214.33607334307652
216.0,72,12.358284920646751,B2A2,58.17108362040108,401.6
216.0,73,12.704400718819835,C0B0,349.01874892345484,1.6
216.0,74,0.0,B1B0,198.4,8.201001014909252
216.0,75,0.0,C1B1,208.2010117593849,201.6
216.0,76,0.0,A1B1,191.79890969273006,198.4
216.0,77,13.376843173224463,B1B2,201.6,248.5248761281339
216.0,78,0.0,B1B2,201.6,384.2979710854214
216.0,80,13.447207359136009,B1B2,201.6,271.586978640161
216.0,81,0.5984296137178564,A1B1,168.90471192421072,198.4
216.0,82,13.294638189782933,B0B1,201.6,163.42937942332267
216.0,83,4.958234782708629,A1B1,159.1617665044942,198.4
216.0,84,15.529213410202608,A1A2,1.6,347.57693161081323
216.0,85,9.44061605644673,B2B1,198.4,383.15661486449414
216.0,86,0.0,B1B0,198.4,15.702010281779735
216.0,87,0.0,C1B1,215.70205284311314,201.6
216.0,88,13.665764236078651,B0B1,201.6,73.17633168296311
216.0,89,0.0,B1A1,8.201071214730831,201.6
216.0,90,13.291082634339585,B0B1,201.6,130.81412946741656
216.0,91,0.8947783439440908,C1B1,245.94745041962324,201.6
216.0,92,11.28583725755205,C0C1,401.6,96.48408285262822
216.0,93,12.365319706677184,C0B0,265.8906187752161,1.6
216.0,94,0.0,A1B1,184.29790757311608,198.4
216.0,95,0.0,B1A1,15.70208972379018,201.6
216.0,96,13.894767950843148,A1B1,67.2765405905093,198.4
216.0,97,0.0001560814937465933,B1A1,23.20309871042491,201.6
216.0,98,0.0009709163330590663,B1C1,391.79871009410476,198.4
216.0,99,13.85426505944678,C2C1,398.4,236.15394743588712
217.0,100,13.60196205447212,C2C1,398.4,246.4239695530823
217.0,101,11.607957032561414,C1C0,398.4,14.87698348993979
217.0,102,12.826734826961115,B1B0,198.4,119.67172854545119
217.0,103,12.684079458010757,B0C0,337.3471109823827,-1.6
217.0,104,11.775685332080633,B0C0,306.27087591138803,-1.6
217.0,105,13.76146791722688,A2B2,94.09012283367483,398.4
217.0,106,7.402220644034989,B1A1,166.42829394542488,201.6
217.0,107,11.951721649816394,C2B2,370.3881240255867,401.6
217.0,108,0.00015046894016507067,B1C1,212.29999999999998,198.4
217.0,42,6.341010122968488,A2A1,-1.6,391.9748435076864
217.0,45,0.0,B1B2,201.6,391.798996321877
217.0,53,0.0006105318690173915,B1A1,30.704298762156725,201.6
217.0,55,6.44985183779258,B1A1,182.6488848616917,201.6
217.0,56,0.00048256017937390444,A1B1,176.7967478969463,198.4
217.0,57,5.9416059088721775,:B1_2,198.40408250566605,207.17142246033765
217.0,58,8.993337260846891,A2B2,192.1583725102013,398.4
217.0,60,0.0,C1B1,223.20305433950563,201.6
217.0,61,0.0,C1B1,230.7040813985824,201.6
217.0,64,12.099745098751539,B2C2,330.82600143146016,398.4
217.0,65,12.03740385239304,A0B0,107.2989144828192,-1.6
217.0,67,12.15024212697079,B1B0,198.4,93.71062629934018
217.0,69,0.0,C1B1,238.20509551606708,201.6
217.0,71,12.973558489802986,:C1_1,398.4,201.36251485327352
217.0,72,12.550285435381287,B2A2,45.620798185019794,401.6
217.0,73,14.371033509573483,C0B0,334.6477154138813,1.6
217.0,74,0.0,B1B0,198.4,8.201001014909252
217.0,75,0.0,C1B1,208.2010117593849,201.6
217.0,76,0.0,A1B1,191.79890969273006,198.4
217.0,77,12.603220523758777,B1B2,201.6,261.1280966518927
217.0,78,0.0,B1B2,201.6,384.2979710854214
217.0,80,14.357231797445491,B1B2,201.6,285.94421043760656
217.0,81,0.3411679549148967,A1B1,169.24587987912562,198.4
217.0,82,12.941841645392202,B0B1,201.6,176.37122106871487
217.0,83,1.3992396686391297,A1B1,160.56100617313334,198.4
217.0,84,15.65323959454541,A1A2,1.6,363.2301712053586
217.0,85,10.767947202439233,B2B1,198.4,372.38866766205496
217.0,86,0.0,B1B0,198.4,15.702010281779735
217.0,87,0.0,C1B1,215.70205284311314,201.6
217.0,88,13.942802196625674,B0B1,201.6,87.11913387958879
217.0,89,0.0,B1A1,8.201071214730831,201.6
217.0,90,13.311514019412465,B0B1,201.6,144.12564348682903
217.0,91,0.23696921866638446,C1B1,245.71048120095685,201.6
217.0,92,10.823134400338024,C0C1,401.6,107.30721725296624
217.0,93,12.636087540295632,C0B0,253.25453123492048,1.6
217.0,94,0.0,A1B1,184.29790757311608,198.4
217.0,95,0.0,B1A1,15.70208972379018,201.6
217.0,96,13.504713033763752,A1B1,80.78125362427305,198.4
217.0,97,0.0,B1A1,23.20309871042491,201.6
217.0,98,0.00015046894016507067,B1C1,391.79886056304497,198.4
217.0,99,12.234620165258246,C2C1,398.4,223.91932727062888
218.0,100,12.416414624099675,C2C1,398.4,234.00755492898261
218.0,101,7.249461817304716,C1C0,398.4,7.627521672635083
218.0,102,12.208929940164603,B1B0,198.4,107.46279860528658
218.0,103,12.319898937298358,B0C0,349.66700991968105,-1.6
218.0,104,12.415929610438928,B0C0,318.68680552182695,-1.6
218.0,105,14.893891561693207,A2B2,108.98401439536805,398.4
218.0,106,8.813232331514902,B1A1,157.61506161390997,201.6
218.0,107,14.2105968428123,C2B2,356.17752718277444,401.6
218.0,108,1.7671016528683419,B1C1,214.06710165286833,198.4
218.0,42,8.635818406183876,A2A1,-1.6,383.3390251015025
218.0,45,0.0,B1B2,201.6,391.798996321877
218.0,53,0.00019987564097996582,B1A1,30.704098886515737,201.6
218.0,55,7.585473886152143,B1A1,175.06341097553957,201.6
218.0,56,0.0,A1B1,176.7967478969463,198.4
218.0,57,7.917656994099523,:B1_16,201.32354017545686,200.16587589472587
218.0,58,5.713589157897108,:B2_6,197.28659927896885,396.5223345350519
218.0,60,0.0,C1B1,223.20305433950563,201.6
218.0,61,0.0,C1B1,230.7040813985824,201.6
218.0,64,12.694892623036669,B2C2,343.5208940544968,398.4
218.0,65,12.032428669108198,A0B0,119.3313431519274,-1.6
218.0,67,12.5064173807439,B1B0,198.4,81.20420891859628
218.0,69,0.0,C1B1,238.20509551606708,201.6
218.0,71,12.539272026542337,C1C0,398.4,188.82324282673122
218.0,72,12.68850299057731,B2A2,32.932295194442474,401.6
218.0,73,13.4056772965794,C0B0,321.24203811730195,1.6
218.0,74,0.0,B1B0,198.4,8.201001014909252
218.0,75,0.0,C1B1,208.2010117593849,201.6
218.0,76,0.0,A1B1,191.79890969273006,198.4
218.0,77,12.496549864746616,B1B2,201.6,273.6246465166393
218.0,78,0.0,B1B2,201.6,384.2979710854214
218.0,80,13.435971348457896,B1B2,201.6,299.38018178606444
218.0,81,0.039376284342762545,A1B1,169.28525616346838,198.4
218.0,82,10.329653994429195,B0B1,201.6,186.70087506314408
218.0,83,0.7557735385448406,A1B1,161.31677971167818,198.4
218.0,84,14.837643203727163,A1A2,1.6,378.0678144090858
218.0,85,12.439205328149534,B2B1,198.4,359.9494623339054
218.0,86,0.0,B1B0,198.4,15.702010281779735
218.0,87,0.0,C1B1,215.70205284311314,201.6
218.0,88,12.845267678751664,B0B1,201.6,99.96440155834046
218.0,89,0.0,B1A1,8.201071214730831,201.6
218.0,90,14.107627397664368,B0B1,201.6,158.2332708844934
218.0,91,0.004002424262250319,C1B1,245.7064787766946,201.6
218.0,92,10.369172108374626,C0C1,401.6,117.67638936134088
218.0,93,11.713172651492716,C0B0,241.54135858342775,1.6
218.0,94,0.0,A1B1,184.29790757311608,198.4
218.0,95,0.0,B1A1,15.70208972379018,201.6
218.0,96,12.958554710210361,A1B1,93.73980833448341,198.4
218.0,97,0.0,B1A1,23.20309871042491,201.6
218.0,98,0.0,B1C1,391.79886056304497,198.4
218.0,99,12.850883963875585,C2C1,398.4,211.0684433067533
219.0,100,12.419752485041505,C2C1,398.4,221.58780244394111
219.0,101,3.4051805227526812,C1C0,398.4,4.222341149882396
219.0,102,13.149093398745686,B1B0,198.4,94.31370520654087
219.0,103,12.5041955957938,B0C0,362.1712055154748,-1.6
219.0,104,11.238025894219339,B0C0,329.9248314160463,-1.6
219.0,105,13.805018646862052,A2B2,122.7890330422301,398.4
219.0,106,10.146246775730125,B1A1,147.46881483817987,201.6
219.0,107,13.90266151824493,C2B2,342.2748656645295,401.6
219.0,108,4.293471071421419,B1C1,218.36057272428974,198.4
219.0,109,13.328844,A1A2,1.6,212.29999999999998
219.0,42,9.993625082507402,A2A1,-1.6,373.34540001899506
219.0,45,0.0,B1B2,201.6,391.798996321877
219.0,53,0.0,B1A1,30.704098886515737,201.6
219.0,55,8.797182693494781,B1A1,166.26622828204478,201.6
219.0,56,0.0001105061249412577,A1B1,176.79685840307124,198.4
219.0,57,4.775799397632979,:B1_16,205.7374766179519,198.60893191172116
219.0,58,5.428925577492513,B2B1,198.4,391.3291127544091
219.0,60,0.0,C1B1,223.20305433950563,201.6
219.0,61,0.0,C1B1,230.7040813985824,201.6
219.0,64,12.844995165354142,B2C2,356.36588921985094,398.4
219.0,65,12.080579091346012,A0B0,131.4119222432734,-1.6
219.0,67,11.455355250188388,B1B0,198.4,69.74885366840788
219.0,69,0.0,C1B1,238.20509551606708,201.6
219.0,71,13.465994301100023,C1C0,398.4,175.35724852563118
219.0,72,12.50824285010522,B2A2,20.42405234433724,401.6
219.0,73,13.675777997504504,C0B0,307.56626011979745,1.6
219.0,74,0.0,B1B0,198.4,8.201001014909252
219.0,75,0.0,C1B1,208.2010117593849,201.6
219.0,76,0.0,A1B1,191.79890969273006,198.4
219.0,77,13.217367732971892,B1B2,201.6,286.8420142496112
219.0,78,0.0,B1B2,201.6,384.2979710854214
219.0,80,14.14743709075723,B1B2,201.6,313.5276188768217
219.0,81,0.008501324857341733,A1B1,169.29375748832572,198.4
219.0,82,6.627799929985577,:B1_10,201.5253439942872,193.3225920399896
219.0,83,0.27713813726021513,A1B1,161.5939178489384,198.4
219.0,84,15.886308262223572,A1A2,1.6,393.9541226713094
219.0,85,13.550206869275145,B2B1,198.4,346.39925546463024
219.0,86,0.0,B1B0,198.4,15.702010281779735
219.0,87,0.0,C1B1,215.70205284311314,201.6
219.0,88,13.256956601143868,B0B1,201.6,113.22135815948434
219.0,89,0.0,B1A1,8.201071214730831,201.6
219.0,90,12.71817930950899,B0B1,201.6,170.9514501940024
219.0,91,0.0002521230704610382,C1B1,245.70622665362416,201.6
219.0,92,11.23734729058677,C0C1,401.6,128.91373665192765
219.0,93,12.491316644582623,C0B0,229.05004193884514,1.6
219.0,94,0.0,A1B1,184.29790757311608,198.4
219.0,95,0.0,B1A1,15.70208972379018,201.6
219.0,96,13.039816490206928,A1B1,106.77962482469037,198.4
219.0,97,0.0,B1A1,23.20309871042491,201.6
219.0,98,0.00012571167965989824,B1C1,391.7989862747246,198.4
219.0,99,12.992778540011216,:C1_1,398.4,198.07566476674208
220.0,100,8.29657211348368,C2C1,398.4,213.29123033045744
220.0,101,3.266059577773437,:C0_0,397.13295389327277,1.6475648418961082
220.0,102,12.10243984519213,B1B0,198.4,82.21126536134875
220.0,103,13.17828683744222,B0C0,375.349492352917,-1.6
220.0,104,12.018920810863658,B0C0,341.94375222690996,-1.6
220.0,105,14.057494967696883,A2B2,136.84652800992697,398.4
220.0,106,12.695282232204065,B1A1,134.7735326059758,201.6
220.0,107,14.070183120812215,C2B2,328.20468254371724,401.6
220.0,108,5.981056627113623,B1C1,224.34162935140338,198.4
220.0,109,12.103117034534417,A1A2,1.6,224.4031170345344
220.0,42,11.356177357643514,A2A1,-1.6,361.98922266135156
220.0,45,0.0,B1B2,201.6,391.798996321877
220.0,53,0.0,B1A1,30.704098886515737,201.6
220.0,55,9.294584348526723,B1A1,156.97164393351804,201.6
220.0,56,0.0,A1B1,176.79685840307124,198.4
220.0,57,4.360036020605721,B1C1,210.08240259356668,198.4
220.0,58,7.468875782808349,B2B1,198.4,383.8602369716007
220.0,60,0.0,C1B1,223.20305433950563,201.6
220.0,61,0.0,C1B1,230.7040813985824,201.6
220.0,64,12.500034919607954,B2C2,368.8659241394589,398.4
220.0,65,11.768947981198439,A0B0,143.18087022447185,-1.6
220.0,67,12.223272959823028,B1B0,198.4,57.52558070858487
220.0,69,0.0,C1B1,238.20509551606708,201.6
220.0,71,12.63793135170056,C1C0,398.4,162.71931717393062
220.0,72,9.709650431308038,B2A2,10.714401913029207,401.6
220.0,73,14.117752792555423,C0B0,293.448507327242,1.6
220.0,74,0.0,B1B0,198.4,8.201001014909252
220.0,75,0.0,C1B1,208.2010117593849,201.6
220.0,76,0.0,A1B1,191.79890969273006,198.4
220.0,77,13.5369297516113,B1B2,201.6,300.3789440012225
220.0,78,0.0,B1B2,201.6,384.2979710854214
220.0,80,13.366953307767325,B1B2,201.6,326.894572184589
220.0,81,0.001375659272145625,A1B1,169.29513314759788,198.4
220.0,82,6.979939085575565,:B1_20,199.05193499258752,199.6088390044475
220.0,83,0.12351088674305759,A1B1,161.71742873568144,198.4
220.0,85,12.793907451017596,B2B1,198.4,333.6053480136126
220.0,86,0.0,B1B0,198.4,15.702010281779735
220.0,87,0.0,C1B1,215.70205284311314,201.6
220.0,88,12.988306763326802,B0B1,201.6,126.20966492281114
220.0,89,0.0,B1A1,8.201071214730831,201.6
220.0,90,8.989152698010427,B0B1,201.6,179.94060289201283
220.0,91,0.0,C1B1,245.70622665362416,201.6
220.0,92,10.29523655065903,C0C1,401.6,139.20897320258666
220.0,93,11.843294116729595,C0B0,217.20674782211555,1.6
220.0,94,0.0,A1B1,184.29790757311608,198.4
220.0,95,0.0,B1A1,15.70208972379018,201.6
220.0,96,13.505591051066354,A1B1,120.28521587575672,198.4
220.0,97,0.0,B1A1,23.20309871042491,201.6
220.0,98,0.0,B1C1,391.7989862747246,198.4
220.0,99,13.785277535410403,C1C0,398.4,184.2903872313317
221.0,100,5.886476350280224,C2C1,398.4,207.40475398017722
221.0,101,3.254152285569459,C0B0,393.8821292865395,1.6
221.0,102,13.26677679423294,B1B0,198.4,68.94448856711581
221.0,103,12.939673843842389,B0C0,388.2891661967594,-1.6
221.0,104,12.154052677697786,B0C0,354.09780490460776,-1.6
221.0,105,13.911936486941457,A2B2,150.7584644968684,398.4
221.0,106,13.817291155252644,B1A1,120.95624145072314,201.6
221.0,107,13.853610481233263,C2B2,314.35107206248404,401.6
221.0,108,7.348441871110602,B1C1,231.69007122251398,198.4
221.0,109,12.31806766462648,A1A2,1.6,236.7211846991609
221.0,42,13.15884395445571,A2A1,-1.6,348.8303787068959
221.0,45,0.0,B1B2,201.6,391.798996321877
221.0,53,0.0,B1A1,30.704098886515737,201.6
221.0,55,10.662138628618731,B1A1,146.30950530489932,201.6
221.0,56,0.0,A1B1,176.79685840307124,198.4
221.0,57,6.094417825066228,B1C1,216.1768204186329,198.4
221.0,58,9.404703342157477,B2B1,198.4,374.45553362944327
221.0,60,0.0,C1B1,223.20305433950563,201.6
221.0,61,0.0,C1B1,230.7040813985824,201.6
221.0,64,12.478266156994307,B2C2,381.34419029645323,398.4
221.0,65,11.777525924745136,A0B0,154.95839614921698,-1.6
221.0,67,12.498497718018719,B1B0,198.4,45.02708299056616
221.0,69,0.0,C1B1,238.20509551606708,201.6
221.0,71,12.80346968459128,C1C0,398.4,149.91584748933934
221.0,72,7.310423160963768,B2A2,3.403978752065427,401.6
221.0,73,13.681041361656556,C0B0,279.7674659655854,1.6
221.0,74,0.0,B1B0,198.4,8.201001014909252
221.0,75,0.0,C1B1,208.2010117593849,201.6
221.0,76,0.0,A1B1,191.79890969273006,198.4
221.0,77,12.78925738670396,B1B2,201.6,313.1682013879265
221.0,78,0.0,B1B2,201.6,384.2979710854214
221.0,80,14.026744156614804,B1B2,201.6,340.9213163412038
221.0,81,0.00046829881189516977,A1B1,169.29560144640976,198.4
221.0,82,6.837685172171145,B1A1,192.65370074912366,201.6
221.0,83,0.062053239054586436,A1B1,161.77948197473603,198.4
221.0,85,12.63158356225381,B2B1,198.4,320.9737644513588
221.0,86,0.0,B1B0,198.4,15.702010281779735
221.0,87,0.0,C1B1,215.70205284311314,201.6
221.0,88,13.068307174137848,B0B1,201.6,139.277972096949
221.0,89,0.0,B1A1,8.201071214730831,201.6
221.0,90,8.816894389538772,B0B1,201.6,188.7574972815516
221.0,91,0.00012328747806363558,C1B1,245.7061033661461,201.6
221.0,92,10.795610965174712,C0C1,401.6,150.00458416776138
221.0,93,8.816281843582527,C0B0,208.39046597853303,1.6
221.0,94,0.0,A1B1,184.29790757311608,198.4
221.0,95,0.0,B1A1,15.70208972379018,201.6
221.0,96,13.95802891661419,A1B1,134.2432447923709,198.4
221.0,97,0.0,B1A1,23.20309871042491,201.6
221.0,98,0.0,B1C1,391.7989862747246,198.4
221.0,99,12.829587300592134,C1C0,398.4,171.46079993073957
222.0,100,3.2886957981102167,:C1_9,400.6708755833418,205.9354377916709
222.0,101,5.24975157988362,C0B0,388.6323777066559,1.6
222.0,102,13.209109819182709,B1B0,198.4,55.73537874793311
222.0,103,8.439673843842389,B0C0,396.7288400406018,-1.6
222.0,104,11.941974311874532,B0C0,366.03977921648226,-1.6
222.0,105,14.559844706543416,A2B2,165.31830920341181,398.4
222.0,106,13.706385842785277,B1A1,107.24985560793786,201.6
222.0,107,13.27683260138605,C2B2,301.074239461098,401.6
222.0,108,9.944429873483507,B1C1,241.63450109599748,198.4
222.0,109,12.739801238660194,A1A2,1.6,249.46098593782108
222.0,110,12.885753,C2C1,398.4,391.7
222.0,42,14.780614164000923,A2A1,-1.6,334.04976454289493
222.0,45,0.0,B1B2,201.6,391.798996321877
222.0,53,0.0,B1A1,30.704098886515737,201.6
222.0,55,12.166924695911757,B1A1,134.14258060898754,201.6
222.0,56,0.0,A1B1,176.79685840307124,198.4
222.0,57,6.450755947525145,B1C1,222.62757636615805,198.4
222.0,58,11.999271663499126,B2B1,198.4,362.4562619659441
222.0,60,0.0,C1B1,223.20305433950563,201.6
222.0,61,0.0,C1B1,230.7040813985824,201.6
222.0,64,9.198769699355235,B2C2,390.5429599958085,398.4
222.0,65,12.178103697642804,A0B0,167.13649984685978,-1.6
222.0,67,11.544599262459188,B1B0,198.4,33.482483728106956
222.0,69,0.0,C1B1,238.20509551606708,201.6
222.0,71,12.22141509755677,C1C0,398.4,137.69443239178256
222.0,72,4.609260527420595,:A2_0,-0.6754433197992291,399.9409278003346
222.0,73,14.172171177560978,C0B0,265.5952947880245,1.6
222.0,74,0.0,B1B0,198.4,8.201001014909252
222.0,75,0.0,C1B1,208.2010117593849,201.6
222.0,76,0.0,A1B1,191.79890969273006,198.4
222.0,77,12.81775750553234,B1B2,201.6,325.9859588934588
222.0,78,0.0,B1B2,201.6,384.2979710854214
222.0,80,13.650835760803819,B1B2,201.6,354.57215210200764
222.0,81,0.0002041618488033732,A1B1,169.29580560825858,198.4
222.0,82,8.635496681793406,B1A1,184.01820406733026,201.6
222.0,83,0.013050613444867146,A1B1,161.7925325881809,198.4
222.0,85,13.06691258018168,B2B1,198.4,307.90685187117714
222.0,86,0.0,B1B0,198.4,15.702010281779735
222.0,87,0.0,C1B1,215.70205284311314,201.6
222.0,88,13.093845687598044,B0B1,201.6,152.37181778454703
222.0,89,0.0,B1A1,8.201071214730831,201.6
222.0,90,8.321968903275378,:B1_9,201.6,197.07946618482697
222.0,91,0.0,C1B1,245.7061033661461,201.6
222.0,92,10.330740453899928,C0C1,401.6,160.3353246216613
222.0,93,4.798917073323145,:B0_3,203.7774809813819,2.5335114111708568
222.0,94,0.0,A1B1,184.29790757311608,198.4
222.0,95,0.0,B1A1,15.70208972379018,201.6
222.0,96,10.074673090328886,A1B1,144.3179178826998,198.4
222.0,97,0.0,B1A1,23.20309871042491,201.6
222.0,98,0.0,B1C1,391.7989862747246,198.4
222.0,99,12.348945155676706,C1C0,398.4,159.11185477506285
223.0,100,3.7190495210643855,C1C2,401.6,209.33299133899735
223.0,101,7.164860734675191,C0B0,381.46751697198073,1.6
223.0,102,12.314796061523142,B1B0,198.4,43.42058268640997
223.0,103,4.727493495842255,:C0_1,400.8046286081829,0.27438101363820133
223.0,104,11.143347356159524,B0C0,377.18312657264175,-1.6
223.0,105,14.374658179921724,A2B2,179.69296738333352,398.4
223.0,106,13.88843053696215,B1A1,93.36142507097571,201.6
223.0,107,13.774928847076298,C2B2,287.2993106140217,401.6
223.0,108,12.430736263160846,B1C1,254.06523735915835,198.4
223.0,109,12.35375179433865,A1A2,1.6,261.81473773215976
223.0,110,12.718328700525193,C2C1,398.4,378.98167129947484
223.0,111,6.810583538047897,B1C1,212.29999999999998,198.4
223.0,42,14.901720903552684,A2A1,-1.6,319.14804363934223
223.0,45,0.0,B1B2,201.6,391.798996321877
223.0,53,0.0,B1A1,30.704098886515737,201.6
223.0,55,13.590209761814737,B1A1,120.55237084717281,201.6
223.0,56,0.0,A1B1,176.79685840307124,198.4
223.0,57,8.001014350982846,B1C1,230.6285907171409,198.4
223.0,58,14.003910553999708,B2B1,198.4,348.45235141194445
223.0,60,0.0,C1B1,223.20305433950563,201.6
223.0,61,0.0,C1B1,230.7040813985824,201.6
223.0,64,6.045447607190925,B2C2,396.5884076029994,398.4
223.0,65,11.312091425893017,A0B0,178.4485912727528,-1.6
223.0,67,7.044599262459188,B1B0,198.4,26.437884465647755
223.0,69,0.0,C1B1,238.20509551606708,201.6
223.0,71,12.446151550497621,C1C0,398.4,125.24828084128494
223.0,72,5.609460964150533,A2A1,-1.6,394.52525726049436
223.0,73,14.62465480981353,C0B0,250.97063997821093,1.6
223.0,74,0.0,B1B0,198.4,8.201001014909252
223.0,75,0.0,C1B1,208.2010117593849,201.6
223.0,76,0.0,A1B1,191.79890969273006,198.4
223.0,77,12.494495699279927,B1B2,201.6,338.48045459273874
223.0,78,0.0,B1B2,201.6,384.2979710854214
223.0,80,11.185364833822018,B1B2,201.6,365.7575169358296
223.0,81,0.0,A1B1,169.29580560825858,198.4
223.0,82,9.980362628265096,B1A1,174.03784143906515,201.6
223.0,83,0.002269240350177677,A1B1,161.7948018285311,198.4
223.0,85,12.257072238803678,B2B1,198.4,295.64977963237345
223.0,86,0.0,B1B0,198.4,15.702010281779735
223.0,87,0.0,C1B1,215.70205284311314,201.6
223.0,88,13.725037464011514,B0B1,201.6,166.09685524855854
223.0,89,0.0,B1A1,8.201071214730831,201.6
223.0,90,10.091853624465115,:B1_9,201.6,207.17131980929207
223.0,91,0.0,C1B1,245.7061033661461,201.6
223.0,92,10.96470247422447,C0C1,401.6,171.30002709588578
223.0,93,4.8474596754039965,:B0_3,201.68120118886895,6.631591677917189
223.0,94,0.0,A1B1,184.29790757311608,198.4
223.0,95,0.0,B1A1,15.70208972379018,201.6
223.0,96,6.997980266244391,A1B1,151.31589814894417,198.4
223.0,97,0.0,B1A1,23.20309871042491,201.6
223.0,98,0.0,B1C1,391.7989862747246,198.4
223.0,99,12.250838400129009,C1C0,398.4,146.86101637493385
224.0,100,6.317052506091073,C1C2,401.6,215.65004384508842
224.0,101,8.902264560834615,C0B0,372.5652524111461,1.6
224.0,102,8.148427871638333,B1B0,198.4,35.27215481477165
224.0,103,4.564307908456586,C0C1,401.6,4.680641444900652
224.0,104,9.131425978357399,B0C0,386.3145525509992,-1.6
224.0,105,10.473534100760936,A2B2,190.16650148409445,398.4
224.0,106,13.964026229716875,B1A1,79.39739884125882,201.6
224.0,107,13.744437590106317,C2B2,273.5548730239153,401.6
224.0,108,13.529937502738393,B1C1,267.59517486189674,198.4
224.0,109,12.724073502185249,A1A2,1.6,274.53881123434496
224.0,110,12.862282368851334,C2C1,398.4,366.1193889306235
224.0,111,8.137601767192548,B1C1,220.43760176719255,198.4
224.0,42,14.61977908561899,A2A1,-1.6,304.52826455372326
224.0,45,0.0,B1B2,201.6,391.798996321877
224.0,53,0.0,B1A1,30.704098886515737,201.6
224.0,55,12.642252420325354,B1A1,107.91011842684746,201.6
224.0,56,0.0,A1B1,176.79685840307124,198.4
224.0,57,9.833285272330508,B1C1,240.46187598947142,198.4
224.0,58,13.274819427015723,B2B1,198.4,335.1775319849287
224.0,60,0.0,C1B1,223.20305433950563,201.6
224.0,61,0.0,C1B1,230.7040813985824,201.6
224.0,64,3.1412563022797553,C2C1,398.4,396.4503360947209
224.0,65,12.09688683593937,A0B0,190.54547810869215,-1.6
224.0,67,3.1647473733611027,B1B0,198.4,23.273137092286646
224.0,69,0.0,C1B1,238.20509551606708,201.6
224.0,71,13.075905736313894,C1C0,398.4,112.17237510497104
224.0,72,7.239447357788489,A2A1,-1.6,387.28580990270586
224.0,73,13.88502084650989,C0B0,237.08561913170104,1.6
224.0,74,0.0,B1B0,198.4,8.201001014909252
224.0,75,0.0,C1B1,208.2010117593849,201.6
224.0,76,0.0,A1B1,191.79890969273006,198.4
224.0,77,12.387193038109675,B1B2,201.6,350.8676476308484
224.0,78,0.0,B1B2,201.6,384.2979710854214
224.0,80,6.984748528616984,B1B2,201.6,372.74226546444663
224.0,81,0.0,A1B1,169.29580560825858,198.4
224.0,82,11.525342933116292,B1A1,162.51249850594886,201.6
224.0,83,0.0,A1B1,161.7948018285311,198.4
224.0,85,12.742711632552393,B2B1,198.4,282.90706799982104
224.0,86,0.0,B1B0,198.4,15.702010281779735
224.0,87,0.0,C1B1,215.70205284311314,201.6
224.0,88,12.947983100249678,B0B1,201.6,179.0448383488082
224.0,89,0.0,B1A1,8.201071214730831,201.6
224.0,90,11.626914037157952,B1B2,201.6,218.79823384645002
224.0,91,0.0,C1B1,245.7061033661461,201.6
224.0,92,11.208614942707802,C0C1,401.6,182.5086420385936
224.0,93,5.339946639290765,B0B1,201.6,11.965857409484862
224.0,94,0.0,A1B1,184.29790757311608,198.4
224.0,95,0.0,B1A1,15.70208972379018,201.6
224.0,96,2.784247374176953,A1B1,154.1001455231211,198.4
224.0,97,0.0,B1A1,23.20309871042491,201.6
224.0,98,0.0,B1C1,391.7989862747246,198.4
224.0,99,12.795002090714956,C1C0,398.4,134.06601428421888
225.0,100,7.855972228356637,C1C2,401.6,223.50601607344507
225.0,101,10.748202973260653,C0B0,361.81704943788543,1.6
225.0,102,3.806967580202387,B1B0,198.4,31.46518723456927
225.0,103,6.727928976503945,C0C1,401.6,11.408570421404598
225.0,104,8.242784889388691,B0C0,394.55733744038787,-1.6
225.0,105,6.301825835092224,:B2_6,196.2738704961145,397.4356777023313
225.0,106,13.478191083837338,B1A1,65.91920775742147,201.6
225.0,107,13.95042394367505,C2B2,259.6044490802403,401.6
225.0,108,13.88090922520154,B1C1,281.4760840870983,198.4
225.0,109,12.441071393756621,A1A2,1.6,286.9798826281016
225.0,110,12.759954367632485,C2C1,398.4,353.359434562991
225.0,111,9.565376769303,B1C1,230.00297853649553,198.4
225.0,112,13.89,A0B0,8.3,-1.6
225.0,42,14.117393419886554,A2A1,-1.6,290.4108711338367
225.0,45,0.0,B1B2,201.6,391.798996321877
225.0,53,0.0,B1A1,30.704098886515737,201.6
225.0,55,13.090030403266251,B1A1,94.82008802358118,201.6
225.0,56,0.0,A1B1,176.79685840307124,198.4
225.0,57,11.719421086227053,B1C1,252.18129707569847,198.4
225.0,58,13.191264641736165,B2B1,198.4,321.98626734319254
225.0,60,0.0,C1B1,223.20305433950563,201.6
225.0,61,0.0,C1B1,230.7040813985824,201.6
225.0,64,5.286328727087341,C2C1,398.4,391.16400736763353
225.0,67,0.053640095988757894,B1B0,198.4,23.21949699629789
225.0,69,0.0,C1B1,238.20509551606708,201.6
225.0,71,12.481515957984834,C1C0,398.4,99.6908591469862
225.0,72,9.617414600056403,A2A1,-1.6,377.66839530264946
225.0,73,14.062581351920546,C0B0,223.02303777978048,1.6
225.0,74,0.0,B1B0,198.4,8.201001014909252
225.0,75,0.0,C1B1,208.2010117593849,201.6
225.0,76,0.0,A1B1,191.79890969273006,198.4
225.0,77,9.441091636816703,B1B2,201.6,360.30873926766515
225.0,78,0.0,B1B2,201.6,384.2979710854214
225.0,80,3.556125218000737,B1B2,201.6,376.29839068244735
225.0,81,0.0,A1B1,169.29580560825858,198.4
225.0,82,14.114925709453024,B1A1,148.39757279649584,201.6
225.0,83,0.0,A1B1,161.7948018285311,198.4
225.0,85,12.87939012252523,B2B1,198.4,270.02767787729584
225.0,86,0.0,B1B0,198.4,15.702010281779735
225.0,87,0.0,C1B1,215.70205284311314,201.6
225.0,88,8.489013152006798,B0B1,201.6,187.53385150081502
225.0,89,0.0,B1A1,8.201071214730831,201.6
225.0,90,13.816885642013988,B1B2,201.6,232.61511948846402
225.0,91,0.0,C1B1,245.7061033661461,201.6
225.0,92,6.708614942707802,C0C1,401.6,189.2172569813014
225.0,93,7.154500667061411,B0B1,201.6,19.120358076546275
225.0,94,0.0,A1B1,184.29790757311608,198.4
225.0,95,0.0,B1A1,15.70208972379018,201.6
225.0,96,0.11794789575687706,A1B1,154.218093418878,198.4
225.0,97,0.0,B1A1,23.20309871042491,201.6
225.0,98,0.0,B1C1,391.7989862747246,198.4
225.0,99,12.281029755091977,C1C0,398.4,121.7849845291269
226.0,100,9.913827223627829,C1C2,401.6,233.4198432970729
226.0,101,13.1252546928906,C0B0,348.6917947449948,1.6
226.0,102,0.4410252756539092,B1B0,198.4,31.024161958915357
226.0,103,8.778060477668232,C0C1,401.6,20.18663089907283
226.0,104,4.50972829184913,:C0_1,399.02528000372746,-1.2248319977635238
226.0,105,6.617284616899907,B2B1,198.4,391.54438806391346
226.0,106,12.622111080698879,B1A1,53.29709667672259,201.6
226.0,107,13.074667051066571,C2B2,246.5297820291737,401.6
226.0,108,13.683641413293154,B1C1,295.15972550039146,198.4
226.0,109,12.68701787897987,A1A2,1.6,299.6669005070815
226.0,110,12.27176372882302,C2C1,398.4,341.08767083416797
226.0,111,11.908799852294125,B1C1,241.91177838878968,198.4
226.0,112,14.353377660799737,A0B0,22.65337766079974,-1.6
226.0,42,14.29786265885419,A2A1,-1.6,276.1130084749825
226.0,45,2.3400036781230553,:B2_5,200.85611111111112,393.91583333333335
226.0,53,0.0,B1A1,30.704098886515737,201.6
226.0,55,13.565131366503016,B1A1,81.25495665707818,201.6
226.0,56,0.0,A1B1,176.79685840307124,198.4
226.0,57,13.78012498675333,B1C1,265.9614220624518,198.4
226.0,58,13.144294077609198,B2B1,198.4,308.8419732655833
226.0,60,0.0,C1B1,223.20305433950563,201.6
226.0,61,0.0,C1B1,230.7040813985824,201.6
226.0,64,7.4358289477754,C2C1,398.4,383.7281784198582
226.0,67,0.011883592722496466,B1B0,198.4,23.207613403575408
226.0,69,0.0,C1B1,238.20509551606708,201.6
226.0,71,13.227362269057654,C1C0,398.4,86.46349687792852
226.0,72,11.305437630418494,A2A1,-1.6,366.36295767223095
226.0,73,13.832629085527318,C0B0,209.19040869425316,1.6
226.0,74,2.2497380850603803,:B0_0,198.22337426062617,5.963619824383084
226.0,75,1.3159914698917419,:B1_4,206.88813717547035,201.64455183207565
226.0,76,2.508313042903319,:B1_14,194.2898805776126,198.61284008251607
226.0,77,6.286852176700916,B1B2,201.6,366.59559144436605
226.0,78,0.0,B1B2,201.6,384.2979710854214
226.0,80,0.490666390313251,B1B2,201.6,376.78905707276056
226.0,81,0.0,A1B1,169.29580560825858,198.4
226.0,82,13.327741396676362,B1A1,135.06983139981946,201.6
226.0,83,0.0,A1B1,161.7948018285311,198.4
226.0,85,12.383431396696553,B2B1,198.4,257.6442464805993
226.0,86,0.0,B1B0,198.4,15.702010281779735
226.0,87,0.0,C1B1,215.70205284311314,201.6
226.0,88,3.989013152006798,B0B1,201.6,191.52286465282182
226.0,89,2.5410712147308425,:A1_11,5.955263757898955,200.7105275157979
226.0,90,13.093792251293092,B1B2,201.6,245.7089117397571
226.0,91,0.0,C1B1,245.7061033661461,201.6
226.0,92,2.2086149427078023,C0C1,401.6,191.42587192400921
226.0,93,9.673561774715536,B0B1,201.6,28.793919851261812
226.0,94,0.0,A1B1,184.29790757311608,198.4
226.0,95,0.0,B1A1,15.70208972379018,201.6
226.0,96,0.045201796445009934,A1B1,154.263295215323,198.4
226.0,97,0.0,B1A1,23.20309871042491,201.6
226.0,98,1.3876495793737187,:C1_8,393.1221965450819,198.61479769672127
226.0,99,13.163230165879225,C1C0,398.4,108.62175436324767
227.0,100,11.408848101756536,C1C2,401.6,244.82869139882945
227.0,101,12.001107106063433,C0B0,336.6906876389314,1.6
227.0,102,0.29048201934401013,B1B0,198.4,30.733679939571346
227.0,103,10.212953733209332,C0C1,401.6,30.399584632282167
227.0,104,4.85366835792967,:C0_1,401.5124088634767,2.586862044336838
227.0,105,8.889295317234701,B2B1,198.4,382.65509274667875
227.0,106,8.384977363550004,B1A1,44.91211931317258,201.6
227.0,107,13.18172636642579,C2B2,233.34805566274792,401.6
227.0,108,13.6729537313537,B1C1,308.83267923174515,198.4
227.0,109,13.248965133304202,A1A2,1.6,312.9158656403857
227.0,110,12.383371228243663,C2C1,398.4,328.7042996059243
227.0,111,11.445271261179098,B1C1,253.35704964996876,198.4
227.0,112,14.539498080027254,A0B0,37.192875740827,-1.6
227.0,113,4.401074043345376,B1B2,201.6,212.29999999999998
227.0,42,14.44577767527158,A2A1,-1.6,261.6672307997109
227.0,45,0.0,:B2_5,200.85611111111112,393.91583333333335
227.0,53,0.0,B1A1,30.704098886515737,201.6
227.0,55,12.939440800965354,B1A1,68.31551585611284,201.6
227.0,56,0.0,A1B1,176.79685840307124,198.4
227.0,57,14.45325831269118,B1C1,280.414680375143,198.4
227.0,58,13.058431609193326,B2B1,198.4,295.78354165639
227.0,60,0.0,C1B1,223.20305433950563,201.6
227.0,61,0.0,C1B1,230.7040813985824,201.6
227.0,64,9.877092512148767,C2C1,398.4,373.8510859077094
227.0,67,0.0027925473093386543,B1B0,198.4,23.204820856266082
227.0,69,0.0,C1B1,238.20509551606708,201.6
227.0,71,13.152936782559141,C1C0,398.4,73.31056009536941
227.0,72,12.142774824106075,A2A1,-1.6,354.22018284812486
227.0,74,4.4555504095740615,:B0_0,195.98003473219367,2.388020839316203
227.0,75,2.80059800746385,:B1_4,204.20018258578995,202.27989044852603
227.0,76,1.2322063969100059,:B1_14,195.50790916420678,198.78684416631526
227.0,77,2.59147488213112,B1B2,201.6,369.1870663264972
227.0,78,1.7140829647092972,B1B2,201.6,386.0120540501307
227.0,80,0.004796855112929249,B1B2,201.6,376.79385392787356
227.0,81,0.0,A1B1,169.29580560825858,198.4
227.0,82,13.018533869406753,B1A1,122.05129753041271,201.6
227.0,83,0.0,A1B1,161.7948018285311,198.4
227.0,85,12.71270821012354,B2B1,198.4,244.93153827047576
227.0,86,2.015904355557185,B1B0,198.4,13.686105926222552
227.0,87,1.1846102786556403,C1B1,214.5174425644575,201.6
227.0,88,0.1764720049850024,B0B1,201.6,191.69933665780684
227.0,89,3.3078740077020603,A1B1,7.377874007702053,198.4
227.0,90,13.293941471428155,B1B2,201.6,259.00285321118525
227.0,91,0.0,C1B1,245.7061033661461,201.6
227.0,92,0.33085248959098634,C0C1,401.6,191.7567244136002
227.0,93,11.10050523181887,B0B1,201.6,39.89442508308069
227.0,94,2.0559774137701843,A1B1,186.35388498688627,198.4
227.0,95,2.213275187038014,B1A1,13.488814536752159,201.6
227.0,96,0.018653485698278887,A1B1,154.2819487010213,198.4
227.0,97,0.0,B1A1,23.20309871042491,201.6
227.0,98,3.4745211294429095,:C1_12,393.47322203287933,201.1511853114138
227.0,99,13.43350226313288,C1C0,398.4,95.18825210011478
228.0,100,13.9052755421903,C1C2,401.6,258.73396694101973
228.0,101,13.09600046056687,C0B0,323.59468717836455,1.6
228.0,102,0.022407999436316533,B1B0,198.4,30.71127194013502
228.0,103,12.215192896033448,C0C1,401.6,42.61477752831562
228.0,104,4.5893571310765005,C0C1,401.6,7.170091221243201
228.0,105,10.548068595540007,B2B1,198.4,372.1070241511387
228.0,106,4.979295377258108,B1A1,39.932823935914485,201.6
228.0,107,11.706320829720081,C2B2,221.64173483302784,401.6
228.0,108,13.505019601291352,B1C1,322.3376988330365,198.4
228.0,109,12.374888676168823,A1A2,1.6,325.2907543165545
228.0,110,12.692572430715403,C2C1,398.4,316.0117271752089
228.0,111,12.022938749150583,B1C1,265.3799883991194,198.4
228.0,112,14.741433066705206,A0B0,51.93430880753222,-1.6
228.0,113,6.165458454737179,B1B2,201.6,218.46545845473716
228.0,42,15.027806811169336,A2A1,-1.6,246.63942398854158
228.0,45,0.0,:B2_5,200.85611111111112,393.91583333333335
228.0,53,0.0,B1A1,30.704098886515737,201.6
228.0,55,10.003410011723899,B1A1,58.312105844388924,201.6
228.0,56,1.2976504329234748,A1B1,178.0945088359947,198.4
228.0,57,15.449331440475746,B1C1,295.8640118156187,198.4
228.0,58,13.22249978888733,B2B1,198.4,282.5610418675027
228.0,60,0.8841632723041031,C1B1,222.31889106720152,201.6
228.0,61,0.0,C1B1,230.7040813985824,201.6
228.0,64,11.844152320186941,C2C1,398.4,362.00693358752244
228.0,67,1.3487432446675984,B1B0,198.4,21.856077611598494
228.0,69,0.0,C1B1,238.20509551606708,201.6
228.0,71,13.249158949951402,C1C0,398.4,60.06140114541799
228.0,72,12.708678248577693,A2A1,-1.6,341.51150459954715
228.0,74,5.518302221690885,B0A0,190.60741029858394,1.6
228.0,75,3.0309876336375106,:B1_4,202.16043512481212,204.39927479197976
228.0,76,0.748474278084605,:B1_14,196.24777147081684,198.89253878154526
228.0,77,0.06306906174581485,B1B2,201.6,369.25013538824294
228.0,78,0.46856590799018727,B1B2,201.6,386.4806199581209
228.0,80,1.2286935046906735,B1B2,201.6,378.02254743256424
228.0,81,0.0,A1B1,169.29580560825858,198.4
228.0,82,13.72566253956648,B1A1,108.32563499084623,201.6
228.0,83,0.0,A1B1,161.7948018285311,198.4
228.0,85,12.309629888313658,B2B1,198.4,232.6219083821621
228.0,86,3.803820362659652,B1B0,198.4,9.882285563562903
228.0,87,2.0631423487648863,C1B1,212.4543002156926,201.6
228.0,88,0.07371555018777812,B0B1,201.6,191.77305220799462
228.0,89,4.73726079330519,A1B1,12.115134801007244,198.4
228.0,90,13.813703329773164,B1B2,201.6,272.81655654095846
228.0,91,0.0,C1B1,245.7061033661461,201.6
228.0,92,0.03085355726031573,C0C1,401.6,191.78757797086053
228.0,93,11.9240157282359,B0B1,201.6,51.81844081131659
228.0,94,1.4110844832601028,A1B1,187.76496947014638,198.4
228.0,95,3.431454776151269,B1A1,10.057359760600889,201.6
228.0,96,0.0072708154084537395,A1B1,154.28921951642974,198.4
228.0,97,1.7386584489000423,B1A1,21.464440261524857,201.6
228.0,98,3.20936583547309,C1B1,390.3994771809857,201.6
228.0,99,13.155201725425435,C1C0,398.4,82.03305037468934
229.0,100,13.873088247825764,C1C2,401.6,272.6070551888455
229.0,101,12.514187127220362,C0B0,311.08050005114416,1.6
229.0,102,1.3007528069376766,B1B0,198.4,29.41051913319734
229.0,103,12.6128983361464,C0C1,401.6,55.22767586446203
229.0,104,6.456974364197336,C0C1,401.6,13.627065585440537
229.0,105,13.064650784085734,B2B1,198.4,359.042373367053
229.0,106,1.2474649826928303,B1A1,38.68535895322165,201.6
229.0,107,7.95284932999204,C2B2,213.6888855030358,401.6
229.0,108,14.26479475083419,B1C1,336.6024935838707,198.4
229.0,109,12.49740332129547,A1A2,1.6,337.78815763784996
229.0,110,12.405851800607957,C2C1,398.4,303.60587537460094
229.0,111,11.825834004490845,B1C1,277.2058224036102,198.4
229.0,112,14.271912976953166,A0B0,66.20622178448538,-1.6
229.0,113,7.577447246304452,B1B2,201.6,226.04290570104163
229.0,114,12.49740332129547,A1A2,1.6,212.29999999999998
229.0,42,14.638220408879766,A2A1,-1.6,232.00120357966182
229.0,45,0.0,:B2_5,200.85611111111112,393.91583333333335
229.0,53,1.136895887324782,B1A1,29.567202999190954,201.6
229.0,55,7.5505476385370995,B1A1,50.76155820585183,201.6
229.0,56,1.4074217119551564,A1B1,179.50193054794985,198.4
229.0,57,14.1468367897445,B1C1,310.0108486053632,198.4
229.0,58,13.214479510238856,B2B1,198.4,269.3465623572638
229.0,60,1.4965815280602248,C1B1,220.8223095391413,201.6
229.0,61,0.8658459560355652,C1B1,229.83823544254682,201.6
229.0,64,11.926861044036725,C2C1,398.4,350.0800725434857
229.0,67,3.262180087912889,B1B0,198.4,18.593897523685598
229.0,69,0.0,C1B1,238.20509551606708,201.6
229.0,71,13.246753021480277,C1C0,398.4,46.8146481239377
229.0,72,11.960433986463526,A2A1,-1.6,329.55107061308365
229.0,74,7.0833079786055,B0A0,183.52410231997845,1.6
229.0,75,4.893039374252208,B1B2,201.6,209.2096047258604
229.0,76,0.45716610351772424,:B1_14,196.6930305016883,198.97581830101296
229.0,77,1.021430110121883,B1B2,201.6,370.27156549836485
229.0,78,0.11942165095537419,B1B2,201.6,386.60004160907624
229.0,80,0.9490603186418857,B1B2,201.6,378.9716077512061
229.0,81,0.6535272223822293,A1B1,169.9493328306408,198.4
229.0,82,13.885030202188142,B1A1,94.44060478865808,201.6
229.0,83,0.0,A1B1,161.7948018285311,198.4
229.0,85,11.727359488163962,B2B1,198.4,220.89454889399815
229.0,86,5.971965388879661,:B0_1,198.86530382202832,3.9428732458016045
229.0,87,4.2343853619344305,C1B1,208.21991485375816,201.6
229.0,88,0.024458708486282767,B0B1,201.6,191.79751091648092
229.0,89,6.367550130111352,A1B1,18.482684931118598,198.4
229.0,90,14.029443968767776,B1B2,201.6,286.8460005097262
229.0,91,0.0,C1B1,245.7061033661461,201.6
229.0,92,0.010160818307129525,C0C1,401.6,191.79773878916765
229.0,93,11.590272694328524,B0B1,201.6,63.408713505645125
229.0,94,0.671718545515576,A1B1,188.43668801566196,198.4
229.0,95,4.572073465811279,:A1_3,5.502254267406203,201.84253510465624
229.0,96,0.0032764988458803337,A1B1,154.29249601527562,198.4
229.0,97,2.9585605230209744,B1A1,18.505879738503893,201.6
229.0,98,5.461056514819301,C1B1,384.9384206661664,201.6
229.0,99,13.023604123707743,C1C0,398.4,69.0094462509816
230.0,100,13.567566956284828,C1C2,401.6,286.17462214513034
230.0,101,12.738186233010062,C0B0,298.3423138181341,1.6
230.0,102,2.7208747839936556,B1B0,198.4,26.68964434920369
230.0,103,12.65889216545541,C0C1,401.6,67.88656802991744
230.0,104,8.080426400792307,C0C1,401.6,21.707491986232846
230.0,105,13.849224371123753,B2B1,198.4,345.1931489959292
230.0,106,0.9241702917392778,B1A1,37.76118866148238,201.6
230.0,107,3.937980856412479,C2B2,209.75090464662333,401.6
230.0,108,13.925395478886857,B1C1,350.52788906275754,198.4
230.0,109,12.981371498593553,A1A2,1.6,350.76952913644357
230.0,110,12.808021341341986,C2C1,398.4,290.79785403325894
230.0,111,11.10507476353387,B1C1,288.31089716714405,198.4
230.0,112,15.00489704214778,A0B0,81.21111882663315,-1.6
230.0,113,9.587817185288964,B1B2,201.6,235.6307228863306
230.0,114,14.490003736732952,A1A2,1.6,226.79000373673296
230.0,42,14.86397447566929,A2A1,-1.6,217.13722910399252
230.0,45,0.0,:B2_5,200.85611111111112,393.91583333333335
230.0,53,3.2477177297088806,B1A1,26.319485269482072,201.6
230.0,55,3.744585603933111,B1A1,47.016972601918724,201.6
230.0,56,1.0364916884690698,A1B1,180.5384222364189,198.4
230.0,57,14.195871179108044,B1C1,324.20671978447126,198.4
230.0,58,13.640882708630055,B2B1,198.4,255.70567964863375
230.0,60,3.894044725484302,C1B1,216.928264813657,201.6
230.0,61,1.0650271129061302,C1B1,228.77320832964068,201.6
230.0,64,11.858797933108674,C2C1,398.4,338.221274610377
230.0,67,5.704100830142448,B1B0,198.4,12.889796693543161
230.0,69,0.7166633097193252,C1B1,237.48843220634774,201.6
230.0,71,12.525770527205191,C1C0,398.4,34.288877596732505
230.0,72,12.05329468632763,A2A1,-1.6,317.497775926756
230.0,74,9.050897265692821,B0A0,174.47320505428561,1.6
230.0,75,7.375508681045272,B1B2,201.6,216.58511340690566
230.0,76,0.018451563666978345,:B1_14,196.7088293236894,198.98529759421362
230.0,77,0.8956766563605425,B1B2,201.6,371.1672421547254
230.0,78,0.026773795003303444,B1B2,201.6,386.62681540407954
230.0,80,0.11307468968630434,B1B2,201.6,379.0846824408924
230.0,81,1.621913931638004,A1B1,171.5712467622788,198.4
230.0,82,13.686347339644641,B1A1,80.75425744901341,201.6
230.0,83,0.4348989930556918,A1B1,162.2297008215868,198.4
230.0,85,8.077346033777468,B2B1,198.4,212.81720286022068
230.0,86,6.718905516556837,:B0_1,203.0987699813231,-0.8992619887938597
230.0,87,6.741661717921845,:B1_5,201.4782531358363,201.6
230.0,88,0.001260486922794977,B0B1,201.6,191.79877140340372
230.0,89,7.736706273320317,A1B1,26.219391204438914,198.4
230.0,90,13.278642329299368,B1B2,201.6,300.12464283902557
230.0,91,0.0,C1B1,245.7061033661461,201.6
230.0,92,0.001250836049350802,C0C1,401.6,191.798989625217
230.0,93,12.397767297542378,B0B1,201.6,75.8064808031875
230.0,94,0.6849936628938083,A1B1,189.12168167855577,198.4
230.0,95,6.523634311432793,:A1_3,1.7119740257813028,206.41618181953086
230.0,96,0.0010249128206132056,A1B1,154.29352092809623,198.4
230.0,97,4.513796601483797,B1A1,13.992083137020103,201.6
230.0,98,6.899432743260785,C1B1,378.0389879229056,201.6
230.0,99,12.812927801754183,C1C0,398.4,56.196518449227426
231.0,100,14.294912403038143,C1C2,401.6,300.46953454816844
231.0,101,13.223495324360124,C0B0,285.118818493774,1.6
231.0,102,5.2062254251595155,B1B0,198.4,21.483418924044173
231.0,103,12.445304337707721,C0C1,401.6,80.33187236762517
231.0,104,10.244346287087058,C0C1,401.6,31.951838273319904
231.0,105,13.861941215056621,B2B1,198.4,331.3312077808726
231.0,106,2.2704195480223226,B1A1,35.49076911346006,201.6
231.0,107,0.7810377339197057,C2B2,208.96986691270362,401.6
231.0,108,14.073026592513852,B1C1,364.60091565527136,198.4
231.0,109,13.070254921537318,A1A2,1.6,363.83978405798086
231.0,110,12.642918597123094,C2C1,398.4,278.1549354361359
231.0,111,11.783112189921761,B1C1,300.09400935706583,198.4
231.0,112,14.132919484440201,A0B0,95.34403831107335,-1.6
231.0,113,11.542450542851089,B1B2,201.6,247.17317342918167
231.0,114,14.06408377183015,A1A2,1.6,240.8540875085631
231.0,115,12.80658,A0B0,8.3,-1.6
231.0,45,0.0,:B2_5,200.85611111111112,393.91583333333335
231.0,53,4.234510605251145,B1A1,22.08497466423094,201.6
231.0,55,1.2824437218354388,B1A1,45.734528880083275,201.6
231.0,56,0.6139210280494236,A1B1,181.15234326446833,198.4
231.0,57,14.828181406813638,B1C1,339.0349011912849,198.4
231.0,58,13.707298579285384,B2B1,198.4,241.99838106934837
231.0,60,5.218513203974901,C1B1,211.7097516096821,201.6
231.0,61,3.3533093694330027,C1B1,225.4198989602077,201.6
231.0,64,12.270785536634305,C2C1,398.4,325.95048907374274
231.0,69,0.8224318843799023,C1B1,236.66600032196783,201.6
231.0,71,12.84743530444032,C1C0,398.4,21.44144229229218
231.0,72,12.717924899963604,A2A1,-1.6,304.7798510267924
231.0,74,10.896349035228251,B0A0,163.57685601905737,1.6
231.0,75,8.950130607852138,B1B2,201.6,225.5352440147578
231.0,76,0.005439268669512161,:B1_14,196.7134866003884,198.98809196023302
231.0,77,0.25856380456419553,B1B2,201.6,371.4258059592896
231.0,78,0.009572012594594205,B1B2,201.6,386.6363874166741
231.0,80,0.02731647116917941,B1B2,201.6,379.1119989120616
231.0,81,1.3077011666052143,A1B1,172.87894792888403,198.4
231.0,82,12.15156533810559,B1A1,68.60269211090784,201.6
231.0,83,1.5473164335087883,A1B1,163.7770172550956,198.4
231.0,85,4.154373695998162,B2B1,198.4,208.6628291642225
231.0,86,8.000932031293772,B0C0,211.01951737316733,-1.6
231.0,87,9.12707013573253,B1A1,192.3511830001038,201.6
231.0,88,0.00011659443189348367,B0B1,201.6,191.7988879978356
231.0,89,10.15867253040634,A1B1,36.37806373484526,198.4
231.0,90,13.863003092729963,B1B2,201.6,313.98764593175554
231.0,91,0.6085797763319859,C1B1,245.0975235898141,201.6
231.0,92,0.0,C0C1,401.6,191.798989625217
231.0,93,11.657428915021667,B0B1,201.6,87.46390971820917
231.0,94,0.07558619595278322,A1B1,189.19726787450855,198.4
231.0,95,5.9060099834500175,A1A2,1.6,212.3143580000932
231.0,96,0.270247841654323,A1B1,154.56376876975054,198.4
231.0,97,5.34172109700256,B1A1,8.65036204001754,201.6
231.0,98,9.199503193529472,C1B1,368.8394847293761,201.6
231.0,99,12.963820360738875,C1C0,398.4,43.23269808848855
232.0,100,13.735254463724234,C1C2,401.6,314.20478901189273
232.0,101,12.056213278029032,C0B0,273.0626052157449,1.6
232.0,102,7.203476350117432,B1B0,198.4,14.279942573926746
232.0,103,12.111505289869756,C0C1,401.6,92.44337765749492
232.0,104,11.303303309733332,C0C1,401.6,43.255141583053245
232.0,105,14.16392866290237,B2B1,198.4,317.1672791179702
232.0,106,4.768906103646144,B1A1,30.721863009813916,201.6
232.0,107,0.7540915657403062,C2B2,208.2157753469633,401.6
232.0,108,14.477645057389818,B1C1,379.0785607126612,198.4
232.0,109,12.20454603426294,A1A2,1.6,376.0443300922438
232.0,110,12.106113945886932,C2C1,398.4,266.0488214902489
232.0,111,10.970020039499015,B1C1,311.0640293965649,198.4
232.0,112,15.204222750051843,A0B0,110.54826106112522,-1.6
232.0,113,13.908917719780689,B1B2,201.6,261.0820911489624
232.0,114,13.945217910645255,A1A2,1.6,254.79930541920837
232.0,115,12.316186164647267,A0B0,20.616186164647267,-1.6
232.0,45,0.0,:B2_5,200.85611111111112,393.91583333333335
232.0,53,5.481895399781472,B1A1,16.603079264449462,201.6
232.0,55,1.8072007372815384,B1A1,43.92732814280174,201.6
232.0,56,0.2958825253050281,A1B1,181.44822578977335,198.4
232.0,57,15.039395929799928,B1C1,354.07429712108484,198.4
232.0,58,12.405546496337443,B2B1,198.4,229.59283457301092
232.0,60,7.040063071986474,:B1_4,204.7021228343635,201.9787262993819
232.0,61,4.588861997352084,C1B1,220.8310369628556,201.6
232.0,64,11.856980268348508,C2C1,398.4,314.0935088053942
232.0,69,2.447201251727374,C1B1,234.21879907024046,201.6
232.0,71,13.307240858801402,C1C0,398.4,8.134201433490773
232.0,72,12.12620284637151,A2A1,-1.6,292.6536481804209
232.0,74,13.092625953338421,B0A0,150.48423006571895,1.6
232.0,75,10.419338087167947,B1B2,201.6,235.95458210192575
232.0,76,0.0,:B1_14,196.7134866003884,198.98809196023302
232.0,77,0.10738982572523378,B1B2,201.6,371.5331957850148
232.0,78,0.0011526944542087155,B1B2,201.6,386.6375401111284
232.0,80,0.01384822625474383,B1B2,201.6,379.1258471383163
232.0,81,0.6303811388901505,A1B1,173.5093290677742,198.4
232.0,82,8.93961280207811,B1A1,59.66307930882974,201.6
232.0,83,1.148996758955927,A1B1,164.9260140140515,198.4
232.0,85,0.3984193347248275,B2B1,198.4,208.26440982949768
232.0,86,10.132308568508735,B0C0,221.15182594167607,-1.6
232.0,87,11.176192454497679,B1A1,181.1749905456061,201.6
232.0,88,0.00010048951388123382,B0B1,201.6,191.79898848734948
232.0,89,11.520950148713029,A1B1,47.89901388355829,198.4
232.0,90,12.938804097734868,B1B2,201.6,326.9264500294904
232.0,91,0.7022620927311738,C1B1,244.39526149708294,201.6
232.0,92,0.0,C0C1,401.6,191.798989625217
232.0,93,12.081227595187448,B0B1,201.6,99.54513731339661
232.0,94,0.06798662689720571,A1B1,189.26525450140576,198.4
232.0,95,8.474648678737536,A1A2,1.6,220.78900667883073
232.0,96,1.6875485908217704,A1B1,156.2513173605723,198.4
232.0,97,3.0715346199128777,:A1_11,5.91895019603731,200.63790039207464
232.0,98,11.252049650288335,C1B1,357.5874350790878,201.6
232.0,99,12.909162444623792,C1C0,398.4,30.323535643864744
233.0,100,14.218250113454088,C1C2,401.6,328.4230391253468
233.0,101,12.392001253840432,C0B0,260.6706039619045,1.6
233.0,102,5.83645054797147,B1B0,198.4,8.443492025955265
233.0,103,12.404800589131565,C0C1,401.6,104.8481782466265
233.0,104,11.701280578848257,C0C1,401.6,54.95642216190151
233.0,105,14.399639136843078,B2B1,198.4,302.76763998112716
233.0,106,5.745350601488606,B1A1,24.976512408325306,201.6
233.0,107,0.00972163372291886,C2B2,208.20605371324038,401.6
233.0,108,10.553635271555512,B1C1,389.63219598421676,198.4
233.0,109,12.374375889727878,A1A2,1.6,388.4187059819717
233.0,110,12.735099298887393,C2C1,398.4,253.3137221913615
233.0,111,10.935308990653814,B1C1,321.9993383872187,198.4
233.0,112,14.786191242507623,A0B0,125.33445230363283,-1.6
233.0,113,13.289205446353405,B1B2,201.6,274.3712965953158
233.0,114,14.10542513509626,A1A2,1.6,268.9047305543046
233.0,115,11.564298287152239,A0B0,32.180484451799515,-1.6
233.0,116,13.89,B2A2,187.70000000000002,401.6
233.0,45,0.0,:B2_5,200.85611111111112,393.91583333333335
233.0,53,2.4489152509562238,B1A1,14.154164013493244,201.6
233.0,55,4.184197022889577,B1A1,39.743131119912164,201.6
233.0,56,0.17499398146829884,A1B1,181.62321977124165,198.4
233.0,57,14.929138102827359,B1C1,369.0034352239122,198.4
233.0,58,8.770887369747161,B2B1,198.4,220.82194720326376
233.0,60,6.023560678204335,:B1_4,201.66734518997578,206.72858367016948
233.0,61,6.493428646047702,C1B1,214.3376083168079,201.6
233.0,64,12.241608865110704,C2C1,398.4,301.8518999402835
233.0,69,4.771031902707027,C1B1,229.44776716753344,201.6
233.0,72,12.509212386591301,A2A1,-1.6,280.14443579382953
233.0,74,12.646670356357783,B0A0,137.83755970936116,1.6
233.0,75,12.373839728150873,B1B2,201.6,248.32842183007662
233.0,76,0.0,:B1_14,196.7134866003884,198.98809196023302
233.0,77,0.057957693939235826,B1B2,201.6,371.5911534789541
233.0,78,0.00035188644939349484,B1B2,201.6,386.63789199757775
233.0,80,0.007753466953153715,B1B2,201.6,379.13360060526946
233.0,81,0.3486786314266798,A1B1,173.85800769920087,198.4
233.0,82,5.855592843702541,B1A1,53.8074864651272,201.6
233.0,83,0.5586176989322914,A1B1,165.4846317129838,198.4
233.0,85,0.044312872735168415,B2B1,198.4,208.22009695676252
233.0,86,11.48721300557386,B0C0,232.63903894724993,-1.6
233.0,87,12.99221107190696,B1A1,168.18277947369916,201.6
233.0,88,0.0,B0B1,201.6,191.79898848734948
233.0,89,13.57137156509999,A1B1,61.47038544865829,198.4
233.0,90,14.051588502647832,B1B2,201.6,340.97803853213827
233.0,91,2.494115824663367,C1B1,241.90114567241957,201.6
233.0,92,0.0,C0C1,401.6,191.798989625217
233.0,93,12.224131708164425,B0B1,201.6,111.76926902156104
233.0,94,0.0013871679115812696,A1B1,189.26664166931735,198.4
233.0,95,10.786909609978862,A1A2,1.6,231.5759162888096
233.0,96,0.6982600830789595,A1B1,156.94957744365126,198.4
233.0,97,3.141057170684822,A1B1,7.292229750580152,198.4
233.0,98,13.460723375286124,C1B1,344.1267117038017,201.6
233.0,99,12.87727126317146,C1C0,398.4,17.446264380693293
234.0,100,14.66438512572404,C1C2,401.6,343.08742425107084
234.0,101,12.496978324124507,C0B0,248.17362563777996,1.6
234.0,102,2.783492025955277,:B0_9,199.2894724842021,5.955263757898955
234.0,103,11.951489217724093,C0C1,401.6,116.79966746435059
234.0,104,11.680738379357665,C0C1,401.6,66.63716054125916
234.0,105,14.57802579566899,B2B1,198.4,288.18961418545814
234.0,106,3.00746981334542,B1A1,21.969042594979896,201.6
234.0,107,0.0035722539420064868,C2B2,208.20248145929838,401.6
234.0,108,6.579673542581268,:C1_6,396.0539253227615,197.5676448063431
234.0,109,7.874375889727878,A1A2,1.6,396.29308187169954
234.0,110,12.563669828729212,C2C1,398.4,240.7500523626323
234.0,111,10.907600758251013,B1C1,332.90693914546966,198.4
234.0,112,14.108313700689898,A0B0,139.44276600432272,-1.6
234.0,113,12.941038885552658,B1B2,201.6,287.31233548086846
234.0,114,14.37515734571843,A1A2,1.6,283.279887900023
234.0,115,12.571094065161347,A0B0,44.75157851696086,-1.6
234.0,116,16.194446880451643,B2A2,171.50555311954835,401.6
234.0,45,0.0,:B2_5,200.85611111111112,393.91583333333335
234.0,53,3.990887649277612,B1A1,10.16327636421562,201.6
234.0,55,5.380964008639416,B1A1,34.362167111272754,201.6
234.0,56,0.12250353834014277,A1B1,181.7457233095818,198.4
234.0,57,10.966322423215498,B1C1,379.9697576471277,198.4
234.0,58,4.270887369747161,B2B1,198.4,216.5510598335166
234.0,60,6.418782714814692,B1B2,201.6,213.1426548553234
234.0,61,6.589889974852698,C1B1,207.7477183419552,201.6
234.0,64,12.88205355142107,C2C1,398.4,288.96984638886244
234.0,69,6.872249006691813,C1B1,222.57551816084163,201.6
234.0,72,12.76115985129209,A2A1,-1.6,267.38327594253747
234.0,74,12.255840564670354,B0A0,125.5817191446908,1.6
234.0,75,12.571989816600516,B1B2,201.6,260.9004116466771
234.0,76,0.0,:B1_14,196.7134866003884,198.98809196023302
234.0,77,0.029507309559217203,B1B2,201.6,371.6206607885133
234.0,78,0.0,B1B2,201.6,386.63789199757775
234.0,80,0.0018325541181661578,B1B2,201.6,379.1354331593876
234.0,81,0.1609398586680097,A1B1,174.01894755786887,198.4
234.0,82,5.2638593262673075,B1A1,48.543627138859904,201.6
234.0,83,0.862829461470066,A1B1,166.34746117445385,198.4
234.0,85,0.01763225030336906,B2B1,198.4,208.20246470645915
234.0,86,13.393675538012864,B0C0,246.0327144852628,-1.6
234.0,87,13.522885402076326,B1A1,154.65989407162283,201.6
234.0,88,0.0,B0B1,201.6,191.79898848734948
234.0,89,13.103474890080207,A1B1,74.5738603387385,198.4
234.0,90,11.26176683119394,B1B2,201.6,352.2398053633322
234.0,91,4.047427474311395,C1B1,237.85371819810817,201.6
234.0,92,0.0,C0C1,401.6,191.798989625217
234.0,93,12.245158554977463,B0B1,201.6,124.01442757653851
234.0,94,0.0008494474323361508,A1B1,189.26749111674968,198.4
234.0,95,13.333887088128208,A1A2,1.6,244.9098033769378
234.0,96,0.8446409525102845,A1B1,157.79421839616154,198.4
234.0,97,5.2355200015841055,A1B1,12.527749752164258,198.4
234.0,98,14.518098549055658,C1B1,329.608613154746,201.6
235.0,100,13.525888303256034,C1C2,401.6,356.61331255432685
235.0,101,13.123636122452012,C0B0,235.04998951532795,1.6
235.0,102,3.338405879715755,B0B1,201.6,7.4084058797157475
235.0,103,13.091889608214052,C0C1,401.6,129.89155707256464
235.0,104,12.34615680155652,C0C1,401.6,78.9833173428157
235.0,105,14.731070424137332,B2B1,198.4,273.4585437613208
235.0,106,3.5551015763212366,B1A1,18.413941018658647,201.6
235.0,107,0.0011443869198586498,C2B2,208.20133707237852,401.6
235.0,108,5.761383707412287,C1C0,398.4,192.65674676578973
235.0,109,3.3743758897278777,A2B2,3.487457761427403,398.4
235.0,110,12.572158063420533,C2C1,398.4,228.17789429921174
235.0,111,11.641198923604772,B1C1,344.5481380690744,198.4
235.0,112,15.14721603201978,A0B0,154.5899820363425,-1.6
235.0,113,13.375311320813594,B1B2,201.6,300.68764680168204
235.0,114,15.184627957016886,A1A2,1.6,298.46451585703994
235.0,115,12.436550236541704,A0B0,57.188128753502575,-1.6
235.0,116,16.08506053556898,B2A2,155.42049258397938,401.6
235.0,117,12.47761047713639,A2A1,-1.6,391.7
235.0,45,0.0,:B2_5,200.85611111111112,393.91583333333335
235.0,55,3.75931391073829,B1A1,30.60285320053447,201.6
235.0,56,0.01988202328697073,A1B1,181.76560533286877,198.4
235.0,57,6.52000200820669,B1C1,386.4897596553344,198.4
235.0,58,0.7000827243248269,B2B1,198.4,215.85097710919177
235.0,60,8.115865986947716,B1B2,201.6,221.2585208422711
235.0,61,6.2663146365654905,:B1_4,202.38065786217817,204.0322368963697
235.0,64,11.958807310525827,C2C1,398.4,277.0110390783366
235.0,69,6.778972700690682,C1B1,215.79654546015095,201.6
235.0,72,12.47761047713639,A2A1,-1.6,254.9056654654011
235.0,74,12.625706554122582,B0A0,112.9560125905682,1.6
235.0,75,12.844309031484707,B1B2,201.6,273.74472067816185
235.0,76,0.0,:B1_14,196.7134866003884,198.98809196023302
235.0,77,0.013538158022906607,B1B2,201.6,371.6341989465362
235.0,78,0.00010667879221639155,B1B2,201.6,386.63799867636993
235.0,80,0.0009747379789541272,B1B2,201.6,379.13640789736655
235.0,81,0.12397991024072177,A1B1,174.1429274681096,198.4
235.0,82,5.572394364581143,B1A1,42.971232774278775,201.6
235.0,83,0.10222766179617893,A1B1,166.44968883625003,198.4
235.0,85,0.0014537593788422852,B2B1,198.4,208.2010109470803
235.0,86,13.745515167364026,B0C0,259.77822965262686,-1.6
235.0,87,13.494848028052047,B1A1,141.16504604357075,201.6
235.0,88,0.0,B0B1,201.6,191.79898848734948
235.0,89,12.913428921008409,A1B1,87.4872892597469,198.4
235.0,90,7.879105662317117,B1B2,201.6,360.11891102564937
235.0,91,6.289600562653347,C1B1,231.56411763545483,201.6
235.0,92,0.0,C0C1,401.6,191.798989625217
235.0,93,12.32711072195387,B0B1,201.6,136.34153829849237
235.0,94,0.0003093327206895494,A1B1,189.26780044947037,198.4
235.0,95,14.394403424010099,A1A2,1.6,259.3042068009479
235.0,96,1.0471473007553134,A1B1,158.84136569691685,198.4
235.0,97,7.393039948832617,A1B1,19.92078970099688,198.4
235.0,98,15.325778079661333,C1B1,314.2828350750847,201.6
236.0,100,13.584504932964593,C1C2,401.6,370.19781748729145
236.0,101,13.225930895478383,C0B0,221.82405861984958,1.6
236.0,102,4.801578222134449,B0B1,201.6,12.209984101850196
236.0,103,12.328960072277487,C0C1,401.6,142.22051714484212
236.0,104,11.151869500678316,C0C1,401.6,90.13518684349401
236.0,105,14.701074680695937,B2B1,198.4,258.7574690806249
236.0,106,5.603757518729604,B1A1,12.810183499929053,201.6
236.0,107,0.00029176287619921864,C2B2,208.20104530950232,401.6
236.0,108,7.28583264386817,C1C0,398.4,185.37091412192154
236.0,109,5.537762234404715,A2B2,9.025219995832119,398.4
236.0,110,11.737003705610908,C2C1,398.4,216.44089059360084
236.0,111,11.76009321974425,B1C1,356.30823128881866,198.4
236.0,112,14.708115902699495,A0B0,169.29809793904198,-1.6
236.0,113,13.863187465284241,B1B2,201.6,314.55083426696626
236.0,114,14.609047088146866,A1A2,1.6,313.07356294518684
236.0,115,11.58124094386764,A0B0,68.76936969737021,-1.6
236.0,116,15.985855544649302,B2A2,139.43463703933006,401.6
236.0,117,13.604911363783337,A2A1,-1.6,378.09508863621664
236.0,45,0.0,:B2_5,200.85611111111112,393.91583333333335
236.0,55,3.8390526339035307,B1A1,26.763800566630948,201.6
236.0,56,0.0008128254748646488,A1B1,181.76641815834364,198.4
236.0,57,6.152684358116825,B1C1,392.6424440134512,198.4
236.0,58,0.10296340889876753,B2B1,198.4,215.748013700293
236.0,60,9.529642273662425,B1B2,201.6,230.78816311593354
236.0,61,5.988637309015572,B1B2,201.6,209.87723360362585
236.0,64,12.005275236040854,C2C1,398.4,265.0057638422958
236.0,69,6.358774546631969,C1B1,209.437770913519,201.6
236.0,72,13.037247738574573,A2A1,-1.6,241.86841772682655
236.0,74,12.05022026543723,B0A0,100.90579232513097,1.6
236.0,75,12.830711525432825,B1B2,201.6,286.5754322035947
236.0,76,0.0,:B1_14,196.7134866003884,198.98809196023302
236.0,77,0.0006758483311588075,B1B2,201.6,371.6348747948673
236.0,78,0.0,B1B2,201.6,386.63799867636993
236.0,80,0.000524090482572574,B1B2,201.6,379.13693198784915
236.0,81,0.09304492509795936,A1B1,174.23597239320756,198.4
236.0,82,4.593284839909781,B1A1,38.37794793436899,201.6
236.0,83,0.13363561434466587,A1B1,166.5833244505947,198.4
236.0,85,0.0,B2B1,198.4,208.2010109470803
236.0,86,13.428795601753624,B0C0,273.2070252543805,-1.6
236.0,87,14.395086321158715,B1A1,126.76995972241205,201.6
236.0,88,0.0,B0B1,201.6,191.79898848734948
236.0,89,12.982891686761679,A1B1,100.47018094650856,198.4
236.0,90,3.8166797824289618,B1B2,201.6,363.9355908080783
236.0,91,7.315941376133942,C1B1,224.2481762593209,201.6
236.0,92,0.0,C0C1,401.6,191.798989625217
236.0,93,11.66178471577885,B0B1,201.6,148.00332301427122
236.0,94,0.00010569937648174772,A1B1,189.26790614884686,198.4
236.0,95,13.61923400611938,A1A2,1.6,272.92344080706727
236.0,96,0.08219265262271834,A1B1,158.92355834953958,198.4
236.0,97,9.864640972497316,A1B1,29.785430673494194,198.4
236.0,98,14.77226566791048,C1B1,299.5105694071742,201.6
237.0,100,13.903026816559397,C1C2,401.6,384.10084430385086
237.0,101,8.725930895478383,C0B0,213.0981277243712,1.6
237.0,102,7.153470078635327,B0B1,201.6,19.363454180485526
237.0,103,12.401193137029558,C0C1,401.6,154.62171028187169
237.0,104,11.995998742122486,C0C1,401.6,102.1311855856165
237.0,105,14.240800069748119,B2B1,198.4,244.51666901087677
237.0,107,0.0,C2B2,208.20104530950232,401.6
237.0,108,8.818056197963424,C1C0,398.4,176.55285792395813
237.0,109,6.8487635165667475,A2B2,15.873983512398873,398.4
237.0,110,9.096957957285849,C2C1,398.4,207.343932636315
237.0,111,11.290001620215573,B1C1,367.59823290903427,198.4
237.0,112,11.950465683772054,A0B0,181.24856362281403,-1.6
237.0,113,13.14876090942718,B1B2,201.6,327.6995951763935
237.0,114,14.73056461054711,A1A2,1.6,327.80412755573394
237.0,115,12.19509197087206,A0B0,80.96446166824227,-1.6
237.0,116,15.64145459494298,B2A2,123.79318244438709,401.6
237.0,117,12.937773492799185,A2A1,-1.6,365.15731514341746
237.0,118,13.770546,C1C2,401.6,212.29999999999998
237.0,45,0.0,:B2_5,200.85611111111112,393.91583333333335
237.0,55,5.695199740719265,B1A1,21.068600825911687,201.6
237.0,56,0.0004306029914383793,A1B1,181.76684876133507,198.4
237.0,57,6.660738150397503,:C1_6,398.0230714378661,195.2948809368898
237.0,58,0.0439325645423264,B2B1,198.4,215.70408113575067
237.0,60,11.855138301187939,B1B2,201.6,242.64330141712148
237.0,61,7.816378167138279,B1B2,201.6,217.6936117707641
237.0,64,12.065624767745414,C2C1,398.4,252.94013907455033
237.0,69,7.794318947014757,:B1_5,201.64345196650424,201.6
237.0,72,12.327561667754257,A2A1,-1.6,229.5408560590723
237.0,74,13.165777878404908,B0A0,87.74001444672605,1.6
237.0,75,12.417306431672595,B1B2,201.6,298.9927386352673
237.0,76,0.0,:B1_14,196.7134866003884,198.98809196023302
237.0,77,0.0008903472863789031,B1B2,201.6,371.6357651421537
237.0,78,0.0,B1B2,201.6,386.63799867636993
237.0,80,0.0,B1B2,201.6,379.13693198784915
237.0,81,0.026394381561546415,A1B1,174.2623667747691,198.4
237.0,82,3.934520523078594,B1A1,34.4434274112904,201.6
237.0,83,0.07693689414331316,A1B1,166.660261344738,198.4
237.0,85,0.0,B2B1,198.4,208.2010109470803
237.0,86,13.83599709277052,B0C0,287.043022347151,-1.6
237.0,87,13.613776028499387,B1A1,113.15618369391267,201.6
237.0,88,0.0,B0B1,201.6,191.79898848734948
237.0,89,13.245842561463752,A1B1,113.71602350797235,198.4
237.0,90,0.10108109069886372,B1B2,201.6,364.0366718987772
237.0,91,6.242256384464949,C1B1,218.00591987485595,201.6
237.0,92,0.0,C0C1,401.6,191.798989625217
237.0,93,12.175079543065005,B0B1,201.6,160.17840255733623
237.0,94,0.0,A1B1,189.26790614884686,198.4
237.0,95,14.400862999459216,A1A2,1.6,287.3243038065265
237.0,96,0.12209989751058897,A1B1,159.04565824705017,198.4
237.0,97,11.708990193195083,A1B1,41.49442086668928,198.4
237.0,98,14.664913617563226,C1B1,284.845655789611,201.6
238.0,100,9.76558461111486,C1C2,401.6,393.8664289149657
238.0,101,4.225930895478383,C0B0,208.87219682889284,1.6
238.0,102,9.341867267143279,B0B1,201.6,28.705321447628805
238.0,103,12.678049774798938,C0C1,401.6,167.29976005667064
238.0,104,11.516554473660237,C0C1,401.6,113.64774005927674
238.0,105,11.462688243489767,B2B1,198.4,233.053980767387
238.0,107,0.0,C2B2,208.20104530950232,401.6
238.0,108,10.344929010594033,C1C0,398.4,166.2079289133641
238.0,109,8.88924911620378,A2B2,24.76323262860265,398.4
238.0,110,5.074354633467689,:C1_0,396.6437228039461,202.78623368236768
238.0,111,11.070565403884487,B1C1,378.66879831291874,198.4
238.0,112,7.4504656837720535,A0B0,188.69902930658608,-1.6
238.0,113,13.793858095443856,B1B2,201.6,341.4934532718373
238.0,114,14.92972572176131,A1A2,1.6,342.7338532774952
238.0,115,12.390489292519092,A0B0,93.35495096076136,-1.6
238.0,116,16.207717524363897,B2A2,107.58546492002318,401.6
238.0,117,13.626965907921127,A2A1,-1.6,351.5303492354964
238.0,118,12.493923969954162,C1C2,401.6,224.79392396995416
238.0,45,0.0,:B2_5,200.85611111111112,393.91583333333335
238.0,55,7.530986932473473,B1A1,13.53761389343822,201.6
238.0,56,0.0,A1B1,181.76684876133507,198.4
238.0,57,6.762403551553563,C1C0,398.4,188.56441428459775
238.0,58,0.0020423671551407785,B2B1,198.4,215.70203876859554
238.0,60,13.491873584980889,B1B2,201.6,256.1351750021024
238.0,61,9.277537573624246,B1B2,201.6,226.97114934438838
238.0,64,11.7249191441513,C2C1,398.4,241.21521993039903
238.0,69,9.241461355896092,B1A1,192.40199061060818,201.6
238.0,72,12.113846191444376,A2A1,-1.6,217.42700986762793
238.0,74,12.775286747922502,B0A0,74.96472769880353,1.6
238.0,75,12.878272225345544,B1B2,201.6,311.87101086061284
238.0,76,0.0,:B1_14,196.7134866003884,198.98809196023302
238.0,77,0.00012789671393516545,B1B2,201.6,371.6358930388676
238.0,78,0.0,B1B2,201.6,386.63799867636993
238.0,80,0.0,B1B2,201.6,379.13693198784915
238.0,81,0.0031360988128933806,A1B1,174.265502873582,198.4
238.0,82,5.284862855560362,B1A1,29.158564555730038,201.6
238.0,83,0.08194293949005514,A1B1,166.74220428422805,198.4
238.0,85,0.0,B2B1,198.4,208.2010109470803
238.0,86,13.683457670547174,B0C0,300.7264800176982,-1.6
238.0,87,13.491448900795922,B1A1,99.66473479311675,201.6
238.0,88,0.0,B0B1,201.6,191.79898848734948
238.0,89,12.969824282976726,A1B1,126.68584779094908,198.4
238.0,90,0.0813668479907547,B1B2,201.6,364.1180387467679
238.0,91,8.224731185746567,C1B1,209.78118868910937,201.6
238.0,92,0.0,C0C1,401.6,191.798989625217
238.0,93,12.008323016589557,B0B1,201.6,172.18672557392577
238.0,94,0.0,A1B1,189.26790614884686,198.4
238.0,95,14.541362200666637,A1A2,1.6,301.8656660071931
238.0,96,0.07377243060968301,A1B1,159.11943067765986,198.4
238.0,97,12.175199661454037,A1B1,53.66962052814332,198.4
238.0,98,15.133557354449087,C1B1,269.7120984351619,201.6
239.0,100,6.0888646497529,:C2_0,400.76777099890086,399.78704833516525
239.0,101,0.5498159689077149,C0B0,208.32238085998512,1.6
239.0,102,11.74741170323763,B0B1,201.6,40.45273315086644
239.0,103,10.049483897110663,C0C1,401.6,177.3492439537813
239.0,104,11.161998912965231,C0C1,401.6,124.80973897224196
239.0,105,6.962688243489767,B2B1,198.4,226.09129252389724
239.0,107,0.0,C2B2,208.20104530950232,401.6
239.0,108,12.784189944072395,C1C0,398.4,153.4237389692917
239.0,109,11.031660348407957,A2B2,35.79489297701061,398.4
239.0,110,5.691359631589099,C1B1,391.2082183712582,201.6
239.0,111,9.767673821388199,B1C1,388.436472134307,198.4
239.0,112,2.9504656837720535,A0B0,191.64949499035814,-1.6
239.0,113,9.293858095443856,B1B2,201.6,350.7873113672812
239.0,114,14.387104277176507,A1A2,1.6,357.12095755467175
239.0,115,11.757602061356344,A0B0,105.11255302211772,-1.6
239.0,116,15.061519402998737,B2A2,92.52394551702443,401.6
239.0,117,13.156507674424953,A2A1,-1.6,338.3738415610714
239.0,118,12.865196612794794,C1C2,401.6,237.65912058274895
239.0,119,14.874801,B2A2,187.70000000000002,401.6
239.0,45,0.0,:B2_5,200.85611111111112,393.91583333333335
239.0,55,5.780421774967611,B1A1,7.757192118470613,201.6
239.0,56,0.0,A1B1,181.76684876133507,198.4
239.0,57,8.59038158293739,C1C0,398.4,179.97403270166035
239.0,58,0.0,B2B1,198.4,215.70203876859554
239.0,60,14.942249146711267,B1B2,201.6,271.07742414881363
239.0,61,11.742880767636775,B1B2,201.6,238.71403011202514
239.0,64,12.881674605951213,C2C1,398.4,228.3335453244478
239.0,69,10.796221719663947,B1A1,181.60576889094423,201.6
239.0,74,12.594413614494108,B0A0,62.37031408430943,1.6
239.0,75,13.405995412414022,B1B2,201.6,325.2770062730268
239.0,76,0.0,:B1_14,196.7134866003884,198.98809196023302
239.0,77,0.0,B1B2,201.6,371.6358930388676
239.0,78,0.0,B1B2,201.6,386.63799867636993
239.0,80,0.0,B1B2,201.6,379.13693198784915
239.0,81,0.0002906361416472708,A1B1,174.26579350972364,198.4
239.0,82,7.2700338156723685,B1A1,21.88853074005766,201.6
239.0,83,0.017935219433148762,A1B1,166.7601395036612,198.4
239.0,85,0.0,B2B1,198.4,208.2010109470803
239.0,86,13.390132338483923,B0C0,314.1166123561821,-1.6
239.0,87,13.28191005754602,B1A1,86.38282473557071,201.6
239.0,88,0.0,B0B1,201.6,191.79898848734948
239.0,89,11.937107314963528,A1B1,138.62295510591258,198.4
239.0,90,0.013072989795415792,B1B2,201.6,364.1311117365633
239.0,91,8.46186387472288,:B1_5,201.31932481438648,201.6
239.0,92,0.0,C0C1,401.6,191.798989625217
239.0,93,7.820766632469896,B0B1,201.6,180.00749220639565
239.0,94,0.0,A1B1,189.26790614884686,198.4
239.0,95,14.4893401879244,A1A2,1.6,316.35500619511754
239.0,96,0.11720503986613678,A1B1,159.236635717526,198.4
239.0,97,12.364542583053783,A1B1,66.03416311119712,198.4
239.0,98,14.748905350849755,C1B1,254.96319308431214,201.6
240.0,100,5.669097570273839,C2B2,395.71560886500754,401.6
240.0,101,0.07149190545028516,C0B0,208.25088895453484,1.6
240.0,102,12.391181259034715,B0B1,201.6,52.84391440990116
240.0,103,5.5494838971106635,C0C1,401.6,182.89872785089196
240.0,104,11.583917926827729,C0C1,401.6,136.3936568990697
240.0,105,2.462688243489767,B2B1,198.4,223.62860428040747
240.0,107,0.0,C2B2,208.20104530950232,401.6
240.0,108,13.731126506809451,C1C0,398.4,139.69261246248223
240.0,109,12.842634457323193,A2B2,48.637527434333805,398.4
240.0,110,7.87332092964784,C1B1,383.3348974416104,201.6
240.0,111,5.501234463662296,:C1_6,393.9264484069713,198.23907879900412
240.0,112,0.125557248689684,A0B0,191.77505223904782,-1.6
240.0,113,4.793858095443856,B1B2,201.6,355.58116946272503
240.0,114,14.23913070159378,A1A2,1.6,371.3600882562655
240.0,115,12.373617184420041,A0B0,117.48617020653775,-1.6
240.0,116,16.294441156869063,B2A2,76.22950436015536,401.6
240.0,117,12.75192075847373,A2A1,-1.6,325.6219208025977
240.0,118,13.695738757043987,C1C2,401.6,251.35485933979294
240.0,119,14.533274410620354,B2A2,173.16672558937967,401.6
240.0,45,0.0,:B2_5,200.85611111111112,393.91583333333335
240.0,55,5.368410455871411,:A1_3,2.847573061524561,203.25404489745907
240.0,56,0.0,A1B1,181.76684876133507,198.4
240.0,57,11.113548118219898,C1C0,398.4,168.86048458344047
240.0,58,0.0,B2B1,198.4,215.70203876859554
240.0,60,14.313228371997551,B1B2,201.6,285.3906525208112
240.0,61,14.062670124305255,B1B2,201.6,252.7767002363304
240.0,64,12.135935534820556,C2C1,398.4,216.19760978962725
240.0,69,12.629354973142393,B1A1,168.97641391780184,201.6
240.0,74,13.130505580326856,B0A0,49.23980850398257,1.6
240.0,75,11.572135650157072,B1B2,201.6,336.8491419231839
240.0,76,0.0,:B1_14,196.7134866003884,198.98809196023302
240.0,77,0.0,B1B2,201.6,371.6358930388676
240.0,78,0.0,B1B2,201.6,386.63799867636993
240.0,80,0.0,B1B2,201.6,379.13693198784915
240.0,81,0.0,A1B1,174.26579350972364,198.4
240.0,82,5.380059995839168,B1A1,16.5084707442185,201.6
240.0,83,0.003010709186457179,A1B1,166.76315021284768,198.4
240.0,85,0.0,B2B1,198.4,208.2010109470803
240.0,86,12.921149428258756,B0C0,327.0377617844409,-1.6
240.0,87,13.40051375773587,B1A1,72.98231097783486,201.6
240.0,88,0.0,B0B1,201.6,191.79898848734948
240.0,89,8.771619040608986,A1B1,147.39457414652156,198.4
240.0,90,0.0033022258535694835,B1B2,201.6,364.1344139624169
240.0,91,10.27550394135495,B1A1,191.04382087303156,201.6
240.0,92,0.0,C0C1,401.6,191.798989625217
240.0,93,3.36797927236331,B0B1,201.6,183.37547147875895
240.0,94,0.0,A1B1,189.26790614884686,198.4
240.0,95,14.286246695987368,A1A2,1.6,330.64125289110495
240.0,96,0.01641173255671581,A1B1,159.25304745008273,198.4
240.0,97,11.464243873235622,A1B1,77.49840698443273,198.4
240.0,98,14.418765676812992,C1B1,240.54442740749914,201.6
241.0,100,7.854830050552078,C2B2,387.8607788144555,401.6
241.0,101,0.03229973978127434,C0B0,208.21858921475356,1.6
241.0,102,12.36363016922544,B0B1,201.6,65.2075445791266
241.0,103,1.0494838971106635,C0C1,401.6,183.94821174800262
241.0,104,12.184168150688805,C0C1,401.6,148.5778250497585
241.0,105,0.25510008333822753,B2B1,198.4,223.37350419706925
241.0,107,0.0,C2B2,208.20104530950232,401.6
241.0,108,14.536520740176856,C1C0,398.4,125.15609172230538
241.0,109,12.936360905362719,A2B2,61.57388833969652,398.4
241.0,110,9.75758271465306,C1B1,373.57731472695735,201.6
241.0,111,5.188867300622553,:C1_6,397.93219300873585,195.44634498544028
241.0,112,0.014209216466808273,A0B0,191.78926145551463,-1.6
241.0,113,0.7323432191091559,B1B2,201.6,356.3135126818342
241.0,114,12.923403737392315,A1A2,1.6,384.28349199365783
241.0,115,11.774753576239497,A0B0,129.26092378277724,-1.6
241.0,116,15.712379119370372,B2A2,60.51712524078499,401.6
241.0,117,13.515829822055109,A2A1,-1.6,312.10609098054255
241.0,118,12.56413037678311,C1C2,401.6,263.91898971657605
241.0,119,14.112931224263296,B2A2,159.05379436511635,401.6
241.0,45,0.0,:B2_5,200.85611111111112,393.91583333333335
241.0,55,6.4364434955809635,A1A2,1.6,209.41766183298174
241.0,56,0.0,A1B1,181.76684876133507,198.4
241.0,57,13.644972112070956,C1C0,398.4,155.2155124713695
241.0,58,0.0,B2B1,198.4,215.70203876859554
241.0,60,14.003880052596518,B1B2,201.6,299.39453257340773
241.0,61,14.714898870022454,B1B2,201.6,267.49159910635285
241.0,64,8.694408590793268,C2C1,398.4,207.50320119883398
241.0,69,14.172793482901954,B1A1,154.80362043489987,201.6
241.0,74,12.088992573355638,B0A0,37.15081593062695,1.6
241.0,75,7.2225644683233305,B1B2,201.6,344.07170639150723
241.0,76,0.0,:B1_14,196.7134866003884,198.98809196023302
241.0,77,0.0,B1B2,201.6,371.6358930388676
241.0,78,0.0,B1B2,201.6,386.63799867636993
241.0,80,0.0,B1B2,201.6,379.13693198784915
241.0,81,0.0,A1B1,174.26579350972364,198.4
241.0,82,5.0703051771525445,B1A1,11.438165567065965,201.6
241.0,83,0.0013298666148302872,A1B1,166.76448007946252,198.4
241.0,85,0.0,B2B1,198.4,208.2010109470803
241.0,86,13.183523122477451,B0C0,340.2212849069183,-1.6
241.0,87,13.318368911434344,B1A1,59.66394206640052,201.6
241.0,88,0.0,B0B1,201.6,191.79898848734948
241.0,89,4.271619040608986,A1B1,151.66619318713055,198.4
241.0,90,0.0004013597405038033,B1B2,201.6,364.13481532215735
241.0,91,11.420624581891158,B1A1,179.6231962911404,201.6
241.0,92,0.0,C0C1,401.6,191.798989625217
241.0,93,0.6947026300759493,B0B1,201.6,184.0701741088349
241.0,94,0.0,A1B1,189.26790614884686,198.4
241.0,95,13.448225497932592,A1A2,1.6,344.0894783890375
241.0,96,0.007573513458851138,A1B1,159.26062096354158,198.4
241.0,97,12.306338772320972,A1B1,89.8047457567537,198.4
241.0,98,14.852331451512665,C1B1,225.69209595598647,201.6
242.0,100,9.936507955137454,C2B2,377.924270859318,401.6
242.0,101,0.014265438456128852,C0B0,208.20432377629743,1.6
242.0,102,12.961406907081185,B0B1,201.6,78.16895148620779
242.0,103,0.32706386010822086,C0C1,401.6,184.27527560811083
242.0,104,11.695599924231232,C0C1,401.6,160.27342497398973
242.0,105,0.16487379621631534,B2B1,198.4,223.20863040085294
242.0,107,0.0,C2B2,208.20104530950232,401.6
242.0,108,14.098765125890568,C1C0,398.4,111.05732659641481
242.0,109,12.401510057618335,A2B2,73.97539839731486,398.4
242.0,110,11.365197190723798,C1B1,362.2121175362335,201.6
242.0,111,4.564786865296229,C1C0,398.4,190.93863923611198
242.0,112,0.008521222598414596,A0B0,191.79778267811304,-1.6
242.0,113,0.19461639376174256,B1B2,201.6,356.50812907559595
242.0,114,8.476075512940103,A1A2,1.6,392.75956750659793
242.0,115,12.094888000587858,A0B0,141.3558117833651,-1.6
242.0,116,15.429876424500026,B2A2,45.087248816284955,401.6
242.0,117,12.816768424615308,A2A1,-1.6,299.28932255592724
242.0,118,13.057266890086144,C1C2,401.6,276.9762566066622
242.0,119,13.581256178116448,B2A2,145.4725381869999,401.6
242.0,45,0.0,:B2_5,200.85611111111112,393.91583333333335
242.0,55,8.83104066182211,A1A2,1.6,218.24870249480387
242.0,56,0.0,A1B1,181.76684876133507,198.4
242.0,57,14.772715440833757,C1C0,398.4,140.44279703053576
242.0,58,0.0,B2B1,198.4,215.70203876859554
242.0,60,14.753055156909117,B1B2,201.6,314.14758773031684
242.0,61,14.940533480279564,B1B2,201.6,282.4321325866324
242.0,64,5.078805293913394,:C1_0,396.77649884476165,202.865899306857
242.0,69,13.466067268868402,B1A1,141.33755316603146,201.6
242.0,74,13.08208496669525,B0A0,24.0687309639317,1.6
242.0,75,3.5127693095506842,B1B2,201.6,347.58447570105795
242.0,76,0.0,:B1_14,196.7134866003884,198.98809196023302
242.0,77,0.0,B1B2,201.6,371.6358930388676
242.0,78,0.0,B1B2,201.6,386.63799867636993
242.0,80,0.0,B1B2,201.6,379.13693198784915
242.0,81,0.0,A1B1,174.26579350972364,198.4
242.0,82,7.536482121844232,:A1_4,3.9343219812130483,201.13347456874473
242.0,83,0.00018671081122232638,A1B1,166.76466679027374,198.4
242.0,85,0.0,B2B1,198.4,208.2010109470803
242.0,86,12.662600652524375,B0C0,352.88388555944266,-1.6
242.0,87,14.298375093371988,B1A1,45.365566973028535,201.6
242.0,88,0.0,B0B1,201.6,191.79898848734948
242.0,89,0.07943440633461604,A1B1,151.74562759346517,198.4
242.0,90,0.0,B1B2,201.6,364.13481532215735
242.0,91,12.046326589332008,B1A1,167.5768697018084,201.6
242.0,92,0.0,C0C1,401.6,191.798989625217
242.0,93,0.1178344820331311,B0B1,201.6,184.188008590868
242.0,94,0.0,A1B1,189.26790614884686,198.4
242.0,95,14.038256040693678,A1A2,1.6,358.12773442973116
242.0,96,0.0020375389194579843,A1B1,159.26265850246105,198.4
242.0,97,11.681545169119575,A1B1,101.48629092587328,198.4
242.0,98,15.160922589758203,C1B1,210.53117336622827,201.6
243.0,100,11.635772368442082,C2B2,366.28849849087595,401.6
243.0,101,0.0022832979968658807,C0B0,208.20204047830057,1.6
243.0,102,12.562260639705277,B0B1,201.6,90.73121212591306
243.0,103,0.017866771826834327,C0C1,401.6,184.29314237993768
243.0,104,9.431929764417852,C0C1,401.6,169.70535473840758
243.0,105,0.003022529152783512,B2B1,198.4,223.20560787170015
243.0,107,0.0,C2B2,208.20104530950232,401.6
243.0,108,13.7847802396131,C1C0,398.4,97.27254635680173
243.0,109,12.42096460829159,A2B2,86.39636300560645,398.4
243.0,110,11.833982877394623,C1B1,350.3781346588389,201.6
243.0,111,6.7551297427522154,C1C0,398.4,184.18350949335976
243.0,112,0.001067946841710315,A0B0,191.79885062495475,-1.6
243.0,113,0.12049758738986144,B1B2,201.6,356.62862666298577
243.0,114,3.9760755129401026,A1A2,1.6,396.73564301953803
243.0,115,12.567887426844724,A0B0,153.92369921020983,-1.6
243.0,116,15.692245860618778,B2A2,29.395002955666172,401.6
243.0,117,12.799863667955666,A2A1,-1.6,286.4894588879716
243.0,118,13.428978819438166,C1C2,401.6,290.4052354261004
243.0,119,14.112818700612545,B2A2,131.35971948638735,401.6
243.0,121,3.6262936739560097,B1B2,201.6,212.29999999999998
243.0,45,0.0,:B2_5,200.85611111111112,393.91583333333335
243.0,55,11.341264433546959,A1A2,1.6,229.5899669283508
243.0,56,0.0,A1B1,181.76684876133507,198.4
243.0,57,15.321183282368631,C1C0,398.4,125.1216137481671
243.0,58,0.0,B2B1,198.4,215.70203876859554
243.0,60,12.050203502073632,B1B2,201.6,326.19779123239044
243.0,61,15.449503750632003,B1B2,201.6,297.88163633726447
243.0,64,5.809191725638159,C1B1,391.24520417928244,201.6
243.0,69,12.952997075120413,B1A1,128.38455609091108,201.6
243.0,74,12.603480272774897,B0A0,11.465250691156797,1.6
243.0,75,1.3901445515525834,B1B2,201.6,348.9746202526105
243.0,76,0.0,:B1_14,196.7134866003884,198.98809196023302
243.0,77,0.0,B1B2,201.6,371.6358930388676
243.0,78,0.0,B1B2,201.6,386.63799867636993
243.0,80,0.0,B1B2,201.6,379.13693198784915
243.0,81,0.0,A1B1,174.26579350972364,198.4
243.0,82,7.36133645219244,:A1_4,-1.1006553718994116,196.29541239670414
243.0,83,0.00010467003045438844,A1B1,166.7647714603042,198.4
243.0,85,0.0,B2B1,198.4,208.2010109470803
243.0,86,13.388894730270946,B0C0,366.27278028971364,-1.6
243.0,87,14.46985039561373,B1A1,30.895716577414817,201.6
243.0,88,0.0,B0B1,201.6,191.79898848734948
243.0,89,0.012109290698390025,A1B1,151.75773688416356,198.4
243.0,90,0.0,B1B2,201.6,364.13481532215735
243.0,91,12.220382056482181,B1A1,155.35648764532618,201.6
243.0,92,0.0,C0C1,401.6,191.798989625217
243.0,93,0.10777283528791337,B0B1,201.6,184.2957814261559
243.0,94,0.0,A1B1,189.26790614884686,198.4
243.0,95,13.685619801869725,A1A2,1.6,371.8133542316009
243.0,96,0.0005394234732398477,A1B1,159.2631979259343,198.4
243.0,97,12.407392978741639,A1B1,113.89368390461493,198.4
243.0,98,15.276282109343239,:B1_5,195.25489125688506,201.6
244.0,100,14.092302664895357,C2B2,352.19619582598057,401.6
244.0,101,0.0009789888394738633,C0B0,208.2010614894611,1.6
244.0,102,12.55131298575136,B0B1,201.6,103.28252511166444
244.0,103,0.004327912089444713,C0C1,401.6,184.29747029202713
244.0,104,4.95761754033956,C0C1,401.6,174.66297227874713
244.0,105,0.002145614815214081,B2B1,198.4,223.20346225688493
244.0,107,0.0,C2B2,208.20104530950232,401.6
244.0,108,14.500033021831259,C1C0,398.4,82.77251333497043
244.0,109,12.438297276451678,A2B2,98.83466028205814,398.4
244.0,110,12.38458341649591,C1B1,337.993551242343,201.6
244.0,111,8.361660522398925,C1C0,398.4,175.82184897096084
244.0,112,0.0,A0B0,191.79885062495475,-1.6
244.0,113,0.0039896578299342764,B1B2,201.6,356.6326163208157
244.0,114,3.750019850815684,A2B2,4.305662870353696,398.4
244.0,115,11.875694150293171,A0B0,165.799393360503,-1.6
244.0,116,15.087136611879057,B2A2,14.307866343787111,401.6
244.0,117,13.522497950570703,A2A1,-1.6,272.96696093740087
244.0,118,13.153029977824449,C1C2,401.6,303.55826540392485
244.0,119,14.477411901067965,B2A2,116.8823075853194,401.6
244.0,121,4.937363501599233,B1B2,201.6,217.23736350159922
244.0,45,0.0,:B2_5,200.85611111111112,393.91583333333335
244.0,55,13.426758892502226,A1A2,1.6,243.01672582085305
244.0,56,0.0,A1B1,181.76684876133507,198.4
244.0,57,14.23475795377595,C1C0,398.4,110.88685579439115
244.0,58,0.0,B2B1,198.4,215.70203876859554
244.0,60,9.189386959593808,B1B2,201.6,335.3871781919843
244.0,61,13.466506856426271,B1B2,201.6,311.3481431936907
244.0,64,7.4948052401677,C1B1,383.75039893911475,201.6
244.0,69,13.9709749371572,B1A1,114.41358115375387,201.6
244.0,75,0.12424001043498475,B1B2,201.6,349.0988602630455
244.0,76,0.0,:B1_14,196.7134866003884,198.98809196023302
244.0,77,0.0,B1B2,201.6,371.6358930388676
244.0,78,0.0,B1B2,201.6,386.63799867636993
244.0,80,0.0,B1B2,201.6,379.13693198784915
244.0,81,0.0,A1B1,174.26579350972364,198.4
244.0,82,7.645388548499717,A1A0,-1.6,188.6849584445296
244.0,83,0.0,A1B1,166.7647714603042,198.4
244.0,85,0.0,B2B1,198.4,208.2010109470803
244.0,86,13.296124578896084,B0C0,379.5689048686097,-1.6
244.0,87,12.547016405798756,B1A1,18.34870017161606,201.6
244.0,88,0.0,B0B1,201.6,191.79898848734948
244.0,89,0.0022560005297798794,A1B1,151.75999288469333,198.4
244.0,90,0.0,B1B2,201.6,364.13481532215735
244.0,91,11.097457340386741,B1A1,144.25903030493947,201.6
244.0,92,0.0,C0C1,401.6,191.798989625217
244.0,93,0.0014853731838041448,B0B1,201.6,184.29726679933972
244.0,94,0.0,A1B1,189.26790614884686,198.4
244.0,95,9.185619801869725,A1A2,1.6,380.99897403347063
244.0,96,0.00031881766002785826,A1B1,159.26351674359432,198.4
244.0,97,11.711591000323036,A1B1,125.60527490493797,198.4
244.0,98,14.706877798167781,B1A1,180.54801345871726,201.6
245.0,100,13.528720093177073,C2B2,338.6674757328035,401.6
245.0,101,0.0,C0B0,208.2010614894611,1.6
245.0,102,12.164161419068046,B0B1,201.6,115.44668653073249
245.0,103,0.000426048242597628,C0C1,401.6,184.29789634026972
245.0,104,1.4841780111296503,C0C1,401.6,176.14715028987678
245.0,105,0.0002474779908677922,B2B1,198.4,223.20321477889408
245.0,107,0.0,C2B2,208.20104530950232,401.6
245.0,108,13.90624291097869,C1C0,398.4,68.86627042399175
245.0,109,12.210218367000536,A2B2,111.04487864905867,398.4
245.0,110,11.723985009974308,C1B1,326.2695662323687,201.6
245.0,111,10.113319731051488,C1C0,398.4,165.70852923990935
245.0,112,0.0001118588965951642,A0B0,191.79896248385134,-1.6
245.0,113,0.0006264080796458696,B1B2,201.6,356.6332427288954
245.0,114,5.782634608471804,A2B2,10.088297478825503,398.4
245.0,115,10.623541639867389,A0B0,176.4229350003704,-1.6
245.0,116,10.587136611879057,B2A2,3.720729731908051,401.6
245.0,117,12.691910652543463,A2A1,-1.6,260.2750502848574
245.0,118,13.672716158340595,C1C2,401.6,317.2309815622654
245.0,119,14.60697877784448,B2A2,102.27532880747492,401.6
245.0,120,12.16914480219259,B1A1,187.70000000000002,201.6
245.0,121,7.532114000789064,B1B2,201.6,224.7694775023883
245.0,122,1.4085151245357659,A1B1,12.3,198.4
245.0,45,0.0,:B2_5,200.85611111111112,393.91583333333335
245.0,55,12.78628680277016,A1A2,1.6,255.8030126236232
245.0,56,0.0,A1B1,181.76684876133507,198.4
245.0,57,15.038489660689423,C1C0,398.4,95.84836613370172
245.0,58,0.0,B2B1,198.4,215.70203876859554
245.0,60,4.795800018713523,B1B2,201.6,340.1829782106978
245.0,61,10.506321319880488,B1B2,201.6,321.8544645135712
245.0,64,9.897967060797312,C1B1,373.8524318783174,201.6
245.0,69,13.907676388236188,B1A1,100.50590476551768,201.6
245.0,75,0.029053445814622457,B1B2,201.6,349.1279137088601
245.0,76,1.7136848673922942,:B1_22,198.18258694217434,199.86955216530458
245.0,77,0.0,B1B2,201.6,371.6358930388676
245.0,78,0.0,B1B2,201.6,386.63799867636993
245.0,80,0.0,B1B2,201.6,379.13693198784915
245.0,81,0.0,A1B1,174.26579350972364,198.4
245.0,82,9.374942857683449,A1A0,-1.6,179.31001558684613
245.0,83,0.0,A1B1,166.7647714603042,198.4
245.0,85,0.0,B2B1,198.4,208.2010109470803
245.0,86,10.44156412037393,B0C0,390.0104689889837,-1.6
245.0,87,8.047016405798756,B1A1,10.301683765817302,201.6
245.0,88,0.0,B0B1,201.6,191.79898848734948
245.0,89,0.001455612429105196,A1B1,151.76144849712244,198.4
245.0,90,0.0,B1B2,201.6,364.13481532215735
245.0,91,11.860796747802802,B1A1,132.39823355713665,201.6
245.0,92,0.0,C0C1,401.6,191.798989625217
245.0,93,0.000375625647062742,B0B1,201.6,184.29764242498678
245.0,94,0.0,A1B1,189.26790614884686,198.4
245.0,95,7.783782512723102,A1A2,1.6,388.78275654619375
245.0,96,0.00016627929170478684,A1B1,159.26368302288603,198.4
245.0,97,9.857983980029552,A1B1,135.4632588849675,198.4
245.0,98,14.861089666932614,B1A1,165.68692379178464,201.6
246.0,100,14.548330417143553,C2B2,324.1191453156599,401.6
246.0,101,0.0,C0B0,208.2010614894611,1.6
246.0,102,12.499001803286887,B0B1,201.6,127.9456883340194
246.0,103,0.0,C0C1,401.6,184.29789634026972
246.0,104,0.4925885139802081,C0C1,401.6,176.63973880385697
246.0,105,0.0001279375811809038,B2B1,198.4,223.2030868413129
246.0,107,0.0,C2B2,208.20104530950232,401.6
246.0,108,14.424109954499945,C1C0,398.4,54.442160469491796
246.0,109,12.872549479078927,A2B2,123.9174281281376,398.4
246.0,110,12.847597184924847,C1B1,313.42196904744384,201.6
246.0,111,11.660265774399251,C1C0,398.4,154.0482634655101
246.0,112,0.0,A0B0,191.79896248385134,-1.6
246.0,113,0.00037287312026917723,B1B2,201.6,356.63361560201565
246.0,114,7.246011768585109,A2B2,17.334309247410612,398.4
246.0,115,6.123541639867389,A0B0,182.54647664023778,-1.6
246.0,116,6.495765014961206,:A2_0,-1.350357216462095,398.5474994847653
246.0,117,13.829303050466857,A2A1,-1.6,246.44574723439055
246.0,118,12.978927726057268,C1C2,401.6,330.2099092883227
246.0,119,14.79285404849986,B2A2,87.48247475897506,401.6
246.0,120,12.184154862925821,B1A1,175.5158451370742,201.6
246.0,121,9.496909294191923,B1B2,201.6,234.2663867965802
246.0,122,3.7510169586871007,A1B1,16.051016958687104,198.4
246.0,45,0.0,:B2_5,200.85611111111112,393.91583333333335
246.0,55,13.15241900579404,A1A2,1.6,268.95543162941726
246.0,56,0.0,A1B1,181.76684876133507,198.4
246.0,57,14.015905448125336,C1C0,398.4,81.83246068557638
246.0,58,0.0,B2B1,198.4,215.70203876859554
246.0,60,1.2429130768033594,B1B2,201.6,341.42589128750114
246.0,61,6.901959246336656,B1B2,201.6,328.7564237599079
246.0,64,12.035195792491942,C1B1,361.81723608582547,201.6
246.0,69,13.319179322320462,B1A1,87.1867254431972,201.6
246.0,75,0.003722441600755752,B1B2,201.6,349.13163615046085
246.0,76,3.9487975662574173,:B1_22,200.70083191813268,202.7680531968878
246.0,77,0.0,B1B2,201.6,371.6358930388676
246.0,78,0.0,B1B2,201.6,386.63799867636993
246.0,80,0.0,B1B2,201.6,379.13693198784915
246.0,81,0.0,A1B1,174.26579350972364,198.4
246.0,82,10.835098280599153,A1A0,-1.6,168.474917306247
246.0,83,0.0,A1B1,166.7647714603042,198.4
246.0,85,0.0,B2B1,198.4,208.2010109470803
246.0,86,5.941564120373929,B0C0,395.95203310935756,-1.6
246.0,87,3.5470164057987557,:A1_5,6.82888946668213,201.35259297778808
246.0,88,0.0,B0B1,201.6,191.79898848734948
246.0,89,0.0009487147669903389,A1B1,151.76239721188944,198.4
246.0,90,0.0,B1B2,201.6,364.13481532215735
246.0,91,11.506907131480098,B1A1,120.89132642565654,201.6
246.0,92,0.0,C0C1,401.6,191.798989625217
246.0,93,0.00022128256101387362,B0B1,201.6,184.29786370754778
246.0,94,1.305974331847392,A1B1,190.57388048069424,198.4
246.0,95,6.9860673662194746,A1A2,1.6,395.76882391241327
246.0,96,0.0,A1B1,159.26368302288603,198.4
246.0,97,6.145540893184534,A1B1,141.60879977815205,198.4
246.0,98,15.488940468453594,B1A1,150.19798332333107,201.6
247.0,100,13.974878570096008,C2B2,310.1442667455639,401.6
247.0,101,0.0,C0B0,208.2010614894611,1.6
247.0,102,13.312308877581312,B0B1,201.6,141.25799721160067
247.0,103,0.0,C0C1,401.6,184.29789634026972
247.0,104,0.12531636917618408,C0C1,401.6,176.76505517303315
247.0,105,0.0,B2B1,198.4,223.2030868413129
247.0,107,0.0,C2B2,208.20104530950232,401.6
247.0,108,14.69337898778853,C1C0,398.4,39.748781481703276
247.0,109,12.762158403309487,A2B2,136.6795865314471,398.4
247.0,110,12.36195452919553,C1B1,301.0600145182483,201.6
247.0,111,11.59393061907331,C1C0,398.4,142.45433284643678
247.0,112,0.0,A0B0,191.79896248385134,-1.6
247.0,113,0.00011154039771070265,B1B2,201.6,356.63372714241336
247.0,114,8.986620982388073,A2B2,26.320930229798684,398.4
247.0,115,1.6235416398673888,A0B0,184.17001828010518,-1.6
247.0,116,6.0637508539853915,A2A1,-1.6,392.5012138629615
247.0,117,13.544504924637309,A2A1,-1.6,232.90124230975326
247.0,118,12.929785385370165,C1C2,401.6,343.1396946736928
247.0,119,14.577230127693175,B2A2,72.90524463128187,401.6
247.0,120,12.8708703324119,B1A1,162.64497480466227,201.6
247.0,121,11.394930597658444,B1B2,201.6,245.66131739423867
247.0,122,5.235402567824926,A1B1,21.28641952651203,198.4
247.0,45,0.0,:B2_5,200.85611111111112,393.91583333333335
247.0,55,13.418483954475784,A1A2,1.6,282.37391558389305
247.0,56,1.1601658070331842,A1B1,182.92701456836826,198.4
247.0,57,15.265778015569374,C1C0,398.4,66.566682670007
247.0,58,0.0,B2B1,198.4,215.70203876859554
247.0,60,0.14491625600856148,B1B2,201.6,341.5708075435097
247.0,61,3.8196109067708095,B1B2,201.6,332.57603466667865
247.0,64,12.189969502639526,C1B1,349.62726658318593,201.6
247.0,69,14.084815741895193,B1A1,73.101909701302,201.6
247.0,75,0.0007535606667503157,B1B2,201.6,349.13238971112764
247.0,76,5.480882551101968,B1B2,201.6,208.11232533123388
247.0,77,0.0,B1B2,201.6,371.6358930388676
247.0,78,0.0,B1B2,201.6,386.63799867636993
247.0,80,0.0,B1B2,201.6,379.13693198784915
247.0,81,0.0,A1B1,174.26579350972364,198.4
247.0,82,13.013963149701988,A1A0,-1.6,155.460954156545
247.0,83,0.0,A1B1,166.7647714603042,198.4
247.0,85,0.0,B2B1,198.4,208.2010109470803
247.0,86,4.89075235830421,:C0_1,400.48891130805686,-0.2518144865718711
247.0,87,2.883109481954276,:A1_11,6.083384904712586,199.14441006352493
247.0,88,0.0,B0B1,201.6,191.79898848734948
247.0,89,0.000245327136582801,A1B1,151.76264253902602,198.4
247.0,90,0.0,B1B2,201.6,364.13481532215735
247.0,91,12.02798270052676,B1A1,108.86334372512978,201.6
247.0,92,0.0,C0C1,401.6,191.798989625217
247.0,93,0.00010788038521463338,B0B1,201.6,184.29797158793298
247.0,94,3.766119519305769,:B1_23,194.04473624210104,199.2894724842021
247.0,95,3.0513012967794007,:A2_1,2.645665457742731,398.3208093511061
247.0,96,0.0,A1B1,159.26368302288603,198.4
247.0,97,2.155632928538977,A1B1,143.76443270669103,198.4
247.0,98,13.56241528436898,B1A1,136.63556803896208,201.6
248.0,100,14.760698389153369,C2B2,295.38356835641054,401.6
248.0,101,0.0,C0B0,208.2010614894611,1.6
248.0,102,13.341218692032202,B0B1,201.6,154.59921590363288
248.0,103,0.0,C0C1,401.6,184.29789634026972
248.0,104,0.03083660864802028,C0C1,401.6,176.79589178168118
248.0,105,0.0,B2B1,198.4,223.2030868413129
248.0,107,0.0,C2B2,208.20104530950232,401.6
248.0,108,14.519949355392091,C1C0,398.4,25.228832126311175
248.0,109,12.457851123969496,A2B2,149.1374376554166,398.4
248.0,110,12.307580582735568,C1B1,288.7524339355127,201.6
248.0,111,10.770868517787406,C1C0,398.4,131.6834643286494
248.0,112,0.0,A0B0,191.79896248385134,-1.6
248.0,113,0.0,B1B2,201.6,356.63372714241336
248.0,114,11.55967838014573,A2B2,37.880608609944424,398.4
248.0,115,0.08445740920433883,A0B0,184.25447568930952,-1.6
248.0,116,7.622705196789309,A2A1,-1.6,384.8785086661722
248.0,117,12.32206854813001,A2A1,-1.6,220.57917376162325
248.0,118,13.071374927429392,C1C2,401.6,356.21106960112223
248.0,119,13.598078050442993,B2A2,59.30716658083887,401.6
248.0,120,12.295700166785569,B1A1,150.3492746378767,201.6
248.0,121,12.786282410689804,B1B2,201.6,258.4475998049285
248.0,122,6.99403476170322,A1B1,28.28045428821525,198.4
248.0,45,0.0,:B2_5,200.85611111111112,393.91583333333335
248.0,55,13.464999538444506,A1A2,1.6,295.83891512233754
248.0,56,2.9234242282446874,A1B1,185.85043879661296,198.4
248.0,57,15.017333480010507,C1C0,398.4,51.54934918999649
248.0,58,0.0,B2B1,198.4,215.70203876859554
248.0,60,0.03791444055106653,B1B2,201.6,341.6087219840608
248.0,61,1.4319193454220354,B1B2,201.6,334.0079540121007
248.0,64,11.829524449439289,C1B1,337.7977421337466,201.6
248.0,69,13.778670151095332,B1A1,59.323239550206665,201.6
248.0,75,0.000290980241579294,B1B2,201.6,349.13268069136916
248.0,76,6.967201959621162,B1B2,201.6,215.07952729085503
248.0,77,0.0,B1B2,201.6,371.6358930388676
248.0,78,0.0,B1B2,201.6,386.63799867636993
248.0,80,0.0,B1B2,201.6,379.13693198784915
248.0,81,0.7712999380161192,A1B1,175.03709344773975,198.4
248.0,82,13.30767171219232,A1A0,-1.6,142.15328244435267
248.0,83,0.0,A1B1,166.7647714603042,198.4
248.0,85,0.0,B2B1,198.4,208.2010109470803
248.0,86,4.9260530759001755,C0C1,401.6,4.4288385435619615
248.0,87,2.8638353666013847,A1B1,8.722277488537106,198.4
248.0,88,0.0,B0B1,201.6,191.79898848734948
248.0,89,0.0,A1B1,151.76264253902602,198.4
248.0,90,0.0,B1B2,201.6,364.13481532215735
248.0,91,11.112871205437974,B1A1,97.75047251969181,201.6
248.0,92,0.0,C0C1,401.6,191.798989625217
248.0,93,0.0,B0B1,201.6,184.29797158793298
248.0,94,3.0481104570362714,:B1_23,192.86815889296662,201.55456073802225
248.0,95,4.110959011970534,A2B2,6.751084221163163,398.4
248.0,96,0.0,A1B1,159.26368302288603,198.4
248.0,97,0.4841875276914642,A1B1,144.24862023438249,198.4
248.0,98,13.621047503840067,B1A1,123.014520535122,201.6
249.0,100,13.837979789132625,C2B2,281.5455885672779,401.6
249.0,101,0.0,C0B0,208.2010614894611,1.6
249.0,102,11.84599059303035,B0B1,201.6,166.44520649666325
249.0,103,0.0,C0C1,401.6,184.29789634026972
249.0,104,0.0007351927009918761,C0C1,401.6,176.79662697438218
249.0,105,0.0,B2B1,198.4,223.2030868413129
249.0,107,0.0,C2B2,208.20104530950232,401.6
249.0,108,12.287331699101514,C1C0,398.4,12.941500427209661
249.0,109,12.650443424094894,A2B2,161.7878810795115,398.4
249.0,110,12.146435005994022,C1B1,276.6059989295187,201.6
249.0,111,11.155180263242894,C1C0,398.4,120.52828406540648
249.0,112,0.0,A0B0,191.79896248385134,-1.6
249.0,113,0.0,B1B2,201.6,356.63372714241336
249.0,114,13.518300265540407,A2B2,51.39890887548483,398.4
249.0,115,0.04227817649051891,A0B0,184.29675386580004,-1.6
249.0,116,9.892815359835357,A2A1,-1.6,374.9856933063368
249.0,117,7.957534481791923,A2A1,-1.6,212.62163927983133
249.0,118,13.095799881770185,C1C2,401.6,369.3068694828924
249.0,119,13.917401072477944,B2A2,45.38976550836091,401.6
249.0,120,11.937873055358828,B1A1,138.41140158251787,201.6
249.0,121,14.958824783390531,B1B2,201.6,273.406424588319
249.0,122,8.341533672554066,A1B1,36.621987960769324,198.4
249.0,123,8.925174920813639,A2A1,-1.6,391.7
249.0,124,13.89,B2C2,212.29999999999998,398.4
249.0,45,0.0,:B2_5,200.85611111111112,393.91583333333335
249.0,55,13.718012220965289,A1A2,1.6,309.55692734330285
249.0,56,3.63887641963273,A1B1,189.4893152162457,198.4
249.0,57,15.459543091850257,C1C0,398.4,36.08980609814623
249.0,58,0.0,B2B1,198.4,215.70203876859554
249.0,60,0.019315672077463954,B1B2,201.6,341.62803765613825
249.0,61,0.0881799961972442,B1B2,201.6,334.09613400829795
249.0,64,12.693443397123866,C1B1,325.1042987366228,201.6
249.0,69,13.23960532837683,B1A1,46.08363422182984,201.6
249.0,75,0.0,B1B2,201.6,349.13268069136916
249.0,76,8.882938576070593,B1B2,201.6,223.96246586692564
249.0,77,0.0,B1B2,201.6,371.6358930388676
249.0,78,0.0,B1B2,201.6,386.63799867636993
249.0,80,0.0,B1B2,201.6,379.13693198784915
249.0,81,2.9759286946310106,A1B1,178.01302214237077,198.4
249.0,82,13.955696482600256,A1A0,-1.6,128.1975859617524
249.0,83,0.6662553858223532,A1B1,167.43102684612654,198.4
249.0,85,0.0,B2B1,198.4,208.2010109470803
249.0,86,6.959313212044412,C0C1,401.6,11.388151755606376
249.0,87,4.997622578307316,A1B1,13.719900066844424,198.4
249.0,88,0.0,B0B1,201.6,191.79898848734948
249.0,89,0.0,A1B1,151.76264253902602,198.4
249.0,90,0.0,B1B2,201.6,364.13481532215735
249.0,91,12.365893107912548,B1A1,85.38457941177926,201.6
249.0,92,0.0,C0C1,401.6,191.798989625217
249.0,93,0.0,B0B1,201.6,184.29797158793298
249.0,94,3.2715953343003985,B1A1,189.61029420866336,201.6
249.0,95,5.637593590447194,A2B2,12.388677811610357,398.4
249.0,96,0.0,A1B1,159.26368302288603,198.4
249.0,97,0.007158403469274157,A1B1,144.25577863785176,198.4
249.0,98,12.276874035882667,B1A1,110.73764649923933,201.6
250.0,100,14.180934550923668,C2B2,267.3646540163543,401.6
250.0,101,0.0,C0B0,208.2010614894611,1.6
250.0,102,7.345990593030351,B0B1,201.6,173.7911970896936
250.0,103,0.0,C0C1,401.6,184.29789634026972
250.0,104,0.00014647932454700118,C0C1,401.6,176.79677345370672
250.0,105,0.0,B2B1,198.4,223.2030868413129
250.0,107,0.0,C2B2,208.20104530950232,401.6
250.0,108,8.540321823662406,C1C0,398.4,4.401178603547265
250.0,109,12.900477238508365,A2B2,174.68835831801985,398.4
250.0,110,11.776080184973283,C1B1,264.8299187445454,201.6
250.0,111,10.86152305756996,C1C0,398.4,109.66676100783653
250.0,112,0.0,A0B0,191.79896248385134,-1.6
250.0,113,0.0,B1B2,201.6,356.63372714241336
250.0,114,15.15911817937503,A2B2,66.55802705485986,398.4
250.0,115,0.0008799070544993672,A0B0,184.29763377285454,-1.6
250.0,116,11.24036466930046,A2A1,-1.6,363.7453286370364
250.0,117,3.4686526495238286,A2A1,-1.6,209.1529866303075
250.0,118,13.005136487089008,C1C2,401.6,382.31200596998144
250.0,119,14.403845554638677,B2A2,30.98591995372223,401.6
250.0,120,12.210747149881387,B1A1,126.20065443263648,201.6
250.0,121,15.060807222001397,B1B2,201.6,288.4672318103204
250.0,122,10.732309767976982,A1B1,47.35429772874631,198.4
250.0,123,9.055982975391666,A2A1,-1.6,382.64401702460833
250.0,124,14.166314859966212,B2C2,226.4663148599662,398.4
250.0,45,0.0,:B2_5,200.85611111111112,393.91583333333335
250.0,55,13.119670523929932,A1A2,1.6,322.6765978672328
250.0,57,12.464688734475686,C1C0,398.4,23.62511736367054
250.0,58,0.0,B2B1,198.4,215.70203876859554
250.0,60,0.003533678485117775,B1B2,201.6,341.63157133462335
250.0,61,0.027561126729431017,B1B2,201.6,334.1236951350274
250.0,64,12.03676672849668,C1B1,313.0675320081261,201.6
250.0,69,13.114380387502218,B1A1,32.96925383432762,201.6
250.0,75,0.0,B1B2,201.6,349.13268069136916
250.0,76,10.759508055704647,B1B2,201.6,234.72197392263027
250.0,77,0.0,B1B2,201.6,371.6358930388676
250.0,78,0.0,B1B2,201.6,386.63799867636993
250.0,80,0.0,B1B2,201.6,379.13693198784915
250.0,81,2.6866812753044362,A1B1,180.6997034176752,198.4
250.0,82,13.585247010265089,A1A0,-1.6,114.61233895148732
250.0,83,2.140826669404935,A1B1,169.57185351553147,198.4
250.0,85,0.0,B2B1,198.4,208.2010109470803
250.0,86,9.154804840602786,C0C1,401.6,20.542956596209162
250.0,87,6.779420210649521,A1B1,20.499320277493943,198.4
250.0,88,0.0,B0B1,201.6,191.79898848734948
250.0,89,0.0,A1B1,151.76264253902602,198.4
250.0,90,0.0,B1B2,201.6,364.13481532215735
250.0,91,11.776290400679269,B1A1,73.60828901109997,201.6
250.0,92,0.0,C0C1,401.6,191.798989625217
250.0,93,0.0,B0B1,201.6,184.29797158793298
250.0,94,4.6488402123484756,B1A1,184.96145399631487,201.6
250.0,95,8.003229124054759,A2B2,20.39190693566512,398.4
250.0,96,0.38481710284478043,A1B1,159.6485001257308,198.4
250.0,97,0.004136568083398827,A1B1,144.25991520593516,198.4
250.0,98,13.832198812374342,B1A1,96.90544768686499,201.6
251.0,100,14.684908559972792,C2B2,252.67974545638145,401.6
251.0,101,0.0,C0B0,208.2010614894611,1.6
251.0,102,2.8459905930303506,B0B1,201.6,176.63718768272398
251.0,103,0.0,C0C1,401.6,184.29789634026972
251.0,104,0.0,C0C1,401.6,176.79677345370672
251.0,105,0.0,B2B1,198.4,223.2030868413129
251.0,107,0.0,C2B2,208.20104530950232,401.6
251.0,108,4.040321823662406,C0B0,396.5408567798849,1.6
251.0,109,10.47729892362552,A2B2,185.16565724164536,398.4
251.0,110,12.193603610208697,C1B1,252.6363151343367,201.6
251.0,111,11.44085713734685,C1C0,398.4,98.22590387048967
251.0,112,0.0,A0B0,191.79896248385134,-1.6
251.0,113,0.0,B1B2,201.6,356.63372714241336
251.0,114,14.587991210402645,A2B2,81.14601826526251,398.4
251.0,115,0.00024334295688158733,A0B0,184.29787711581142,-1.6
251.0,116,13.564775648633793,A2A1,-1.6,350.18055298840255
251.0,117,0.7665940452767619,A2A1,-1.6,208.38639258503073
251.0,118,10.432648345131138,C1C2,401.6,392.74465431511254
251.0,119,13.738287512284726,B2A2,17.247632441437503,401.6
251.0,120,12.990960040470997,B1A1,113.20969439216549,201.6
251.0,121,15.036733644445569,B1B2,201.6,303.503965454766
251.0,122,13.233209400158954,A1B1,60.58750712890528,198.4
251.0,123,10.212422688712,A2A1,-1.6,372.43159433589636
251.0,124,14.157328629771643,B2C2,240.62364348973784,398.4
251.0,125,13.89,B0A0,187.70000000000002,1.6
251.0,45,0.0,:B2_5,200.85611111111112,393.91583333333335
251.0,55,13.005853234085777,A1A2,1.6,335.6824511013185
251.0,57,9.578981782362902,C1C0,398.4,14.046135581307652
251.0,58,0.0,B2B1,198.4,215.70203876859554
251.0,60,0.0,B1B2,201.6,341.63157133462335
251.0,61,0.004096896383995052,B1B2,201.6,334.1277920314114
251.0,64,12.043367307953105,C1B1,301.024164700173,201.6
251.0,69,13.868840250891127,B1A1,19.100413583436477,201.6
251.0,75,0.0,B1B2,201.6,349.13268069136916
251.0,76,12.381707495683804,B1B2,201.6,247.10368141831407
251.0,77,0.0,B1B2,201.6,371.6358930388676
251.0,78,0.0,B1B2,201.6,386.63799867636993
251.0,80,0.0,B1B2,201.6,379.13693198784915
251.0,81,4.208913208173618,A1B1,184.90861662584882,198.4
251.0,82,13.232547527428329,A1A0,-1.6,101.379791424059
251.0,83,2.6660273563834256,A1B1,172.2378808719149,198.4
251.0,85,0.0,B2B1,198.4,208.2010109470803
251.0,86,10.699336408370048,C0C1,401.6,31.242293004579214
251.0,87,8.178795643914752,A1B1,28.678115921408697,198.4
251.0,88,0.0,B0B1,201.6,191.79898848734948
251.0,89,0.2634939212827702,A1B1,152.02613646030878,198.4
251.0,90,0.0,B1B2,201.6,364.13481532215735
251.0,91,11.849968518599914,B1A1,61.75832049250005,201.6
251.0,92,0.0,C0C1,401.6,191.798989625217
251.0,93,0.0,B0B1,201.6,184.29797158793298
251.0,94,6.502940725271218,B1A1,178.45851327104364,201.6
251.0,95,10.32488124205496,A2B2,30.716788177720083,398.4
251.0,96,1.5582826186516652,A1B1,161.20678274438248,198.4
251.0,97,0.0015975705761625306,A1B1,144.26151277651132,198.4
251.0,98,12.175120694428509,B1A1,84.73032699243646,201.6
252.0,100,14.583577274375967,C2B2,238.0961681820055,401.6
252.0,101,0.0,C0B0,208.2010614894611,1.6
252.0,102,0.09144232354549502,B0B1,201.6,176.72863000626947
252.0,103,0.0,C0C1,401.6,184.29789634026972
252.0,104,0.0,C0C1,401.6,176.79677345370672
252.0,105,0.0,B2B1,198.4,223.2030868413129
252.0,107,0.0,C2B2,208.20104530950232,401.6
252.0,108,5.575555583821869,C0B0,390.965301196063,1.6
252.0,109,6.735879703072749,A2B2,191.90153694471812,398.4
252.0,110,12.228104744230835,C1B1,240.40821039010586,201.6
252.0,111,11.553376953749195,C1C0,398.4,86.67252691674047
252.0,112,0.0,A0B0,191.79896248385134,-1.6
252.0,113,0.0,B1B2,201.6,356.63372714241336
252.0,114,13.946467967474558,A2B2,95.09248623273707,398.4
252.0,115,0.0,A0B0,184.29787711581142,-1.6
252.0,116,15.290183601216256,A2A1,-1.6,334.8903693871863
252.0,117,0.1605555837797582,A2A1,-1.6,208.22583700125097
252.0,118,5.932648345131138,:C2_0,401.33446774479603,398.6587257864278
252.0,119,13.712138018083781,B2A2,3.5354944233537253,401.6
252.0,120,12.033653884675765,B1A1,101.17604050748973,201.6
252.0,121,11.499296558009743,B1B2,201.6,315.00326201277574
252.0,122,13.095602739397721,A1B1,73.68310986830299,198.4
252.0,123,11.684940202382027,A2A1,-1.6,360.7466541335143
252.0,124,13.462980502516427,B2C2,254.0866239922543,398.4
252.0,125,15.929230672780434,B0A0,171.77076932721957,1.6
252.0,45,0.0,:B2_5,200.85611111111112,393.91583333333335
252.0,55,13.124331528873705,A1A2,1.6,348.8067826301923
252.0,57,5.078981782362902,C1C0,398.4,8.967153798944736
252.0,58,0.0,B2B1,198.4,215.70203876859554
252.0,60,0.0,B1B2,201.6,341.63157133462335
252.0,61,0.0016904693575961697,B1B2,201.6,334.129482500769
252.0,64,12.4989505224801,C1B1,288.5252141776929,201.6
252.0,69,10.837758318358755,B1A1,8.262655265077711,201.6
252.0,75,0.0,B1B2,201.6,349.13268069136916
252.0,76,13.540967773817666,B1B2,201.6,260.64464919213174
252.0,77,0.0,B1B2,201.6,371.6358930388676
252.0,78,0.0,B1B2,201.6,386.63799867636993
252.0,80,0.0,B1B2,201.6,379.13693198784915
252.0,81,6.069870338637411,A1B1,190.97848696448622,198.4
252.0,82,13.900248789407858,A1A0,-1.6,87.47954263465112
252.0,83,4.555377215136314,A1B1,176.7932580870512,198.4
252.0,85,0.0,B2B1,198.4,208.2010109470803
252.0,86,12.33857993671006,C0C1,401.6,43.58087294128928
252.0,87,9.946960458969958,A1B1,38.62507638037866,198.4
252.0,88,0.0,B0B1,201.6,191.79898848734948
252.0,89,1.4165162745539561,A1B1,153.44265273486272,198.4
252.0,90,0.0,B1B2,201.6,364.13481532215735
252.0,91,11.335632886741356,B1A1,50.42268760575868,201.6
252.0,92,0.0,C0C1,401.6,191.798989625217
252.0,93,0.0,B0B1,201.6,184.29797158793298
252.0,94,8.432055502353794,B1A1,170.02645776868985,201.6
252.0,95,12.441708842434435,A2B2,43.15849702015452,398.4
252.0,96,3.239700891757996,A1B1,164.44648363614047,198.4
252.0,97,0.26342532034942656,A1B1,144.52493809686075,198.4
252.0,98,12.21154393634935,B1A1,72.5187830560871,201.6
253.0,100,11.698025207408294,C2B2,226.3981429745972,401.6
253.0,101,0.0,C0B0,208.2010614894611,1.6
253.0,102,0.05852241947545378,B0B1,201.6,176.78715242574492
253.0,103,0.0,C0C1,401.6,184.29789634026972
253.0,104,0.00010286746447629796,C0C1,401.6,176.7968763211712
253.0,105,0.0,B2B1,198.4,223.2030868413129
253.0,107,0.0,C2B2,208.20104530950232,401.6
253.0,108,7.64541778318703,C0B0,383.319883412876,1.6
253.0,109,5.25223546150206,:B2_6,196.86172683335957,397.08296389998424
253.0,110,12.34811446884039,C1B1,228.06009592126549,201.6
253.0,111,10.825085489338473,C1C0,398.4,75.84744142740198
253.0,112,0.0,A0B0,191.79896248385134,-1.6
253.0,113,0.0,B1B2,201.6,356.63372714241336
253.0,114,14.204959248265908,A2B2,109.29744548100301,398.4
253.0,115,0.0,A0B0,184.29787711581142,-1.6
253.0,116,15.355632245039805,A2A1,-1.6,319.53473714214647
253.0,117,0.02308471039797306,A2A1,-1.6,208.202752290853
253.0,118,5.580440474582546,:C2_0,397.07946378855434,401.5600766016351
253.0,120,11.97796023778286,B1A1,89.19808026970685,201.6
253.0,121,7.009979586876019,B1B2,201.6,322.0132415996518
253.0,122,13.584799321024033,A1B1,87.26790918932703,198.4
253.0,123,13.67123384882922,A2A1,-1.6,347.0754202846851
253.0,124,14.306067217745282,B2C2,268.39269120999955,398.4
253.0,125,15.117510700512687,B0A0,156.65325862670687,1.6
253.0,126,0.0,A0B0,8.3,-1.6
253.0,45,0.0,:B2_5,200.85611111111112,393.91583333333335
253.0,55,13.0949985265439,A1A2,1.6,361.90178115673615
253.0,58,0.0,B2B1,198.4,215.70203876859554
253.0,60,0.0,B1B2,201.6,341.63157133462335
253.0,61,0.0008246954185029626,B1B2,201.6,334.13030719618746
253.0,64,12.88454283126028,C1B1,275.6406713464326,201.6
253.0,69,6.337758318358755,:A1_3,2.6088689770049442,203.6518850383251
253.0,75,0.0,B1B2,201.6,349.13268069136916
253.0,76,13.971271033384093,B1B2,201.6,274.6159202255159
253.0,77,0.0,B1B2,201.6,371.6358930388676
253.0,78,0.0,B1B2,201.6,386.63799867636993
253.0,80,0.0,B1B2,201.6,379.13693198784915
253.0,81,8.390277545970894,:B1_13,199.3687645104571,198.4
253.0,82,14.057794133264185,A1A0,-1.6,73.42174850138696
253.0,83,5.808095222568405,A1B1,182.6013533096196,198.4
253.0,85,0.0,B2B1,198.4,208.2010109470803
253.0,86,13.154001018195519,C0C1,401.6,56.734873959484794
253.0,87,11.287302421238534,A1B1,49.912378801617194,198.4
253.0,88,0.0,B0B1,201.6,191.79898848734948
253.0,89,2.8281189801185738,A1B1,156.2707717149813,198.4
253.0,90,0.0,B1B2,201.6,364.13481532215735
253.0,91,11.635417565427765,B1A1,38.787270040330924,201.6
253.0,92,0.0,C0C1,401.6,191.798989625217
253.0,93,0.0,B0B1,201.6,184.29797158793298
253.0,94,10.362549992200545,B1A1,159.6639077764893,201.6
253.0,95,14.003147741512814,A2B2,57.16164476166734,398.4
253.0,96,4.154024898005652,A1B1,168.60050853414612,198.4
253.0,97,0.7968244578240706,A1B1,145.32176255468482,198.4
253.0,98,11.384164560996876,B1A1,61.13461849509022,201.6
254.0,100,7.198025207408294,C2B2,219.20011776718889,401.6
254.0,101,0.0,C0B0,208.2010614894611,1.6
254.0,102,0.007277287095248695,B0B1,201.6,176.79442971284016
254.0,103,0.0,C0C1,401.6,184.29789634026972
254.0,104,0.0,C0C1,401.6,176.7968763211712
254.0,105,0.0,B2B1,198.4,223.2030868413129
254.0,107,0.0,C2B2,208.20104530950232,401.6
254.0,108,9.211377345711252,C0B0,374.10850606716474,1.6
254.0,109,5.471195562752619,B2B1,198.4,392.0050320310272
254.0,110,11.719658954387398,C1B1,216.3404369668781,201.6
254.0,111,11.636984728885093,C1C0,398.4,64.21045669851691
254.0,112,0.0,A0B0,191.79896248385134,-1.6
254.0,113,0.0,B1B2,201.6,356.63372714241336
254.0,114,14.229287314488277,A2B2,123.52673279549127,398.4
254.0,115,0.0,A0B0,184.29787711581142,-1.6
254.0,116,16.049895713047363,A2A1,-1.6,303.4848414290991
254.0,117,0.0009903039558128214,A2A1,-1.6,208.2017619868972
254.0,118,5.170010197257333,C2B2,391.91224666791646,401.6
254.0,120,12.005152538783328,B1A1,77.19292773092351,201.6
254.0,121,3.3749349507633273,B1B2,201.6,325.3881765504151
254.0,122,13.59425960444408,A1B1,100.8621687937711,198.4
254.0,123,13.178117479172,A2A1,-1.6,333.8973028055131
254.0,124,14.361724785201647,B2C2,282.7544159952012,398.4
254.0,125,15.15524877049775,B0A0,141.49800985620914,1.6
254.0,126,1.345343326148577,A0B0,9.645343326148579,-1.6
254.0,45,0.0,:B2_5,200.85611111111112,393.91583333333335
254.0,55,12.580343203031049,A1A2,1.6,374.4821243597672
254.0,58,0.0,B2B1,198.4,215.70203876859554
254.0,60,0.00010059439700359579,B1B2,201.6,341.6316719290204
254.0,61,0.00015850863647056654,B1B2,201.6,334.13046570482396
254.0,64,12.318123662442469,C1B1,263.32254768399014,201.6
254.0,69,6.304852741119176,A1A2,1.6,209.74995579440022
254.0,75,0.0,B1B2,201.6,349.13268069136916
254.0,76,14.258371067521349,B1B2,201.6,288.87429129303723
254.0,77,0.0,B1B2,201.6,371.6358930388676
254.0,78,0.0,B1B2,201.6,386.63799867636993
254.0,80,0.0,B1B2,201.6,379.13693198784915
254.0,81,10.067433751818754,B1C1,209.43619826227584,198.4
254.0,82,13.417036505362564,A1A0,-1.6,60.00471199602438
254.0,83,7.81728275245641,A1B1,190.41863606207602,198.4
254.0,85,0.0,B2B1,198.4,208.2010109470803
254.0,86,13.057025221595646,C0C1,401.6,69.79189918108045
254.0,87,13.311946938368752,A1B1,63.22432573998596,198.4
254.0,88,0.0,B0B1,201.6,191.79898848734948
254.0,89,3.4899409885406456,A1B1,159.76071270352193,198.4
254.0,90,0.0,B1B2,201.6,364.13481532215735
254.0,91,11.485596891589507,B1A1,27.30167314874143,201.6
254.0,92,0.0,C0C1,401.6,191.798989625217
254.0,93,0.0,B0B1,201.6,184.29797158793298
254.0,94,12.08018304595407,B1A1,147.58372473053524,201.6
254.0,95,14.264815541555592,A2B2,71.42646030322294,398.4
254.0,96,5.067639102963762,A1B1,173.66814763710988,198.4
254.0,97,2.2613904166052388,A1B1,147.58315297129008,198.4
254.0,98,12.350066578438172,B1A1,48.78455191665205,201.6
255.0,100,3.2631082687299107,C2B2,215.93700949845896,401.6
255.0,101,0.0,C0B0,208.2010614894611,1.6
255.0,102,0.0017757772761609896,B0B1,201.6,176.7962054901163
255.0,103,0.0,C0C1,401.6,184.29789634026972
255.0,104,0.0,C0C1,401.6,176.7968763211712
255.0,105,0.0,B2B1,198.4,223.2030868413129
255.0,107,0.0,C2B2,208.20104530950232,401.6
255.0,108,10.668252412333413,C0B0,363.44025365483134,1.6
255.0,109,7.120259026867061,B2B1,198.4,384.88477300416014
255.0,110,7.219658954387398,C1B1,209.1207780124907,201.6
255.0,111,11.186865537383804,C1C0,398.4,53.02359116113311
255.0,112,0.0,A0B0,191.79896248385134,-1.6
255.0,113,0.0,B1B2,201.6,356.63372714241336
255.0,114,14.213165257315808,A2B2,137.73989805280706,398.4
255.0,115,0.0,A0B0,184.29787711581142,-1.6
255.0,116,15.67583066831553,A2A1,-1.6,287.8090107607836
255.0,117,0.0007372544331226818,A2A1,-1.6,208.20102473246408
255.0,118,6.5125780555435355,C2B2,385.3996686123729,401.6
255.0,120,12.99216118333064,B1A1,64.20076654759288,201.6
255.0,121,0.7636037099650099,B1B2,201.6,326.15178026038006
255.0,122,14.025503352918015,A1B1,114.88767214668911,198.4
255.0,123,14.041999499008456,A2A1,-1.6,319.85530330650465
255.0,124,13.628411961880907,B2C2,296.3828279570821,398.4
255.0,125,15.614242263308736,B0A0,125.88376759290038,1.6
255.0,126,3.259092369722202,A0B0,12.90443569587078,-1.6
255.0,127,11.418969,C2C1,398.4,391.7
255.0,45,0.0,:B2_5,200.85611111111112,393.91583333333335
255.0,55,11.719886553725786,A1A2,1.6,386.202010913493
255.0,58,0.0,B2B1,198.4,215.70203876859554
255.0,60,0.0,B1B2,201.6,341.6316719290204
255.0,61,0.00018817318144194773,B1B2,201.6,334.1306538780054
255.0,64,12.488287124241271,C1B1,250.83426055974886,201.6
255.0,69,8.081277423771754,A1A2,1.6,217.83123321817197
255.0,75,0.0,B1B2,201.6,349.13268069136916
255.0,76,13.828492563138626,B1B2,201.6,302.7027838561758
255.0,77,0.0,B1B2,201.6,371.6358930388676
255.0,78,0.0,B1B2,201.6,386.63799867636993
255.0,80,0.0,B1B2,201.6,379.13693198784915
255.0,81,12.347957009893872,B1C1,221.78415527216973,198.4
255.0,82,13.511157755965911,A1A0,-1.6,46.49355424005847
255.0,83,5.007970541562108,:B1_14,195.39638477530323,198.7709121107576
255.0,85,0.0,B2B1,198.4,208.2010109470803
255.0,86,12.760388348740632,C0C1,401.6,82.55228752982109
255.0,87,14.480527294281318,A1B1,77.70485303426727,198.4
255.0,88,0.0,B0B1,201.6,191.79898848734948
255.0,89,5.458816102900579,A1B1,165.21952880642252,198.4
255.0,90,0.0,B1B2,201.6,364.13481532215735
255.0,91,11.661408792427489,B1A1,15.640264356313935,201.6
255.0,92,0.0,C0C1,401.6,191.798989625217
255.0,93,0.0,B0B1,201.6,184.29797158793298
255.0,94,13.700251733690127,B1A1,133.8834729968451,201.6
255.0,95,13.850759597461158,A2B2,85.2772199006841,398.4
255.0,96,7.064420954082192,A1B1,180.73256859119206,198.4
255.0,97,3.678714279845163,A1B1,151.26186725113524,198.4
255.0,98,12.251532422529632,B1A1,36.533019494122414,201.6
256.0,100,0.14784658964198433,C2B2,215.789162908817,401.6
256.0,101,0.0,C0B0,208.2010614894611,1.6
256.0,102,0.0006892325627311729,B0B1,201.6,176.79689472267904
256.0,103,0.0,C0C1,401.6,184.29789634026972
256.0,104,0.0,C0C1,401.6,176.7968763211712
256.0,105,0.0,B2B1,198.4,223.2030868413129
256.0,107,0.0,C2B2,208.20104530950232,401.6
256.0,108,12.497301101601941,C0B0,350.94295255322936,1.6
256.0,109,8.80283226772277,B2B1,198.4,376.0819407364374
256.0,110,2.8188973965745974,:B1_7,206.4515671799301,201.10104478662006
256.0,111,11.571891176237935,C1C0,398.4,41.451699984895185
256.0,112,0.0,A0B0,191.79896248385134,-1.6
256.0,113,0.0,B1B2,201.6,356.63372714241336
256.0,114,15.112646026936085,A2B2,152.85254407974315,398.4
256.0,115,0.0,A0B0,184.29787711581142,-1.6
256.0,116,15.70323362721806,A2A1,-1.6,272.10577713356554
256.0,117,0.0,A2A1,-1.6,208.20102473246408
256.0,118,8.019454913168856,C2B2,377.3802136992041,401.6
256.0,120,12.498601385291146,B1A1,51.702165162301725,201.6
256.0,121,0.36033028583638355,B1B2,201.6,326.5121105462165
256.0,122,13.099172298716347,A1B1,127.98684444540548,198.4
256.0,123,13.023681291353354,A2A1,-1.6,306.83162201515125
256.0,124,14.138038877675704,B2C2,310.52086683475784,398.4
256.0,125,15.792994447688582,B0A0,110.0907731452118,1.6
256.0,126,4.7447108325781295,A0B0,17.64914652844891,-1.6
256.0,127,10.872763200811535,C2C1,398.4,380.8272367991885
256.0,45,1.7886252077529208,:B2_11,199.29003980260265,394.0450199013013
256.0,55,7.769718127740174,A1A2,1.6,393.9717290412332
256.0,58,0.0,B2B1,198.4,215.70203876859554
256.0,60,0.0,B1B2,201.6,341.6316719290204
256.0,61,0.0,B1B2,201.6,334.1306538780054
256.0,64,13.015287340542802,C1B1,237.81897321920604,201.6
256.0,69,9.67613273975505,A1A2,1.6,227.50736595792702
256.0,75,0.0,B1B2,201.6,349.13268069136916
256.0,76,9.328492563138626,B1B2,201.6,312.03127641931445
256.0,77,0.0,B1B2,201.6,371.6358930388676
256.0,78,0.0,B1B2,201.6,386.63799867636993
256.0,80,0.0,B1B2,201.6,379.13693198784915
256.0,81,12.609712577082977,B1C1,234.3938678492527,198.4
256.0,82,12.97219440666268,A1A0,-1.6,33.52135983339579
256.0,83,6.595276124971143,:B1_22,200.4901523311784,202.41692055196398
256.0,85,0.0,B2B1,198.4,208.2010109470803
256.0,86,12.979279586998851,C0C1,401.6,95.53156711681994
256.0,87,14.370015135680704,A1B1,92.07486816994798,198.4
256.0,88,0.0,B0B1,201.6,191.79898848734948
256.0,89,6.380570035357518,A1B1,171.60009884178004,198.4
256.0,90,0.0,B1B2,201.6,364.13481532215735
256.0,91,7.983151996895413,B1A1,7.657112359418534,201.6
256.0,92,0.0,C0C1,401.6,191.798989625217
256.0,93,0.0,B0B1,201.6,184.29797158793298
256.0,94,14.07689656475816,B1A1,119.80657643208694,201.6
256.0,95,14.397604886198835,A2B2,99.67482478688295,398.4
256.0,96,4.870811218940814,A1B1,185.60337981013288,198.4
256.0,97,4.723353789529705,A1B1,155.98522104066495,198.4
256.0,98,11.314625256799877,B1A1,25.218394237322542,201.6
257.0,100,0.07840604555835957,C2B2,215.71075686325864,401.6
257.0,101,0.0,C0B0,208.2010614894611,1.6
257.0,102,0.0,B0B1,201.6,176.79689472267904
257.0,103,0.0,C0C1,401.6,184.29789634026972
257.0,104,0.0,C0C1,401.6,176.7968763211712
257.0,105,0.0,B2B1,198.4,223.2030868413129
257.0,107,0.0,C2B2,208.20104530950232,401.6
257.0,108,14.375706586657397,C0B0,336.567245966572,1.6
257.0,109,11.046417403207816,B2B1,198.4,365.03552333322955
257.0,110,0.3801074913579236,:B1_7,206.13481093713182,200.8898739580879
257.0,111,10.80881731922573,C1C0,398.4,30.642882665669447
257.0,112,0.0,A0B0,191.79896248385134,-1.6
257.0,113,0.0,B1B2,201.6,356.63372714241336
257.0,114,15.209644012389429,A2B2,168.06218809213257,398.4
257.0,115,0.0,A0B0,184.29787711581142,-1.6
257.0,116,15.132748294702969,A2A1,-1.6,256.97302883886255
257.0,117,0.0,A2A1,-1.6,208.20102473246408
257.0,118,9.640363532306337,C2B2,367.7398501668977,401.6
257.0,120,12.49395006156195,B1A1,39.20821510073978,201.6
257.0,121,0.11475203415812835,B1B2,201.6,326.6268625803746
257.0,122,10.888918012287705,A1B1,138.87576245769318,198.4
257.0,123,13.814484384024912,A2A1,-1.6,293.01713763112633
257.0,124,14.722102677680947,B2C2,325.2429695124388,398.4
257.0,125,14.983789569007243,B0A0,95.10698357620454,1.6
257.0,126,7.299082236434333,A0B0,24.948228764883243,-1.6
257.0,127,10.525420348075643,C2C1,398.4,370.3018164511128
257.0,45,3.5870155638026073,B2B1,198.4,390.7553592284445
257.0,55,3.269718127740174,:A2_1,1.662439831793385,397.2370788225537
257.0,58,0.0,B2B1,198.4,215.70203876859554
257.0,60,0.0,B1B2,201.6,341.6316719290204
257.0,61,0.0,B1B2,201.6,334.1306538780054
257.0,64,12.482281634555957,C1B1,225.33669158465008,201.6
257.0,69,11.101338438364401,A1A2,1.6,238.60870439629142
257.0,75,0.0,B1B2,201.6,349.13268069136916
257.0,76,4.969675010879157,B1B2,201.6,317.0009514301936
257.0,77,0.0,B1B2,201.6,371.6358930388676
257.0,78,1.2420879277903196,B1B2,201.6,387.8800866041603
257.0,80,0.0,B1B2,201.6,379.13693198784915
257.0,81,13.624264023460277,B1C1,248.01813187271298,198.4
257.0,82,13.180293479415202,A1A0,-1.6,20.34106635398058
257.0,83,6.79799706858024,B1B2,201.6,209.0198797971895
257.0,85,0.0,B2B1,198.4,208.2010109470803
257.0,86,13.345750274160052,C0C1,401.6,108.87731739098001
257.0,87,13.408938020135656,A1B1,105.48380619008364,198.4
257.0,88,0.0,B0B1,201.6,191.79898848734948
257.0,89,5.3825929233826875,A1B1,176.9826917651627,198.4
257.0,90,0.0,B1B2,201.6,364.13481532215735
257.0,91,7.0541915812488645,:A1_4,1.0270303929959308,199.65621823579755
257.0,92,0.0,C0C1,401.6,191.798989625217
257.0,93,0.0,B0B1,201.6,184.29797158793298
257.0,94,14.32288281938784,B1A1,105.4836936126991,201.6
257.0,95,14.197813422734336,A2B2,113.87263820961729,398.4
257.0,96,6.406610644431945,A1B1,192.00999045456481,198.4
257.0,97,6.011453378669428,A1B1,161.99667441933437,198.4
257.0,98,8.012944267705864,B1A1,17.205449969616666,201.6
258.0,100,0.006892029825404785,C2B2,215.70386483343324,401.6
258.0,101,0.0,C0B0,208.2010614894611,1.6
258.0,102,0.0,B0B1,201.6,176.79689472267904
258.0,103,0.0,C0C1,401.6,184.29789634026972
258.0,104,0.0,C0C1,401.6,176.7968763211712
258.0,105,0.0,B2B1,198.4,223.2030868413129
258.0,107,0.0,C2B2,208.20104530950232,401.6
258.0,108,14.76508612120182,C0B0,321.80215984537017,1.6
258.0,109,12.226759555839427,B2B1,198.4,352.80876377739014
258.0,110,0.060233739472286385,:B1_7,206.08461615423826,200.8564107694922
258.0,111,10.871054362997622,C1C0,398.4,19.77182830267182
258.0,112,0.0,A0B0,191.79896248385134,-1.6
258.0,113,0.0,B1B2,201.6,356.63372714241336
258.0,114,11.113377015812167,A2B2,179.17556510794475,398.4
258.0,115,0.0,A0B0,184.29787711581142,-1.6
258.0,116,15.811791685095296,A2A1,-1.6,241.16123715376727
258.0,117,0.0,A2A1,-1.6,208.20102473246408
258.0,118,12.042926382531121,C2B2,355.6969237843666,401.6
258.0,120,9.54490329912819,B1A1,29.6633118016116,201.6
258.0,121,0.002631212006999896,B1B2,201.6,326.6294937923816
258.0,122,9.444865744232043,A1B1,148.32062820192522,198.4
258.0,123,14.018168328956166,A2A1,-1.6,278.99896930217017
258.0,124,14.077622087181942,B2C2,339.32059159962074,398.4
258.0,125,14.830145433180043,B0A0,80.2768381430245,1.6
258.0,126,9.82994759711437,A0B0,34.778176361997616,-1.6
258.0,127,11.17796761168582,C2C1,398.4,359.123848839427
258.0,45,5.09811372972913,B2B1,198.4,385.6572454987153
258.0,55,2.6484321201412007,A2B2,3.7098792891144985,398.4
258.0,58,0.0,B2B1,198.4,215.70203876859554
258.0,60,0.0,B1B2,201.6,341.6316719290204
258.0,61,0.0,B1B2,201.6,334.1306538780054
258.0,64,8.052378135466185,C1B1,217.28431344918388,201.6
258.0,69,12.937725800951666,A1A2,1.6,251.5464301972431
258.0,75,0.0,B1B2,201.6,349.13268069136916
258.0,76,1.3003067270577064,B1B2,201.6,318.3012581572513
258.0,77,0.0,B1B2,201.6,371.6358930388676
258.0,78,3.05271343128193,B1B2,201.6,390.93280003544214
258.0,80,0.9461413309002658,B1B2,201.6,380.0830733187494
258.0,81,13.026283453738145,B1C1,261.04441532645114,198.4
258.0,82,10.45814694386355,A1A0,-1.6,9.88291941011704
258.0,83,8.24685018152371,B1B2,201.6,217.26672997871322
258.0,85,0.0,B2B1,198.4,208.2010109470803
258.0,86,13.451817161659816,C0C1,401.6,122.32913455263983
258.0,87,13.536215897294142,A1B1,119.0200220873778,198.4
258.0,88,0.0,B0B1,201.6,191.79898848734948
258.0,89,5.942905961902623,A1B1,182.92559772706534,198.4
258.0,90,0.0,B1B2,201.6,364.13481532215735
258.0,91,7.005456756586768,:A1_4,-1.516907033796107,193.38165076342727
258.0,92,0.0,C0C1,401.6,191.798989625217
258.0,93,0.0,B0B1,201.6,184.29797158793298
258.0,94,14.740817253270894,B1A1,90.7428763594282,201.6
258.0,95,14.124204418424934,A2B2,127.99684262804222,398.4
258.0,96,7.568690628967254,:B1_13,199.57868108353208,198.4
258.0,97,6.1857772708794965,A1B1,168.18245169021387,198.4
258.0,98,8.077738330703756,B1A1,9.1277116389129,201.6
259.0,100,0.0017082890058829562,C2B2,215.70215654442737,401.6
259.0,101,0.0,C0B0,208.2010614894611,1.6
259.0,102,0.0,B0B1,201.6,176.79689472267904
259.0,103,0.0,C0C1,401.6,184.29789634026972
259.0,104,0.0,C0C1,401.6,176.7968763211712
259.0,105,0.0,B2B1,198.4,223.2030868413129
259.0,107,0.0,C2B2,208.20104530950232,401.6
259.0,108,13.801901308536836,C0B0,308.0002585368333,1.6
259.0,109,13.05501168013686,B2B1,198.4,339.75375209725325
259.0,110,0.0005242938131850648,:B1_7,206.08417924272726,200.85611949515152
259.0,111,10.430405287712663,C1C0,398.4,9.341423014959162
259.0,112,0.0,A0B0,191.79896248385134,-1.6
259.0,113,0.0,B1B2,201.6,356.63372714241336
259.0,114,7.350138831530075,A2B2,186.52570393947482,398.4
259.0,115,0.0,A0B0,184.29787711581142,-1.6
259.0,116,12.303602566105484,A2A1,-1.6,228.85763458766178
259.0,117,0.0,A2A1,-1.6,208.20102473246408
259.0,118,13.170173549480646,C2B2,342.526750234886,401.6
259.0,120,9.721448063186482,B1A1,19.941863738425127,201.6
259.0,121,0.0,B1B2,201.6,326.6294937923816
259.0,122,8.973236196394696,A1B1,157.29386439831993,198.4
259.0,123,13.120650210764655,A2A1,-1.6,265.8783190914055
259.0,124,13.995187885615438,B2C2,353.3157794852362,398.4
259.0,125,15.53501660300699,B0A0,64.7418215400175,1.6
259.0,126,11.295878612599335,A0B0,46.074054974596955,-1.6
259.0,127,10.708170708510519,C2C1,398.4,348.4156781309165
259.0,45,7.133070011943391,B2B1,198.4,378.524175486772
259.0,55,4.748763495982253,A2B2,8.458642785096753,398.4
259.0,58,0.0,B2B1,198.4,215.70203876859554
259.0,60,0.0,B1B2,201.6,341.6316719290204
259.0,61,0.0,B1B2,201.6,334.1306538780054
259.0,64,3.7569091254383857,C1B1,213.5274043237455,201.6
259.0,69,13.904041672550568,A1A2,1.6,265.45047186979366
259.0,75,0.0,B1B2,201.6,349.13268069136916
259.0,76,0.6738165377785632,B1B2,201.6,318.9750746950299
259.0,77,0.8633487729351685,B1B2,201.6,372.4992418118028
259.0,78,4.633480639573147,:B2_4,201.208727584678,395.53890690725405
259.0,80,2.5458940779177444,B1B2,201.6,382.6289673966672
259.0,81,12.602614465223454,B1C1,273.6470297916746,198.4
259.0,82,5.95814694386355,A1A0,-1.6,3.9247724662535006
259.0,83,10.34728661360126,B1B2,201.6,227.61401659231447
259.0,85,0.0,B2B1,198.4,208.2010109470803
259.0,86,13.69315780322078,C0C1,401.6,136.0222923558606
259.0,87,12.554474084151302,A1B1,131.57449617152906,198.4
259.0,88,0.0,B0B1,201.6,191.79898848734948
259.0,89,7.674456584722039,A1B1,190.60005431178737,198.4
259.0,90,0.0,B1B2,201.6,364.13481532215735
259.0,91,7.042034660205804,A1A0,-1.6,186.34542936137711
259.0,92,0.0,C0C1,401.6,191.798989625217
259.0,93,0.0,B0B1,201.6,184.29797158793298
259.0,94,14.185158526993133,B1A1,76.55771783243506,201.6
259.0,95,14.619213394251139,A2B2,142.61605602229335,398.4
259.0,96,9.889963699191815,B1C1,209.46864478272386,198.4
259.0,97,5.952028469102022,A1B1,174.1344801593159,198.4
259.0,98,6.3462560968241455,:A1_4,2.8954010197678555,200.77724061186072
260.0,100,0.0,C2B2,215.70215654442737,401.6
260.0,101,0.0,C0B0,208.2010614894611,1.6
260.0,102,0.0,B0B1,201.6,176.79689472267904
260.0,103,0.0,C0C1,401.6,184.29789634026972
260.0,104,0.0,C0C1,401.6,176.7968763211712
260.0,105,0.0,B2B1,198.4,223.2030868413129
260.0,107,0.0,C2B2,208.20104530950232,401.6
260.0,108,13.837733942662672,C0B0,294.16252459417063,1.6
260.0,109,12.782923663008452,B2B1,198.4,326.9708284342448
260.0,110,0.0,:B1_7,206.08417924272726,200.85611949515152
260.0,111,5.930405287712663,C1C0,398.4,3.4110177272465023
260.0,112,0.0,A0B0,191.79896248385134,-1.6
260.0,113,0.0,B1B2,201.6,356.63372714241336
260.0,114,4.538463502084058,A2B2,191.06416744155888,398.4
260.0,115,0.0,A0B0,184.29787711581142,-1.6
260.0,116,8.41586410293931,A2A1,-1.6,220.44177048472247
260.0,117,0.0,A2A1,-1.6,208.20102473246408
260.0,118,12.91623360304246,C2B2,329.6105166318435,401.6
260.0,120,6.999357951371853,B1A1,12.942505787053278,201.6
260.0,121,0.00011558052605395807,B1B2,201.6,326.6296093729077
260.0,122,6.657527618452207,A1B1,163.95139201677213,198.4
260.0,123,13.624883333428228,A2A1,-1.6,252.25343575797731
260.0,124,13.618087934328639,B2C2,366.9338674195648,398.4
260.0,125,15.566812206672514,B0A0,49.175009333344974,1.6
260.0,126,13.320973862684331,A0B0,59.395028837281295,-1.6
260.0,127,11.267283032610507,C2C1,398.4,337.14839509830597
260.0,45,8.517684755678102,B2B1,198.4,370.00649073109383
260.0,55,6.8109768330078575,A2B2,15.269619618104613,398.4
260.0,58,0.0,B2B1,198.4,215.70203876859554
260.0,60,0.0,B1B2,201.6,341.6316719290204
260.0,61,0.0,B1B2,201.6,334.1306538780054
260.0,64,0.085367804637935,C1B1,213.44203651910755,201.6
260.0,69,14.12227904336197,A1A2,1.6,279.57275091315563
260.0,75,0.0,B1B2,201.6,349.13268069136916
260.0,76,0.09071706384028105,B1B2,201.6,319.0657917588702
260.0,77,1.6562968340355204,B1B2,201.6,374.1555386458383
260.0,78,6.9251915092151215,:B2_4,197.17319488190336,400.736083070858
260.0,80,3.8273529795151715,B1B2,201.6,386.45632037618236
260.0,81,12.762696162897923,B1C1,286.40972595457254,198.4
260.0,82,5.837561709102847,:A0_0,0.6658498340557476,-1.0395099004334485
260.0,83,12.46398263330478,B1B2,201.6,240.07799922561924
260.0,85,0.0,B2B1,198.4,208.2010109470803
260.0,86,13.162962798820914,C0C1,401.6,149.18525515468153
260.0,87,10.834540474162662,A1B1,142.4090366456917,198.4
260.0,88,0.0,B0B1,201.6,191.79898848734948
260.0,89,5.801702397012413,:B1_12,196.21677773123736,197.4699333612576
260.0,90,0.7259949459495434,B1B2,201.6,364.8608102681069
260.0,91,8.696494468134455,A1A0,-1.6,177.64893489324268
260.0,92,0.0,C0C1,401.6,191.798989625217
260.0,93,0.0,B0B1,201.6,184.29797158793298
260.0,94,14.457245572216586,B1A1,62.10047226021848,201.6
260.0,95,14.10884141478543,A2B2,156.7248974370788,398.4
260.0,96,11.41208148665168,B1C1,220.88072626937554,198.4
260.0,97,8.136110359498407,A1B1,182.27059051881432,198.4
260.0,98,7.009867705169927,:A1_4,-1.209391356114238,195.53426050720034
261.0,100,0.0,C2B2,215.70215654442737,401.6
261.0,101,0.0,C0B0,208.2010614894611,1.6
261.0,102,0.0,B0B1,201.6,176.79689472267904
261.0,103,0.0,C0C1,401.6,184.29789634026972
261.0,104,0.0,C0C1,401.6,176.7968763211712
261.0,105,0.0,B2B1,198.4,223.2030868413129
261.0,107,0.0,C2B2,208.20104530950232,401.6
261.0,108,13.88657754198306,C0B0,280.2759470521876,1.6
261.0,109,12.953600693793462,B2B1,198.4,314.01722774045135
261.0,110,0.0,:B1_7,206.08417924272726,200.85611949515152
261.0,111,3.3102282160578667,C0B0,396.28078951118863,1.6
261.0,112,0.0,A0B0,191.79896248385134,-1.6
261.0,113,0.5525796999820132,B1B2,201.6,357.18630684239537
261.0,114,0.4958136899312529,A2B2,191.55998113149013,398.4
261.0,115,0.0,A0B0,184.29787711581142,-1.6
261.0,116,3.9158641029393095,A2A1,-1.6,216.52590638178316
261.0,117,0.0,A2A1,-1.6,208.20102473246408
261.0,118,12.93453097086484,C2B2,316.67598566097865,401.6
261.0,120,5.990140960129872,:A1_3,6.954815304121383,201.6350263851255
261.0,121,0.0,B1B2,201.6,326.6296093729077
261.0,122,8.276314092653104,A1B1,172.22770610942524,198.4
261.0,123,13.00082294472593,A2A1,-1.6,239.25261281325137
261.0,124,14.056517462592979,B2C2,380.9903848821578,398.4
261.0,125,15.2660350798471,B0A0,33.90897425349786,1.6
261.0,126,13.039964840052269,A0B0,72.43499367733357,-1.6
261.0,127,11.224826828981243,C2C1,398.4,325.92356826932473
261.0,129,7.663454389622307,A2B2,8.3,398.4
261.0,130,13.89,C1C2,401.6,212.29999999999998
261.0,45,10.156151570932753,B2B1,198.4,359.8503391601611
261.0,55,9.071376985726506,A2B2,24.340996603831115,398.4
261.0,58,0.0,B2B1,198.4,215.70203876859554
261.0,60,0.0,B1B2,201.6,341.6316719290204
261.0,61,0.0,B1B2,201.6,334.1306538780054
261.0,64,0.06505311081581465,C1B1,213.37698340829172,201.6
261.0,69,13.791163647576662,A1A2,1.6,293.3639145607323
261.0,75,0.0,B1B2,201.6,349.13268069136916
261.0,76,0.03968244083891473,B1B2,201.6,319.1054741997091
261.0,77,3.093963714421471,B1B2,201.6,377.24950236025984
261.0,78,7.0273638206269595,B2A2,190.27116399514262,401.6
261.0,80,5.020901959103344,B1B2,201.6,391.4772223352857
261.0,81,12.879494096369312,B1C1,299.2892200509418,198.4
261.0,82,5.576737643028282,A0B0,6.149526885877627,-1.6
261.0,83,13.427388360391483,B1B2,201.6,253.50538758601073
261.0,85,0.0,B2B1,198.4,208.2010109470803
261.0,86,10.17836434837419,C0C1,401.6,159.36361950305573
261.0,87,9.659290644997835,A1B1,152.06832729068955,198.4
261.0,88,0.0,B0B1,201.6,191.79898848734948
261.0,89,6.2256519824483245,B1B0,198.4,192.0025913087519
261.0,90,1.4049656870027252,B1B2,201.6,366.26577595510963
261.0,91,11.018330034027434,A1A0,-1.6,166.63060485921523
261.0,92,0.0,C0C1,401.6,191.798989625217
261.0,93,0.0,B0B1,201.6,184.29797158793298
261.0,94,14.351148399783074,B1A1,47.749323860435396,201.6
261.0,95,13.42317249320916,A2B2,170.14806993028796,398.4
261.0,96,13.635519043904734,B1C1,234.51624531328028,198.4
261.0,97,5.267301415410546,A1B1,187.53789193422486,198.4
261.0,98,8.843549226305633,A1A0,-1.6,186.71803861061323
262.0,100,0.00010049742711081423,C2B2,215.70205604700027,401.6
262.0,101,0.0,C0B0,208.2010614894611,1.6
262.0,102,0.0,B0B1,201.6,176.79689472267904
262.0,103,0.0,C0C1,401.6,184.29789634026972
262.0,104,0.0,C0C1,401.6,176.7968763211712
262.0,105,0.0,B2B1,198.4,223.2030868413129
262.0,107,0.0,C2B2,208.20104530950232,401.6
262.0,108,14.007754802304627,C0B0,266.268192249883,1.6
262.0,109,13.048662213861435,B2B1,198.4,300.96856552658994
262.0,110,0.0,:B1_7,206.08417924272726,200.85611949515152
262.0,111,5.880518553188294,C0B0,390.40027095800036,1.6
262.0,112,0.0,A0B0,191.79896248385134,-1.6
262.0,113,0.932087883629602,B1B2,201.6,358.118394726025
262.0,114,0.22456947832318266,A2B2,191.78455060981332,398.4
262.0,115,0.0,A0B0,184.29787711581142,-1.6
262.0,116,0.6848753899616421,A2A1,-1.6,215.84103099182153
262.0,117,0.0,A2A1,-1.6,208.20102473246408
262.0,118,12.909890610483385,C2B2,303.76609505049527,401.6
262.0,120,6.121227160139903,:A1_3,2.046046364696197,204.58992272550634
262.0,121,0.0,B1B2,201.6,326.6296093729077
262.0,122,5.799524103438476,A1B1,178.0272302128637,198.4
262.0,123,8.50082294472593,A2A1,-1.6,230.75178986852544
262.0,124,9.556517462592979,B2C2,390.5469023447508,398.4
262.0,125,14.267291929641068,B0A0,19.6416823238568,1.6
262.0,126,13.867768385264643,A0B0,86.3027620625982,-1.6
262.0,127,10.400977433528245,C2C1,398.4,315.52259083579645
262.0,129,8.676246714844659,A2B2,16.976246714844663,398.4
262.0,130,13.399266329480886,C1C2,401.6,225.69926632948088
262.0,45,12.268250494421272,B2B1,198.4,347.58208866573983
262.0,55,11.655638209609874,A2B2,35.996634813441,398.4
262.0,58,0.0,B2B1,198.4,215.70203876859554
262.0,60,0.0,B1B2,201.6,341.6316719290204
262.0,61,0.0,B1B2,201.6,334.1306538780054
262.0,64,0.010250227210327605,C1B1,213.3667331810814,201.6
262.0,69,13.361954924307257,A1A2,1.6,306.7258694850396
262.0,75,0.520129307241281,B1B2,201.6,349.65280999861045
262.0,76,0.017259303403502468,B1B2,201.6,319.1227335031126
262.0,77,5.198442662123336,B1B2,201.6,382.4479450223831
262.0,78,9.233589930270426,B2A2,181.0375740648722,401.6
262.0,80,3.608218935562484,:B2_11,200.04356269250235,394.37821865374883
262.0,81,12.683021283040583,B1C1,311.9722413339824,198.4
262.0,82,7.054384190630772,A0B0,13.203911076508401,-1.6
262.0,83,13.039858140627034,B1B2,201.6,266.54524572663775
262.0,85,0.0,B2B1,198.4,208.2010109470803
262.0,86,6.47826888843893,C0C1,401.6,165.84188839149465
262.0,87,9.083217529131245,A1B1,161.1515448198208,198.4
262.0,88,0.0,B0B1,201.6,191.79898848734948
262.0,89,8.291764833706692,B1B0,198.4,183.71082647504522
262.0,90,2.9213178001660074,B1B2,201.6,369.18709375527567
262.0,91,11.144957479815044,A1A0,-1.6,155.48564737940018
262.0,92,0.0,C0C1,401.6,191.798989625217
262.0,93,0.0,B0B1,201.6,184.29797158793298
262.0,94,14.264486025136673,B1A1,33.48483783529872,201.6
262.0,95,8.92317249320916,A2B2,179.07124242349713,398.4
262.0,96,13.183042819490716,B1C1,247.69928813277102,198.4
262.0,97,5.693903216044013,:B1_13,193.23179515026888,198.4
262.0,98,11.401051350624487,A1A0,-1.6,175.31698725998874
263.0,100,0.0,C2B2,215.70205604700027,401.6
263.0,101,0.0,C0B0,208.2010614894611,1.6
263.0,102,0.0,B0B1,201.6,176.79689472267904
263.0,103,0.0,C0C1,401.6,184.29789634026972
263.0,104,0.0,C0C1,401.6,176.7968763211712
263.0,105,0.0,B2B1,198.4,223.2030868413129
263.0,107,0.0,C2B2,208.20104530950232,401.6
263.0,108,14.62261468663004,C0B0,251.6455775632529,1.6
263.0,109,12.130434677071364,B2B1,198.4,288.8381308495185
263.0,110,0.0,:B1_7,206.08417924272726,200.85611949515152
263.0,111,7.44792084732674,C0B0,382.9523501106736,1.6
263.0,112,0.0,A0B0,191.79896248385134,-1.6
263.0,113,2.5800734627728805,B1B2,201.6,360.69846818879785
263.0,114,0.009098504992256378,A2B2,191.7936491148056,398.4
263.0,115,0.0,A0B0,184.29787711581142,-1.6
263.0,116,0.09680590552566151,A2A1,-1.6,215.74422508629587
263.0,117,0.0,A2A1,-1.6,208.20102473246408
263.0,118,13.232534263693637,C2B2,290.5335607868016,401.6
263.0,120,5.0135104916495825,A1A2,1.6,209.55237282486607
263.0,121,0.0,B1B2,201.6,326.6296093729077
263.0,122,5.753094309040546,A1B1,183.78032452190425,198.4
263.0,123,5.086861372097509,A2A1,-1.6,225.66492849642793
263.0,124,5.530508983458799,B2C2,396.07741132820956,398.4
263.0,125,10.210010195056242,B0A0,9.431672128800557,1.6
263.0,126,13.29779684087596,A0B0,99.60055890347418,-1.6
263.0,127,10.738505191248336,C2C1,398.4,304.78408564454816
263.0,128,5.695700088940384,A0B0,8.3,-1.6
263.0,129,10.505223803684405,A2B2,27.48147051852907,398.4
263.0,130,13.77994188459459,C1C2,401.6,239.47920821407547
263.0,131,0.0,B0B1,201.6,12.3
263.0,45,14.773696247598899,B2B1,198.4,332.8083924181409
263.0,55,13.700193118460998,A2B2,49.696827931902,398.4
263.0,58,0.0,B2B1,198.4,215.70203876859554
263.0,60,0.2633217504286733,B1B2,201.6,341.89499367944904
263.0,61,0.0,B1B2,201.6,334.1306538780054
263.0,64,0.002812985911774704,C1B1,213.3639201951696,201.6
263.0,69,12.99855627222588,A1A2,1.6,319.72442575726546
263.0,75,0.7250908396769227,B1B2,201.6,350.37790083828736
263.0,76,0.004438420711517453,B1B2,201.6,319.1271719238241
263.0,77,4.403490159053367,B1B2,201.6,386.8514351814365
263.0,78,11.01758423004914,B2A2,170.01998983482304,401.6
263.0,80,2.8564404199246316,B2B1,198.4,392.3281183092272
263.0,81,12.593627883920275,B1C1,324.5658692179027,198.4
263.0,82,9.485003514885575,A0B0,22.688914591393974,-1.6
263.0,83,12.395130670832582,B1B2,201.6,278.94037639747035
263.0,85,0.0,B2B1,198.4,208.2010109470803
263.0,86,2.624295278484822,C0C1,401.6,168.46618366997947
263.0,87,6.97436913154556,A1B1,168.12591395136636,198.4
263.0,88,0.0,B0B1,201.6,191.79898848734948
263.0,89,10.727394235085956,B1B0,198.4,172.98343223995926
263.0,90,4.618314877874431,B1B2,201.6,373.8054086331501
263.0,91,12.200558783350557,A1A0,-1.6,143.2850885960496
263.0,92,0.0,C0C1,401.6,191.798989625217
263.0,93,0.0,B0B1,201.6,184.29797158793298
263.0,94,14.813816111327856,B1A1,18.671021723970853,201.6
263.0,95,4.811122783913875,A2B2,183.882365207411,398.4
263.0,96,13.999279017369323,B1C1,261.6985671501403,198.4
263.0,97,7.360334911080603,:B1_13,200.59213006134948,198.4
263.0,98,10.526188323974667,A1A0,-1.6,164.79079893601406
264.0,100,0.0,C2B2,215.70205604700027,401.6
264.0,101,0.0,C0B0,208.2010614894611,1.6
264.0,102,0.0,B0B1,201.6,176.79689472267904
264.0,103,0.0,C0C1,401.6,184.29789634026972
264.0,104,0.0,C0C1,401.6,176.7968763211712
264.0,105,0.0,B2B1,198.4,223.2030868413129
264.0,107,0.0,C2B2,208.20104530950232,401.6
264.0,108,14.253020982208037,C0B0,237.3925565810449,1.6
264.0,109,12.094518315043725,B2B1,198.4,276.74361253447483
264.0,110,0.0,:B1_7,206.08417924272726,200.85611949515152
264.0,111,8.751365063284746,C0B0,374.2009850473889,1.6
264.0,112,0.0,A0B0,191.79896248385134,-1.6
264.0,113,5.05256206080288,B1B2,201.6,365.7510302496007
264.0,114,0.004088159359771208,A2B2,191.79773727416537,398.4
264.0,115,0.0,A0B0,184.29787711581142,-1.6
264.0,116,0.028317666579751648,A2A1,-1.6,215.71590741971613
264.0,117,0.0,A2A1,-1.6,208.20102473246408
264.0,118,13.199481629152693,C2B2,277.33407915764894,401.6
264.0,120,6.662540081047416,A1A2,1.6,216.21491290591348
264.0,121,0.0,B1B2,201.6,326.6296093729077
264.0,122,7.738627395479844,A1B1,191.5189519173841,198.4
264.0,123,1.8200998498596879,A2A1,-1.6,223.84482864656823
264.0,124,4.090676924556717,C2C1,398.4,396.01191174723374
264.0,125,6.0516279506946775,B0A0,3.3800441781058908,1.6
264.0,126,14.131445634973787,A0B0,113.73200453844797,-1.6
264.0,127,11.111968857151881,C2C1,398.4,293.67211678739625
264.0,128,8.260186620108607,A0B0,16.56018662010861,-1.6
264.0,129,12.954921014137856,A2B2,40.436391532666924,398.4
264.0,130,14.106344479954421,C1C2,401.6,253.5855526940299
264.0,131,1.9443174678599462,B0B1,201.6,14.244317467859949
264.0,45,14.23008704285294,B2B1,198.4,318.578305375288
264.0,55,12.961852757324056,A2B2,62.65868068922606,398.4
264.0,58,0.0,B2B1,198.4,215.70203876859554
264.0,60,0.5895131121335307,B1B2,201.6,342.4845067915826
264.0,61,0.15010314268206032,B1B2,201.6,334.2807570206875
264.0,64,0.0011525477642681946,C1B1,213.36276764740535,201.6
264.0,69,14.081258570967668,A1A2,1.6,333.80568432823316
264.0,75,2.6496546819600715,B1B2,201.6,353.02755552024746
264.0,76,0.0012289682535164851,B1B2,201.6,319.12840089207765
264.0,77,4.575992974728617,B1B2,201.6,391.42742815616515
264.0,78,13.415015729629992,B2A2,156.60497410519307,401.6
264.0,80,4.937088050774485,B2B1,198.4,387.3910302584527
264.0,81,12.723242220289833,B1C1,337.28911143819255,198.4
264.0,82,11.878608064092369,A0B0,34.56752265548635,-1.6
264.0,83,13.134056641480997,B1B2,201.6,292.0744330389514
264.0,85,0.0,B2B1,198.4,208.2010109470803
264.0,86,0.6373042809523831,C0C1,401.6,169.10348795093185
264.0,87,5.9403705218171,A1B1,174.06628447318346,198.4
264.0,88,0.0,B0B1,201.6,191.79898848734948
264.0,89,13.247769885811284,B1B0,198.4,159.735662354148
264.0,90,4.594761744833325,B1B2,201.6,378.4001703779834
264.0,91,11.622640899851964,A1A0,-1.6,131.66244769619766
264.0,92,0.0,C0C1,401.6,191.798989625217
264.0,93,0.0,B0B1,201.6,184.29797158793298
264.0,95,0.3224668090683458,A2B2,184.20483201647934,398.4
264.0,96,13.492051550275706,B1C1,275.19061870041605,198.4
264.0,97,8.660977517929453,B1C1,209.25310757927892,198.4
264.0,98,12.695294569776758,A1A0,-1.6,152.09550436623732
265.0,100,0.0,C2B2,215.70205604700027,401.6
265.0,101,0.0,C0B0,208.2010614894611,1.6
265.0,102,0.0,B0B1,201.6,176.79689472267904
265.0,103,0.0,C0C1,401.6,184.29789634026972
265.0,104,0.0,C0C1,401.6,176.7968763211712
265.0,105,0.0,B2B1,198.4,223.2030868413129
265.0,107,0.0,C2B2,208.20104530950232,401.6
265.0,108,11.489849011064576,C0B0,225.90270756998032,1.6
265.0,109,13.19569571551071,B2B1,198.4,263.5479168189641
265.0,110,0.0,:B1_7,206.08417924272726,200.85611949515152
265.0,111,10.262794149076788,C0B0,363.9381908983121,1.6
265.0,112,0.0,A0B0,191.79896248385134,-1.6
265.0,113,4.651048582280049,B1B2,201.6,370.4020788318808
265.0,114,0.0011900457617139296,A2B2,191.7989273199271,398.4
265.0,115,0.0,A0B0,184.29787711581142,-1.6
265.0,116,0.010550474939696054,A2A1,-1.6,215.70535694477644
265.0,117,0.0,A2A1,-1.6,208.20102473246408
265.0,118,13.329776569284409,C2B2,264.00430258836457,401.6
265.0,120,9.148220587239564,A1A2,1.6,225.36313349315304
265.0,121,0.09464113416478455,B1B2,201.6,326.72425050707244
265.0,122,9.06467063824443,:B1_13,200.58362255562852,198.4
265.0,123,0.45870951185301984,A2A1,-1.6,223.38611913471522
265.0,124,5.3929977203889194,C2C1,398.4,390.61891402684483
265.0,125,4.081363052067421,A0A1,1.6,4.521318873961515
265.0,126,13.095957945360423,A0B0,126.82796248380839,-1.6
265.0,127,11.178252859585413,C2C1,398.4,282.4938639278108
265.0,128,9.682218928873363,A0B0,26.24240554898197,-1.6
265.0,129,12.488106658829457,A2B2,52.9244981914964,398.4
265.0,130,13.557320558655627,C1C2,401.6,267.1428732526855
265.0,131,4.503049671230837,B0B1,201.6,18.747367139090784
265.0,132,13.330233,C1C0,398.4,187.70000000000002
265.0,45,14.548246635633225,B2B1,198.4,304.03005873965475
265.0,55,13.355125060881079,A2B2,76.01380575010714,398.4
265.0,58,0.0,B2B1,198.4,215.70203876859554
265.0,60,2.535726972868229,B1B2,201.6,345.0202337644508
265.0,61,0.4977913191719983,B1B2,201.6,334.77854833985947
265.0,64,0.0007078071508118176,C1B1,213.36205984025455,201.6
265.0,69,13.78160369410781,A1A2,1.6,347.58728802234094
265.0,75,3.9515361449352255,B1B2,201.6,356.9790916651827
265.0,76,0.00014441911559637184,B1B2,201.6,319.12854531119325
265.0,77,6.037438719669628,:B2_4,200.6504889314232,397.31585178096134
265.0,78,12.894372256112405,B2A2,143.71060184908063,401.6
265.0,80,7.470905720011518,B2B1,198.4,379.9201245384412
265.0,81,12.932366406086661,B1C1,350.2214778442792,198.4
265.0,82,13.667901094809718,A0B0,48.23542375029607,-1.6
265.0,83,10.108278555959824,B1B2,201.6,302.1827115949112
265.0,85,0.0,B2B1,198.4,208.2010109470803
265.0,86,0.16483869882246427,C0C1,401.6,169.2683266497543
265.0,87,8.491960784380069,A1B1,182.55824525756353,198.4
265.0,88,0.0,B0B1,201.6,191.79898848734948
265.0,89,12.947543199931198,B1B0,198.4,146.7881191542168
265.0,90,4.42989862812,B1B2,201.6,382.8300690061034
265.0,91,11.953357924175494,A1A0,-1.6,119.70908977202215
265.0,92,0.0,C0C1,401.6,191.798989625217
265.0,93,0.0,B0B1,201.6,184.29797158793298
265.0,95,0.07459430732747706,A2B2,184.27942632380683,398.4
265.0,96,12.737754297694252,B1C1,287.9283729981103,198.4
265.0,97,10.656456235493126,B1C1,219.90956381477204,198.4
265.0,98,11.443598404974626,A1A0,-1.6,140.65190596126266
266.0,100,0.0,C2B2,215.70205604700027,401.6
266.0,101,0.0,C0B0,208.2010614894611,1.6
266.0,102,0.0,B0B1,201.6,176.79689472267904
266.0,103,0.0,C0C1,401.6,184.29789634026972
266.0,104,0.0,C0C1,401.6,176.7968763211712
266.0,105,0.0,B2B1,198.4,223.2030868413129
266.0,107,0.0,C2B2,208.20104530950232,401.6
266.0,108,7.051481741981192,C0B0,218.85122582799912,1.6
266.0,109,12.63667628839282,B2B1,198.4,250.9112405305713
266.0,110,0.0,:B1_7,206.08417924272726,200.85611949515152
266.0,111,11.319177961515473,C0B0,352.6190129367966,1.6
266.0,112,0.0,A0B0,191.79896248385134,-1.6
266.0,113,4.2466520861023485,B1B2,201.6,374.64873091798313
266.0,114,0.0,A2B2,191.7989273199271,398.4
266.0,115,0.0,A0B0,184.29787711581142,-1.6
266.0,116,0.002393380939927679,A2A1,-1.6,215.7029635638365
266.0,117,0.0,A2A1,-1.6,208.20102473246408
266.0,118,12.577983711767851,C2B2,251.4263188765967,401.6
266.0,120,10.998295127504468,A1A2,1.6,236.36142862065753
266.0,121,0.48516381222347227,B1B2,201.6,327.2094143192959
266.0,122,10.90151336146822,B1C1,211.48513591709673,198.4
266.0,123,0.15546945842158724,A2A1,-1.6,223.23064967629364
266.0,124,6.791615226998218,C2C1,398.4,383.82729879984663
266.0,125,5.529265529367216,A0A1,1.6,10.050584403328733
266.0,126,13.679124327496245,A0B0,140.50708681130462,-1.6
266.0,127,10.498978259330109,C2C1,398.4,271.9948856684807
266.0,128,11.527871789811934,A0B0,37.77027733879391,-1.6
266.0,129,13.10025969019458,A2B2,66.02475788169097,398.4
266.0,130,13.85985232382416,C1C2,401.6,281.0027255765097
266.0,131,6.667881058482452,B0B1,201.6,25.415248197573238
266.0,132,12.515475762998678,C1C0,398.4,175.18452423700134
266.0,45,14.447624521629589,B2B1,198.4,289.5824342180251
266.0,55,13.507719431601988,A2B2,89.52152518170912,398.4
266.0,58,0.0,B2B1,198.4,215.70203876859554
266.0,60,3.577783391335696,B1B2,201.6,348.59801715578647
266.0,61,1.8044952817595592,B1B2,201.6,336.583043621619
266.0,64,0.0,C1B1,213.36205984025455,201.6
266.0,69,13.606700290885248,A1A2,1.6,361.1939883132262
266.0,75,4.800876778771626,B1B2,201.6,361.7799684439543
266.0,76,0.050719086459830615,B1B2,201.6,319.17926439765307
266.0,77,7.592760657551512,:B2_4,194.71325064878553,401.32667847874495
266.0,78,13.365318993980186,B2A2,130.34528285510046,401.6
266.0,80,8.875175468984247,B2B1,198.4,371.04494906945695
266.0,81,13.28070177597256,B1C1,363.5021796202517,198.4
266.0,82,14.072247050067023,A0B0,62.3076708003631,-1.6
266.0,83,6.318327867541171,B1B2,201.6,308.50103946245235
266.0,85,0.0,B2B1,198.4,208.2010109470803
266.0,86,0.024181248941725648,C0C1,401.6,169.29250789869602
266.0,88,0.0,B0B1,201.6,191.79898848734948
266.0,89,12.973780460085647,B1B0,198.4,133.81433869413112
266.0,90,5.719683772017706,B1B2,201.6,388.5497527781211
266.0,91,11.150932482703634,A1A0,-1.6,108.55815728931852
266.0,92,0.0,C0C1,401.6,191.798989625217
266.0,93,0.0,B0B1,201.6,184.29797158793298
266.0,95,0.01628078243257099,A2B2,184.2957071062394,398.4
266.0,96,13.352751857456811,B1C1,301.2811248555671,198.4
266.0,97,12.015522020779402,B1C1,231.92508583555144,198.4
266.0,98,12.290686756082481,A1A0,-1.6,128.3612192051802
267.0,100,0.0,C2B2,215.70205604700027,401.6
267.0,101,0.0,C0B0,208.2010614894611,1.6
267.0,102,0.0,B0B1,201.6,176.79689472267904
267.0,103,0.0,C0C1,401.6,184.29789634026972
267.0,104,0.0,C0C1,401.6,176.7968763211712
267.0,105,0.0,B2B1,198.4,223.2030868413129
267.0,107,0.0,C2B2,208.20104530950232,401.6
267.0,108,2.551481741981192,C0B0,216.2997440860179,1.6
267.0,109,10.780303849047865,B2B1,198.4,240.13093668152342
267.0,110,1.5647131602512674,:B1_19,205.85480351176662,199.49039297646675
267.0,111,11.24068808956372,C0B0,341.3783248472329,1.6
267.0,112,0.0,A0B0,191.79896248385134,-1.6
267.0,113,5.689816330100369,B1B2,201.6,380.3385472480835
267.0,114,0.0,A2B2,191.7989273199271,398.4
267.0,115,0.0,A0B0,184.29787711581142,-1.6
267.0,116,0.0008594136518093975,A2A1,-1.6,215.7021041501847
267.0,117,0.0,A2A1,-1.6,208.20102473246408
267.0,118,13.35468318349766,C2B2,238.07163569309904,401.6
267.0,120,13.032739717738183,A1A2,1.6,249.3941683383957
267.0,121,1.113332245964294,B1B2,201.6,328.3227465652602
267.0,122,11.202898396596284,B1C1,222.688034313693,198.4
267.0,123,0.02225315572332548,A2A1,-1.6,223.20839652057032
267.0,124,8.24728516840212,C2C1,398.4,375.5800136314445
267.0,125,7.464113133990281,A0A1,1.6,17.514697537319016
267.0,126,13.900327094438106,A0B0,154.40741390574271,-1.6
267.0,127,11.250343805560336,C2C1,398.4,260.7445418629204
267.0,128,13.050625642301338,A0B0,50.820902981095244,-1.6
267.0,129,13.200952157563053,A2B2,79.22571003925403,398.4
267.0,130,13.64551748829297,C1C2,401.6,294.64824306480267
267.0,131,8.65716507481411,B0B1,201.6,34.07241327238735
267.0,132,12.147956041400313,C1C0,398.4,163.036568195601
267.0,45,14.173168292661833,B2B1,198.4,275.40926592536334
267.0,55,13.05332741508592,A2B2,102.57485259679504,398.4
267.0,58,0.0,B2B1,198.4,215.70203876859554
267.0,60,5.063750821072603,B1B2,201.6,353.6617679768591
267.0,61,3.4992273992727543,B1B2,201.6,340.08227102089177
267.0,64,0.0,C1B1,213.36205984025455,201.6
267.0,69,14.170745142811404,A1A2,1.6,375.3647334560376
267.0,75,4.162042802252085,B1B2,201.6,365.9420112462064
267.0,76,0.5178816796139963,B1B2,201.6,319.69714607726706
267.0,77,7.800722504043765,B2A2,186.93164996256996,401.6
267.0,78,13.547710651264646,B2A2,116.79757220383581,401.6
267.0,80,10.773822754004225,B2B1,198.4,360.2711263154527
267.0,81,13.355600456388496,B1C1,376.8577800766402,198.4
267.0,82,13.832930314161427,A0B0,76.14060111452453,-1.6
267.0,83,2.69988463968568,B1B2,201.6,311.20092410213806
267.0,85,0.0,B2B1,198.4,208.2010109470803
267.0,86,0.002425244517593204,C0C1,401.6,169.2949331432136
267.0,88,0.0,B0B1,201.6,191.79898848734948
267.0,89,14.119283455110082,B1B0,198.4,119.69505523902104
267.0,90,5.61944895034638,:B2_3,201.7936646820401,394.1556527742808
267.0,91,11.414876808928371,A1A0,-1.6,97.14328048039015
267.0,92,0.0,C0C1,401.6,191.798989625217
267.0,93,0.0,B0B1,201.6,184.29797158793298
267.0,95,0.001625326741920249,A2B2,184.29733243298134,398.4
267.0,96,12.8670095900959,B1C1,314.148134445663,198.4
267.0,97,11.678253349735254,B1C1,243.6033391852867,198.4
267.0,98,11.154077055757353,A1A0,-1.6,117.20714214942284
268.0,100,0.0,C2B2,215.70205604700027,401.6
268.0,101,0.0,C0B0,208.2010614894611,1.6
268.0,102,0.0,B0B1,201.6,176.79689472267904
268.0,103,0.0,C0C1,401.6,184.29789634026972
268.0,104,0.0,C0C1,401.6,176.7968763211712
268.0,105,0.0,B2B1,198.4,223.2030868413129
268.0,107,0.0,C2B2,208.20104530950232,401.6
268.0,108,0.3492783595760728,C0B0,215.95046572644185,1.6
268.0,109,6.280303849047865,B2B1,198.4,233.85063283247555
268.0,110,3.2364491123291845,B1C1,208.67014718130773,198.4
268.0,111,11.777062627000944,C0B0,329.60126222023194,1.6
268.0,112,0.0,A0B0,191.79896248385134,-1.6
268.0,113,4.844719384111028,B1B2,201.6,385.18326663219455
268.0,114,0.0,A2B2,191.7989273199271,398.4
268.0,115,0.0,A0B0,184.29787711581142,-1.6
268.0,116,0.0,A2A1,-1.6,215.7021041501847
268.0,117,0.0,A2A1,-1.6,208.20102473246408
268.0,118,8.85468318349766,C2B2,229.21695250960138,401.6
268.0,120,12.51412626755558,A1A2,1.6,261.9082946059513
268.0,121,3.225423562503157,B1B2,201.6,331.5481701277634
268.0,122,12.124401262588732,B1C1,234.81243557628176,198.4
268.0,123,0.004344088626758748,A2A1,-1.6,223.20405243194355
268.0,124,9.899362800054476,C2C1,398.4,365.68065083139004
268.0,125,9.9491733175312,A0A1,1.6,27.463870854850217
268.0,126,11.897557577680194,A0B0,166.30497148342292,-1.6
268.0,127,10.564869929067285,C2C1,398.4,250.1796719338531
268.0,128,14.817039094742269,A0B0,65.63794207583753,-1.6
268.0,129,13.072367171415417,A2B2,92.29807721066945,398.4
268.0,130,14.15754890814758,C1C2,401.6,308.80579197295026
268.0,131,10.78657020225655,B0B1,201.6,44.85898347464391
268.0,132,12.3204869413888,C1C0,398.4,150.7160812542122
268.0,45,14.197458291446495,B2B1,198.4,261.2118076339168
268.0,55,13.094333978736364,A2B2,115.66918657553141,398.4
268.0,58,0.0,B2B1,198.4,215.70203876859554
268.0,60,4.4085292193427295,B1B2,201.6,358.0702971962018
268.0,61,5.293838504156457,B1B2,201.6,345.37610952504826
268.0,64,0.8611928688832559,C1B1,212.5008669713713,201.6
268.0,69,13.313410541863606,A1A2,1.6,388.6781439979012
268.0,75,5.746254186201911,B1B2,201.6,371.68826543240834
268.0,76,0.5976723840908083,B1B2,201.6,320.29481846135786
268.0,77,9.127308170785941,B2A2,177.80434179178403,401.6
268.0,78,13.681768866105125,B2A2,103.11580333773068,401.6
268.0,80,12.643923013598844,B2B1,198.4,347.62720330185385
268.0,81,8.855600456388496,B1C1,385.7133805330287,198.4
268.0,82,12.887495077534192,A0B0,89.02809619205873,-1.6
268.0,83,0.8907540666344124,B1B2,201.6,312.09167816877243
268.0,85,0.0,B2B1,198.4,208.2010109470803
268.0,86,0.0007448794418366265,C0C1,401.6,169.29567802265544
268.0,88,0.0,B0B1,201.6,191.79898848734948
268.0,89,14.185628049204054,B1B0,198.4,105.50942718981699
268.0,90,6.068579215085886,:B2_3,205.62353676871953,398.17479096695996
268.0,91,11.632354754213289,A1A0,-1.6,85.51092572617685
268.0,92,0.0,C0C1,401.6,191.798989625217
268.0,93,0.0,B0B1,201.6,184.29797158793298
268.0,95,0.0002982696934772936,A2B2,184.2976307026748,398.4
268.0,96,12.993170336815588,B1C1,327.14130478247864,198.4
268.0,97,12.396370790180603,B1C1,255.9997099754673,198.4
268.0,98,11.774018710409273,A1A0,-1.6,105.43312343901356
269.0,100,0.0,C2B2,215.70205604700027,401.6
269.0,101,0.0,C0B0,208.2010614894611,1.6
269.0,102,0.0,B0B1,201.6,176.79689472267904
269.0,103,0.0,C0C1,401.6,184.29789634026972
269.0,104,0.0,C0C1,401.6,176.7968763211712
269.0,105,0.0,B2B1,198.4,223.2030868413129
269.0,107,0.0,C2B2,208.20104530950232,401.6
269.0,108,0.2395312497994937,C0B0,215.71093447664236,1.6
269.0,109,3.1312549714472757,B2B1,198.4,230.71937786102828
269.0,110,4.749171402566619,B1C1,213.41931858387434,198.4
269.0,111,10.98162701155825,C0B0,318.6196352086737,1.6
269.0,112,0.0,A0B0,191.79896248385134,-1.6
269.0,113,4.5995316476072805,B1B2,201.6,389.7827982798018
269.0,114,0.0,A2B2,191.7989273199271,398.4
269.0,115,0.0,A0B0,184.29787711581142,-1.6
269.0,116,0.0,A2A1,-1.6,215.7021041501847
269.0,117,0.0,A2A1,-1.6,208.20102473246408
269.0,118,4.626140686962971,C2B2,224.59081182263841,401.6
269.0,120,12.33777743614413,A1A2,1.6,274.2460720420954
269.0,121,4.793702080842339,B1B2,201.6,336.3418722086057
269.0,122,12.575854278349224,B1C1,247.38828985463095,198.4
269.0,123,0.0006495549538095826,A2A1,-1.6,223.20340287698974
269.0,124,11.690812775858902,C2C1,398.4,353.9898380555311
269.0,125,11.740665023804718,A0A1,1.6,39.20453587865494
269.0,126,7.397557577680194,A0B0,173.70252906110312,-1.6
269.0,127,11.400249536367559,C2C1,398.4,238.77942239748552
269.0,128,13.228088731773576,A0B0,78.86603080761111,-1.6
269.0,129,13.446861540501349,A2B2,105.7449387511708,398.4
269.0,130,14.10601679180152,C1C2,401.6,322.91180876475175
269.0,131,12.35512929272372,B0B1,201.6,57.21411276736764
269.0,132,12.900464643808075,C1C0,398.4,137.81561661040413
269.0,134,4.627284940008884,B2B1,198.4,387.7
269.0,45,10.834407786965764,B2B1,198.4,250.37739984695108
269.0,55,13.129975762631336,A2B2,128.79916233816274,398.4
269.0,58,0.0,B2B1,198.4,215.70203876859554
269.0,60,5.544817484428415,B1B2,201.6,363.6151146806302
269.0,61,4.046266797440474,B1B2,201.6,349.42237632248873
269.0,64,2.3107298905500215,C1B1,210.19013708082127,201.6
269.0,75,4.603085328652596,B1B2,201.6,376.2913507610609
269.0,76,2.6229746635519833,B1B2,201.6,322.91779312490985
269.0,77,11.627086076335795,B2A2,166.1772557154482,401.6
269.0,78,13.864445150492832,B2A2,89.25135818723784,401.6
269.0,80,13.798046881640257,B2B1,198.4,333.82915642021356
269.0,81,4.752860885269794,B1C1,390.4662414182985,198.4
269.0,82,13.187112405749582,A0B0,102.21520859780833,-1.6
269.0,83,0.48982877946396797,B1B2,201.6,312.58150694823644
269.0,85,0.0,B2B1,198.4,208.2010109470803
269.0,86,0.00010735797851431017,C0C1,401.6,169.29578538063396
269.0,88,0.0,B0B1,201.6,191.79898848734948
269.0,89,13.883663834759892,B1B0,198.4,91.62576335505709
269.0,90,5.9013090768082135,B2C2,211.50909002036155,398.4
269.0,91,12.36815509093371,A1A0,-1.6,73.14277063524312
269.0,92,0.0,C0C1,401.6,191.798989625217
269.0,93,0.0,B0B1,201.6,184.29797158793298
269.0,95,0.00023532230295847043,A2B2,184.29786602497776,398.4
269.0,96,13.470525417029918,B1C1,340.6118301995085,198.4
269.0,97,12.049378558438123,B1C1,268.04908853390543,198.4
269.0,98,11.552515962224453,A1A0,-1.6,93.8806074767891
270.0,100,0.0,C2B2,215.70205604700027,401.6
270.0,101,0.0,C0B0,208.2010614894611,1.6
270.0,102,0.0,B0B1,201.6,176.79689472267904
270.0,103,0.0,C0C1,401.6,184.29789634026972
270.0,104,0.0,C0C1,401.6,176.7968763211712
270.0,105,0.0,B2B1,198.4,223.2030868413129
270.0,107,0.0,C2B2,208.20104530950232,401.6
270.0,108,0.007406615547832677,C0B0,215.70352786109453,1.6
270.0,109,0.010355306151170873,B2B1,198.4,230.7090225548771
270.0,110,6.184526309934928,B1C1,219.60384489380928,198.4
270.0,111,11.674359402063512,C0B0,306.9452758066102,1.6
270.0,112,0.0,A0B0,191.79896248385134,-1.6
270.0,113,1.0917772928930396,B1B2,201.6,390.8745755726948
270.0,114,0.0,A2B2,191.7989273199271,398.4
270.0,115,0.0,A0B0,184.29787711581142,-1.6
270.0,116,0.0,A2A1,-1.6,215.7021041501847
270.0,117,0.0,A2A1,-1.6,208.20102473246408
270.0,118,0.8194370137795206,C2B2,223.7713748088589,401.6
270.0,120,12.16208537487913,A1A2,1.6,286.4081574169745
270.0,121,5.005976433170135,B1B2,201.6,341.34784864177584
270.0,122,12.238532615954254,B1C1,259.62682247058524,198.4
270.0,123,0.00025350256124796,A2A1,-1.6,223.2031493744285
270.0,124,13.482121734943464,C2C1,398.4,340.50771632058763
270.0,125,13.629968578329386,A0A1,1.6,52.834504456984334
270.0,126,2.8975575776801943,A0B0,176.60008663878332,-1.6
270.0,127,10.932749257315376,C2C1,398.4,227.84667314017014
270.0,128,13.740808138485951,A0B0,92.60683894609706,-1.6
270.0,129,12.87314220388971,A2B2,118.61808095506052,398.4
270.0,130,13.087828566370153,C1C2,401.6,335.9996373311219
270.0,131,14.50852177221802,B0B1,201.6,71.72263453958566
270.0,132,12.334668254493728,C1C0,398.4,125.4809483559104
270.0,133,13.508115499335393,B2A2,187.70000000000002,401.6
270.0,134,6.145273386922543,B2B1,198.4,381.5547266130775
270.0,45,7.043754377832102,B2B1,198.4,243.33364546911898
270.0,55,13.807981358904915,A2B2,142.60714369706764,398.4
270.0,58,0.0,B2B1,198.4,215.70203876859554
270.0,60,4.227999393128471,B1B2,201.6,367.84311407375867
270.0,61,5.9627022882592415,B1B2,201.6,355.38507861074794
270.0,75,4.316409815683352,B1B2,201.6,380.6077605767442
270.0,76,4.397232157968071,B1B2,201.6,327.3150252828779
270.0,77,13.162167179984957,B2A2,153.01508853546326,401.6
270.0,78,13.85406381868583,B2A2,75.397294368552,401.6
270.0,80,14.26407247395713,B2B1,198.4,319.56508394625644
270.0,81,0.923033059586694,B1C1,391.3892744778852,198.4
270.0,82,13.621591668499246,A0B0,115.83680026630756,-1.6
270.0,83,2.7087524336560866,B1B2,201.6,315.2902593818925
270.0,85,0.0,B2B1,198.4,208.2010109470803
270.0,86,0.0,C0C1,401.6,169.29578538063396
270.0,88,0.0,B0B1,201.6,191.79898848734948
270.0,89,13.835555669351407,B1B0,198.4,77.79020768570568
270.0,90,7.448397048814043,B2C2,218.95748706917558,398.4
270.0,91,11.633673271773429,A1A0,-1.6,61.50909736346972
270.0,92,0.0,C0C1,401.6,191.798989625217
270.0,93,0.0,B0B1,201.6,184.29797158793298
270.0,95,0.0,A2B2,184.29786602497776,398.4
270.0,96,13.5451080724551,B1C1,354.15693827196367,198.4
270.0,97,11.860878843538314,B1C1,279.90996737744376,198.4
270.0,98,12.136827832302094,A1A0,-1.6,81.743779644487
271.0,100,0.0,C2B2,215.70205604700027,401.6
271.0,101,2.0611291544977575,:B0_4,206.13993233496333,1.6
271.0,102,0.0,B0B1,201.6,176.79689472267904
271.0,103,0.0,C0C1,401.6,184.29789634026972
271.0,104,0.0,C0C1,401.6,176.7968763211712
271.0,105,0.0,B2B1,198.4,223.2030868413129
271.0,107,2.3370765223541423,:B2_2,206.0866406559568,400.85776043730453
271.0,108,0.000861350384544387,C0B0,215.70266651070997,1.6
271.0,109,0.004263507113364465,B2B1,198.4,230.70475904776373
271.0,110,8.313841549940891,B1C1,227.91768644375017,198.4
271.0,111,11.596182693870016,C0B0,295.3490931127401,1.6
271.0,112,2.2168502557557077,:B0_7,194.00182355529108,-1.4283109206727036
271.0,113,0.5089932099532096,B1B2,201.6,391.383568782648
271.0,114,1.8826969820074737,:B2_7,193.68162430193456,398.4
271.0,115,0.0,A0B0,184.29787711581142,-1.6
271.0,116,0.0,A2A1,-1.6,215.7021041501847
271.0,117,1.7744676129426806,:A1_0,-1.6,206.4265571195214
271.0,118,0.5575622979827647,C2B2,223.21381251087612,401.6
271.0,120,11.917974521491157,A1A2,1.6,298.3261319384657
271.0,121,5.564864563002259,B1B2,201.6,346.91271320477813
271.0,122,11.903937155025469,B1C1,271.5307596256107,198.4
271.0,123,0.0,A2A1,-1.6,223.2031493744285
271.0,124,14.42028800735569,C2C1,398.4,326.08742831323195
271.0,125,15.083376785840848,A0A1,1.6,67.91788124282519
271.0,126,0.17261056997840504,A0B0,176.77269720876174,-1.6
271.0,127,10.512211414225824,C2C1,398.4,217.33446172594432
271.0,128,13.489432694236985,A0B0,106.09627164033405,-1.6
271.0,129,13.482368489400008,A2B2,132.1004494444605,398.4
271.0,130,13.215212717143439,C1C2,401.6,349.21485004826536
271.0,131,13.726964532462961,B0B1,201.6,85.44959907204861
271.0,132,12.066828038324594,C1C0,398.4,113.41412031758581
271.0,133,13.243893905396074,B2A2,174.45610609460394,401.6
271.0,134,7.991920332589996,B2B1,198.4,373.56280628048745
271.0,135,13.89,C1B1,387.7,201.6
271.0,45,4.428916153719776,B2B1,198.4,238.9047293153992
271.0,55,13.451445228134805,A2B2,156.05858892520246,398.4
271.0,58,0.0,B2B1,198.4,215.70203876859554
271.0,60,3.687229545394392,B1B2,201.6,371.5303436191531
271.0,61,4.700156973132796,B1B2,201.6,360.0852355838807
271.0,75,1.91894012391429,B1B2,201.6,382.5267007006586
271.0,76,5.73379981400536,B1B2,201.6,333.0488250968833
271.0,77,12.506328655434757,B2A2,140.5087598800285,401.6
271.0,78,13.374212442513675,B2A2,62.023081926038344,401.6
271.0,80,14.225062503041626,B2B1,198.4,305.3400214432148
271.0,81,0.39480455288145444,B1C1,391.78407903076663,198.4
271.0,82,13.566778772410549,A0B0,129.4035790387181,-1.6
271.0,83,4.108285170757722,B1B2,201.6,319.39854455265026
271.0,85,2.5348523841938007,:B1_2,198.61659900048193,205.68380699662652
271.0,86,0.0,C0C1,401.6,169.29578538063396
271.0,88,2.0221307571511717,:B1_10,201.45580425565507,193.80937021041458
271.0,89,13.981944869750107,B1B0,198.4,63.80826281595557
271.0,90,10.002049102862188,B2C2,228.9595361720378,398.4
271.0,91,12.037281384090006,A1A0,-1.6,49.47181597937973
271.0,92,2.5410103747830215,:C1_11,400.71052751579793,194.04473624210104
271.0,93,0.0,B0B1,201.6,184.29797158793298
271.0,95,0.0,A2B2,184.29786602497776,398.4
271.0,96,13.50884244362364,B1C1,367.6657807155873,198.4
271.0,97,11.742781606925503,B1C1,291.6527489843693,198.4
271.0,98,11.14370028938138,A1A0,-1.6,70.60007935510562
272.0,100,1.6870246403313414,C2B2,214.01503140666892,401.6
272.0,101,3.773673365963623,:B0_4,202.36625896899972,1.6
272.0,102,0.0,B0B1,201.6,176.79689472267904
272.0,103,2.3743974904495855,C0C1,401.6,186.6722938307193
272.0,104,0.0,C0C1,401.6,176.7968763211712
272.0,105,0.0,B2B1,198.4,223.2030868413129
272.0,107,0.002016732941340026,:B2_2,206.08496004517235,400.85664003011493
272.0,108,1.416794775239229,C0B0,214.28587173547075,1.6
272.0,109,0.0004485796089698141,B2B1,198.4,230.70431046815477
272.0,110,10.777969304011688,B1C1,238.69565574776186,198.4
272.0,111,10.84177229048519,C0B0,284.50732082225494,1.6
272.0,112,2.753187260392969,:B0_7,196.7135205530051,-1.0118876681969333
272.0,113,0.40886765780620404,B1B2,201.6,391.79243644045425
272.0,114,3.8949518823763354,:B2_7,197.57657618431088,398.4
272.0,115,1.8554781177012702,A0B0,186.15335523351268,-1.6
272.0,116,1.2567030306167735,A2A1,-1.6,214.44540111956795
272.0,117,3.515071166935377,:A1_0,-1.6,202.91148595258602
272.0,118,0.00887405653450558,C2B2,223.20493845434163,401.6
272.0,120,11.959972281094121,A1A2,1.6,310.28610421955983
272.0,121,4.637814193899939,B1B2,201.6,351.550527398678
272.0,122,10.961716835454007,B1C1,282.4924764610647,198.4
272.0,123,0.0,A2A1,-1.6,223.2031493744285
272.0,124,14.295221625616238,C2C1,398.4,311.7922066876157
272.0,125,15.083841662721717,A0A1,1.6,83.0017229055469
272.0,126,0.015736997767910585,A0B0,176.78843420652964,-1.6
272.0,128,13.636468290589598,A0B0,119.73273993092364,-1.6
272.0,129,13.137885565821536,A2B2,145.23833501028204,398.4
272.0,130,13.100953042859762,C1C2,401.6,362.31580309112513
272.0,131,14.452054118802852,B0B1,201.6,99.90165319085146
272.0,132,12.78903551058843,C1C0,398.4,100.62508480699738
272.0,133,13.590060551853352,B2A2,160.86604554275058,401.6
272.0,134,9.506650584822399,B2B1,198.4,364.05615569566504
272.0,135,13.861154012758018,C1B1,373.838845987242,201.6
272.0,45,0.4396840753379589,B2B1,198.4,238.46504524006124
272.0,55,10.425845110549954,A2B2,166.4844340357524,398.4
272.0,58,1.854947522145472,B2B1,198.4,213.84709124645008
272.0,60,2.799446788199241,B1B2,201.6,374.32979040735233
272.0,61,3.5157801015501655,B1B2,201.6,363.6010156854309
272.0,75,1.3089038986230694,B1B2,201.6,383.8356045992816
272.0,76,5.52723578550847,B1B2,201.6,338.57606088239174
272.0,77,13.473640984091892,B2A2,127.0351188959366,401.6
272.0,78,12.876406147459642,B2A2,49.1466757785787,401.6
272.0,80,13.188748877034449,B2B1,198.4,292.1512725661804
272.0,81,0.01253538993116458,B1C1,391.7966144206978,198.4
272.0,82,13.57479913036114,A0B0,142.97837816907924,-1.6
272.0,83,5.52039911660529,B1B2,201.6,324.91894366925555
272.0,85,4.214869271963835,:B1_16,199.9035365619505,201.76077239674916
272.0,86,0.0,C0C1,401.6,169.29578538063396
272.0,88,2.3600065828947328,:B1_10,201.12253964653894,196.14222247422754
272.0,89,13.342935089569465,B1B0,198.4,50.46532772638611
272.0,90,11.604968287325287,B2C2,240.56450445936306,398.4
272.0,91,12.105900619275912,A1A0,-1.6,37.36591536010383
272.0,92,2.1573350973663477,:C1_11,398.93971696174805,193.60957544262206
272.0,93,1.159843925378825,B0B1,201.6,185.4578155133118
272.0,95,1.5521488520905464,A2B2,185.8500148770683,398.4
272.0,96,9.929381717809102,B1C1,377.59516243339635,198.4
272.0,97,11.931208971658574,B1C1,303.58395795602786,198.4
272.0,98,11.979379465691252,A1A0,-1.6,58.62069988941437
273.0,100,0.5090275893107923,C2B2,213.50600381735813,401.6
273.0,101,5.322039427189156,:B0_4,197.04421954181058,1.6
273.0,102,0.6087717744659689,B0B1,201.6,177.405666497145
273.0,103,2.221553987306141,C0C1,401.6,188.89384781802545
273.0,104,1.3013611543699968,C0C1,401.6,178.0982374755412
273.0,105,1.6254061076067394,B2B1,198.4,221.57768073370616
273.0,107,0.0008542882727503182,:B2_2,206.0842481382784,400.85616542551895
273.0,108,3.5261151526114345,C0B0,210.75975658285932,1.6
273.0,109,0.00013107940636727407,B2B1,198.4,230.7041793887484
273.0,110,12.806656018582611,B1C1,251.50231176634446,198.4
273.0,111,11.614659066245169,C0B0,272.8926617560098,1.6
273.0,112,0.0,:B0_7,196.7135205530051,-1.0118876681969333
273.0,113,0.0057309034731196215,B1B2,201.6,391.7981673439274
273.0,114,5.758793567121029,:B2_7,203.3353697514319,398.4
273.0,115,2.3732736379421784,A0B0,188.52662887145488,-1.6
273.0,116,3.839386339109188,A2A1,-1.6,210.60601478045876
273.0,117,5.601255888934247,:A1_0,-1.6,197.31023006365177
273.0,118,1.5335759309965349,C2B2,221.6713625233451,401.6
273.0,120,11.895948573636302,A1A2,1.6,322.18205279319614
273.0,121,3.4551172588414847,B1B2,201.6,355.0056446575195
273.0,122,11.51867743643548,B1C1,294.0111538975002,198.4
273.0,123,0.8594493087469697,A2A1,-1.6,222.34370006568153
273.0,124,14.454803338878252,C2C1,398.4,297.33740334873744
273.0,125,15.365510742513472,A0A1,1.6,98.36723364806036
273.0,126,1.4604296396195546,A0B0,178.2488638461492,-1.6
273.0,128,13.460585461617468,A0B0,133.19332539254108,-1.6
273.0,129,11.354920615529313,A2B2,156.59325562581137,398.4
273.0,130,14.116844420184933,C1C2,401.6,376.43264751131005
273.0,131,14.363986785169773,B0B1,201.6,114.26563997602125
273.0,132,12.116700759078368,C1C0,398.4,88.50838404791898
273.0,133,14.262000231111855,B2A2,146.6040453116387,401.6
273.0,134,10.820797633359087,B2B1,198.4,353.235358062306
273.0,135,12.895813189520233,C1B1,360.94303279772174,201.6
273.0,136,5.118875881232864,B2B1,198.4,387.7
273.0,45,0.21711196847600633,B2B1,198.4,238.24793327158523
273.0,55,7.02607405495364,A2B2,173.51050809070605,398.4
273.0,58,4.212381998545267,B2B1,198.4,209.63470924790482
273.0,60,1.474308795044477,B1B2,201.6,375.8040992023968
273.0,61,2.5357349742688133,B1B2,201.6,366.1367506596997
273.0,75,0.3547715362544118,B1B2,201.6,384.19037613553604
273.0,76,3.8329027719243225,B1B2,201.6,342.4089636543161
273.0,77,12.374436443233847,B2A2,114.66068245270276,401.6
273.0,78,12.90191731076979,B2A2,36.24475846780891,401.6
273.0,80,13.837426500003712,B2B1,198.4,278.31384606617667
273.0,81,0.001555536946450334,B1C1,391.7981699576443,198.4
273.0,82,12.420804367818317,A0B0,155.39918253689754,-1.6
273.0,83,5.1163401302418885,B1B2,201.6,330.03528379949745
273.0,85,6.295413244958035,:B1_16,205.06616960044084,198.70483291422272
273.0,86,0.0,C0C1,401.6,169.29578538063396
273.0,88,4.847574754612891,:B1_20,198.434575273204,199.97925483607762
273.0,89,13.32112247379303,B1B0,198.4,37.14420525259308
273.0,90,13.724107064637831,B2C2,254.2886115240009,398.4
273.0,91,11.14601962028914,A1A0,-1.6,26.21989573981469
273.0,92,2.6351685110017287,C1C0,398.4,191.13749639163194
273.0,93,2.369121748896406,B0B1,201.6,187.82693726220822
273.0,95,2.988997736585521,A2B2,188.83901261365384,398.4
273.0,96,5.429381717809102,B1C1,383.0245441512055,198.4
273.0,97,11.488014345689528,B1C1,315.0719723017174,198.4
273.0,98,11.415109614566271,A1A0,-1.6,47.205590274848106
274.0,100,0.13758017803209846,C2B2,213.36842363932604,401.6
274.0,101,7.68974458896555,B0A0,189.35447495284504,1.6
274.0,102,1.7582613100789948,B0B1,201.6,179.163927807224
274.0,103,3.3839406831385066,C0C1,401.6,192.27778850116397
274.0,104,2.9742396265811344,C0C1,401.6,181.07247710212232
274.0,105,3.4778001212956386,B2B1,198.4,218.09988061241052
274.0,107,0.0,:B2_2,206.0842481382784,400.85616542551895
274.0,109,1.191809452290469,B2B1,198.4,229.51236993645793
274.0,110,11.965019315931453,B1C1,263.4673310822759,198.4
274.0,111,11.256677365934687,C0B0,261.6359843900751,1.6
274.0,112,0.0,:B0_7,196.7135205530051,-1.0118876681969333
274.0,113,0.0006546171392720821,B1B2,201.6,391.79882196106666
274.0,114,8.014923413121142,B2C2,211.35029316455305,398.4
274.0,115,0.6287512613008928,A0B0,189.15538013275577,-1.6
274.0,116,5.114932205153986,:A1_1,-1.3586779199343413,205.5107454395404
274.0,117,7.76508295754902,A1A0,-1.6,189.54514710610277
274.0,118,0.4567845331623571,C2B2,221.21457799018273,401.6
274.0,120,12.450528388858253,A1A2,1.6,334.63258118205437
274.0,121,3.369821216230593,B1B2,201.6,358.37546587375016
274.0,122,11.934069465321363,B1C1,305.9452233628216,198.4
274.0,123,2.910278466050057,A2A1,-1.6,219.4334215996315
274.0,124,13.872569289639056,C2C1,398.4,283.4648340590984
274.0,125,14.89866565997527,A0A1,1.6,113.26589930803564
274.0,126,1.7672892053063314,A0B0,180.01615305145552,-1.6
274.0,128,11.963839752704384,A0B0,145.15716514524547,-1.6
274.0,129,6.923023850436097,A2B2,163.51627947624746,398.4
274.0,130,14.149547164401591,C1C2,401.6,390.58219467571166
274.0,131,14.446332255234093,B0B1,201.6,128.71197223125534
274.0,132,13.31426117917522,C1C0,398.4,75.19412286874378
274.0,133,13.478855356916288,B2A2,133.12518995472243,401.6
274.0,134,12.907638663312298,B2B1,198.4,340.3277193989937
274.0,135,12.768265753266135,C1B1,348.1747670444556,201.6
274.0,136,7.131225224369747,B2B1,198.4,380.56877477563023
274.0,45,0.022287392191424896,B2B1,198.4,238.2256458793938
274.0,55,4.967123800766747,A2B2,178.4776318914728,398.4
274.0,60,0.751573151709786,B1B2,201.6,376.5556723541066
274.0,61,1.798865838309337,B1B2,201.6,367.93561649800904
274.0,75,0.09031964863474254,B1B2,201.6,384.2806957841708
274.0,76,4.601578525361511,B1B2,201.6,347.0105421796776
274.0,77,12.678017169591024,B2A2,101.98266528311173,401.6
274.0,78,13.409923289169678,B2A2,22.834835178639224,401.6
274.0,80,14.195882005039529,B2B1,198.4,264.1179640611372
274.0,81,0.0007075392415524469,B1C1,391.7988774968858,198.4
274.0,82,9.39375030434553,A0B0,164.79293284124307,-1.6
274.0,83,4.52086750335575,B1B2,201.6,334.55615130285315
274.0,85,6.927336666088365,B1C1,211.9714606201237,198.4
274.0,86,0.7886065458830346,C0C1,401.6,170.084391926517
274.0,88,6.4437979461573045,B1A1,192.32750147183447,201.6
274.0,89,13.782392582379208,B1B0,198.4,23.36181267021388
274.0,90,13.619508117745175,B2C2,267.9081196417461,398.4
274.0,91,11.711450965310492,A1A0,-1.6,14.508444774504198
274.0,92,4.920112618455067,C1C0,398.4,186.21738377317686
274.0,93,4.088398092042745,B0B1,201.6,191.91533535425097
274.0,96,0.9293817178091022,B1C1,383.9539258690146,198.4
274.0,97,11.453463534944543,B1C1,326.5254358366619,198.4
274.0,98,11.707053658098513,A1A0,-1.6,35.49853661674959
275.0,100,0.003325479013931909,C2B2,213.3650981603121,401.6
275.0,101,9.019940901082009,B0A0,180.33453405176303,1.6
275.0,102,4.125246851148876,B0B1,201.6,183.2891746583729
275.0,103,3.230630029113951,:C1_4,401.2175349469963,195.47725537102605
275.0,104,3.0136939518116144,C0C1,401.6,184.08617105393392
275.0,105,5.998663485792838,B2B1,198.4,212.10121712661768
275.0,107,0.0,:B2_2,206.0842481382784,400.85616542551895
275.0,109,3.22230509604589,B2B1,198.4,226.29006484041204
275.0,110,12.496736123723418,B1C1,275.96406720599936,198.4
275.0,111,11.631970524721057,C0B0,250.00401386535404,1.6
275.0,112,0.0,:B0_7,196.7135205530051,-1.0118876681969333
275.0,113,0.0001367354310322691,B1B2,201.6,391.79895869649766
275.0,114,9.406650780397468,B2C2,220.7569439449505,398.4
275.0,115,0.06687534752600555,A0B0,189.22225548028177,-1.6
275.0,116,6.727993084046415,:A1_9,1.743931644161325,199.9136410135032
275.0,117,9.447739262529648,A1A0,-1.6,180.0974078435731
275.0,118,0.21243732244836322,C2B2,221.00214066773438,401.6
275.0,120,12.38753463732213,A1A2,1.6,347.02011581937654
275.0,121,1.9391725909743902,B1B2,201.6,360.3146384647245
275.0,122,11.361610342857919,B1C1,317.3068337056795,198.4
275.0,123,4.317638474758258,A2A1,-1.6,215.11578312487322
275.0,124,13.65570213410391,C2C1,398.4,269.8091319249945
275.0,125,15.862072679896848,A0A1,1.6,129.1279719879325
275.0,126,0.9556545933579852,A0B0,180.9718076448135,-1.6
275.0,128,9.823743730083043,A0B0,154.9809088753285,-1.6
275.0,129,6.0916654816716775,A2B2,169.60794495791913,398.4
275.0,131,14.14810662923389,B0B1,201.6,142.8600788604892
275.0,132,12.749796410431147,C1C0,398.4,62.44432645831262
275.0,133,13.359219372894117,B2A2,119.76597058182831,401.6
275.0,134,15.381754980634776,B2B1,198.4,324.9459644183589
275.0,135,13.265834080221795,C1B1,334.9089329642338,201.6
275.0,136,9.695123350475527,B2B1,198.4,370.8736514251547
275.0,137,12.38753463732213,A1A2,1.6,212.29999999999998
275.0,45,0.8774384090476454,B2B1,198.4,237.34820747034615
275.0,55,7.243986773671676,A2B2,185.7216186651445,398.4
275.0,60,0.143734657846056,B1B2,201.6,376.69940701195264
275.0,61,0.5626053419280916,B1B2,201.6,368.4982218399372
275.0,75,0.012536992127962549,B1B2,201.6,384.29323277629874
275.0,76,3.0087224060392534,B1B2,201.6,350.0192645857169
275.0,77,13.543913050652467,B2A2,88.43875223245925,401.6
275.0,78,13.778641605063461,B2A2,9.056193573575769,401.6
275.0,80,10.071961959840873,B2B1,198.4,254.04600210129627
275.0,81,0.0,B1C1,391.7988774968858,198.4
275.0,82,5.543509041747625,A0B0,170.3364418829907,-1.6
275.0,83,4.1551906213245005,B1B2,201.6,338.71134192417765
275.0,85,9.498969633162767,B1C1,221.47043025328648,198.4
275.0,86,2.826380639658113,C0C1,401.6,172.9107725661751
275.0,88,8.541109826084597,B1A1,183.78639164574986,201.6
275.0,89,13.638251123612674,B1B0,198.4,9.723561546601218
275.0,90,13.219883958860777,B2C2,281.12800360060686,398.4
275.0,92,6.645715002878905,C1C0,398.4,179.57166877029798
275.0,93,5.586028006801471,:B1_9,201.6,197.50136336105246
275.0,96,0.1894714735432224,B1C1,384.1433973425578,198.4
275.0,97,12.533112177628876,B1C1,339.0585480142908,198.4
275.0,98,11.652052088541035,A1A0,-1.6,23.84648452820855
276.0,100,0.0028934799574226837,C2B2,213.36220468035467,401.6
276.0,101,10.874061183840967,B0A0,169.46047286792205,1.6
276.0,102,5.0191381905048305,B0B1,201.6,188.30831284887773
276.0,103,5.599184122779395,:C1_10,398.36692928870326,200.01984242677804
276.0,104,2.851858639512198,C0C1,401.6,186.9380296934461
276.0,105,8.560060254831239,:B1_1,198.4,203.54115687178646
276.0,107,2.200102639873512,:B2_10,206.25864200784395,399.0275719947707
276.0,109,5.389380416611963,B2B1,198.4,220.90068442380007
276.0,110,12.341888296472348,B1C1,288.3059555024717,198.4
276.0,111,10.828847408344247,C0B0,239.1751664570098,1.6
276.0,112,0.0,:B0_7,196.7135205530051,-1.0118876681969333
276.0,113,0.0,B1B2,201.6,391.79895869649766
276.0,114,11.382520043011755,B2C2,232.13946398796227,398.4
276.0,115,0.02681164727641082,A0B0,189.2490671275582,-1.6
276.0,116,8.315359203120119,A1B1,9.752269711861748,198.4
276.0,117,11.843834126135333,A1A0,-1.6,168.25357371743777
276.0,118,0.07550450569957523,C2B2,220.9266361620348,401.6
276.0,120,12.050440792638287,A1A2,1.6,359.0705566120148
276.0,121,0.42438930623669596,B1B2,201.6,360.73902777096123
276.0,122,13.014226490837803,B1C1,330.3210601965173,198.4
276.0,123,6.622395347812688,A2A1,-1.6,208.49338777706052
276.0,124,14.126532424682216,C2C1,398.4,255.68259950031228
276.0,125,15.892376360118398,A0A1,1.6,145.02034834805087
276.0,126,0.5652743367443325,A0B0,181.53708198155783,-1.6
276.0,128,6.119965769053434,A0B0,161.10087464438195,-1.6
276.0,129,7.1224758314234675,A2B2,176.7304207893426,398.4
276.0,131,14.39977718456191,B0B1,201.6,157.25985604505112
276.0,132,12.1015407128632,C1C0,398.4,50.34278574544942
276.0,133,13.171066748530105,B2A2,106.5949038332982,401.6
276.0,134,16.50202745073602,B2B1,198.4,308.4439369676229
276.0,135,13.004640189934255,C1B1,321.90429277429956,201.6
276.0,136,11.546038156603075,B2B1,198.4,359.32761326855166
276.0,137,13.423111152208852,A1A2,1.6,225.72311115220884
276.0,45,2.596842764577341,B2B1,198.4,234.75136470576882
276.0,60,0.0807810863711856,B1B2,201.6,376.78018809832383
276.0,61,0.607035176760082,B1B2,201.6,369.10525701669724
276.0,75,0.004657130091787199,B1B2,201.6,384.29788990639054
276.0,76,2.5545420086557376,B1B2,201.6,352.5738065943726
276.0,77,13.62774486183653,B2A2,74.81100737062272,401.6
276.0,80,6.409301832592945,B2B1,198.4,247.63670026870332
276.0,81,0.0,B1C1,391.7988774968858,198.4
276.0,82,2.926517936943821,A0B0,173.2629598199345,-1.6
276.0,83,2.976502797825275,B1B2,201.6,341.687844722003
276.0,85,11.61360859589912,B1C1,233.08403884918562,198.4
276.0,86,2.611883292695511,C0C1,401.6,175.52265585887062
276.0,88,10.050373962260222,B1A1,173.73601768348965,201.6
276.0,90,13.848247110173583,B2C2,294.97625071078045,398.4
276.0,92,8.710868797940538,C1C0,398.4,170.86079997235743
276.0,93,7.432714797242634,:B1_9,201.6,204.93407815829508
276.0,96,0.0863179811914446,B1C1,384.22971532374925,198.4
276.0,97,12.579830736274683,B1C1,351.6383787505655,198.4
276.0,98,11.92536883028524,A1A0,-1.6,11.921115697923312
277.0,100,1.2959835813365794,C2B2,212.0662210990181,401.6
277.0,101,12.787943548601039,B0A0,156.672529319321,1.6
277.0,102,7.3413562625932665,:B1_9,201.6,195.649669111471
277.0,103,7.10760628933087,C1B1,391.5847910576118,201.6
277.0,104,5.195568084185929,C0C1,401.6,192.13359777763205
277.0,105,10.384036156556009,:B1_1,198.4,193.15712071523046
277.0,107,3.0661183932909744,B2C2,209.1351232672304,398.4
277.0,109,7.443863429560149,B2B1,198.4,213.45682099423993
277.0,110,12.110844659510507,B1C1,300.4168001619822,198.4
277.0,111,10.865607920524875,C0B0,228.30955853648493,1.6
277.0,112,0.0,:B0_7,196.7135205530051,-1.0118876681969333
277.0,113,0.0,B1B2,201.6,391.79895869649766
277.0,114,13.69383550232742,B2C2,245.8332994902897,398.4
277.0,115,0.014977328581350185,A0B0,189.26404445613954,-1.6
277.0,116,10.54748333874008,A1B1,20.29975305060183,198.4
277.0,117,13.39490162819349,A1A0,-1.6,154.8586720892443
277.0,118,0.03358682036663552,C2B2,220.8930493416682,401.6
277.0,120,12.216411968894715,A1A2,1.6,371.2869685809095
277.0,121,0.4660071567224084,B1B2,201.6,361.20503492768364
277.0,122,12.40155548348447,B1C1,342.72261568000175,198.4
277.0,123,8.106454375395094,:A1_0,-1.6,200.38693340166543
277.0,124,14.330165013622887,C2C1,398.4,241.3524344866894
277.0,125,14.830027174351747,A0A1,1.6,159.85037552240263
277.0,126,0.15438421283116663,A0B0,181.691466194389,-1.6
277.0,128,4.5579890583721765,A0B0,165.65886370275413,-1.6
277.0,129,9.312110635408713,A2B2,186.0425314247513,398.4
277.0,131,11.796035149408723,B0B1,201.6,169.05589119445986
277.0,132,13.306160636190317,C1C0,398.4,37.03662510925909
277.0,133,13.720345777173028,B2A2,92.87455805612517,401.6
277.0,134,16.152829652467148,B2B1,198.4,292.2911073151557
277.0,135,13.713130596097292,C1B1,308.19116217820226,201.6
277.0,136,13.3906240005927,B2B1,198.4,345.93698926795895
277.0,137,13.946446908779885,A1A2,1.6,239.66955806098872
277.0,138,10.891349330572538,A1A0,-1.6,187.70000000000002
277.0,45,4.066612004654926,B2B1,198.4,230.6847527011139
277.0,60,0.00985785767035477,B1B2,201.6,376.7900459559942
277.0,61,0.10807612985478879,B1B2,201.6,369.21333314655203
277.0,75,0.0,B1B2,201.6,384.29788990639054
277.0,76,0.5093178427661744,B1B2,201.6,353.08312443713874
277.0,77,12.688620795523732,B2A2,62.122386575099,401.6
277.0,80,4.197500437113156,B2B1,198.4,243.43919983159017
277.0,81,0.0,B1C1,391.7988774968858,198.4
277.0,82,0.5222122920548413,A0B0,173.78517211198934,-1.6
277.0,83,3.2409081187179702,B1B2,201.6,344.9287528407209
277.0,85,12.392375687572942,B1C1,245.47641453675857,198.4
277.0,86,2.856392306140588,C0C1,401.6,178.3790481650112
277.0,88,12.321365254762952,B1A1,161.4146524287267,201.6
277.0,90,12.826688515097379,B2C2,307.8029392258778,398.4
277.0,92,10.708511883067303,C1C0,398.4,160.15228808929012
277.0,93,9.279957062693404,B1B2,201.6,214.21403522098848
277.0,96,0.05709529859316286,B1C1,384.2868106223424,198.4
277.0,97,12.022480686222055,B1C1,363.6608594367875,198.4
277.0,98,8.387797032951585,A1A0,-1.6,3.5333186649717163
278.0,100,3.0075027814585633,C2B2,209.05871831755954,401.6
278.0,101,13.083792037944228,B0A0,143.58873728137678,1.6
278.0,102,9.8473128177658,:B1_9,201.6,205.4969819292368
278.0,103,9.487679854854942,C1B1,382.0971112027569,201.6
278.0,104,3.4777921962174734,:C1_4,401.2029939969241,195.5790420215317
278.0,105,12.923288243401235,B1B0,198.4,180.23383247182923
278.0,107,5.412762188224308,B2C2,214.5478854554547,398.4
278.0,109,9.598319324304173,:B1_1,198.4,203.85850166993575
278.0,110,12.221050806374729,B1C1,312.63785096835693,198.4
278.0,111,11.76221784181262,C0B0,216.5473406946723,1.6
278.0,112,0.0,:B0_7,196.7135205530051,-1.0118876681969333
278.0,113,0.0,B1B2,201.6,391.79895869649766
278.0,114,14.395584359791785,B2C2,260.2288838500815,398.4
278.0,115,0.0028124949179416624,A0B0,189.2668569510575,-1.6
278.0,116,11.905873586026376,A1B1,32.20562663662821,198.4
278.0,117,13.929395892454355,A1A0,-1.6,140.92927619678994
278.0,118,0.786321103344827,C2B2,220.10672823832337,401.6
278.0,120,12.952015819417175,A1A2,1.6,384.2389844003267
278.0,121,0.4141010733970184,B1B2,201.6,361.6191360010806
278.0,122,12.200273764987623,B1C1,354.9228894449894,198.4
278.0,123,8.351518311145274,A1A0,-1.6,192.0354150905202
278.0,124,13.463061218451172,C2C1,398.4,227.88937326823822
278.0,125,15.219894367580311,A0A1,1.6,175.07026988998294
278.0,126,0.036468029317621144,A0B0,181.72793422370663,-1.6
278.0,128,0.4738471389239911,A0B0,166.13271084167812,-1.6
278.0,129,5.718901519649876,A2B2,191.76143294440118,398.4
278.0,131,10.846530947095152,B0B1,201.6,179.902422141555
278.0,132,13.011315024727947,C1C0,398.4,24.025310084531156
278.0,133,14.008667361752563,B2A2,78.86589069437261,401.6
278.0,134,16.908478257620114,B2B1,198.4,275.3826290575356
278.0,135,13.012334798093619,C1B1,295.1788273801086,201.6
278.0,136,14.580280439518875,B2B1,198.4,331.35670882844005
278.0,137,13.407269387159008,A1A2,1.6,253.07682744814775
278.0,138,13.402661382504865,A1A0,-1.6,174.29733861749514
278.0,45,6.650863358451497,B2B1,198.4,224.0338893426624
278.0,60,0.004741420445278376,B1B2,201.6,376.79478737643944
278.0,61,0.04528656529914864,B1B2,201.6,369.2586197118512
278.0,75,0.0,B1B2,201.6,384.29788990639054
278.0,76,0.5721057058376622,B1B2,201.6,353.6552301429764
278.0,77,13.141091223368406,B2A2,48.98129535173061,401.6
278.0,80,4.382853673824652,B2B1,198.4,239.05634615776552
278.0,81,0.0,B1C1,391.7988774968858,198.4
278.0,82,0.23323005897844337,A0B0,174.0184021709678,-1.6
278.0,83,0.39305134213405984,B1B2,201.6,345.321804182855
278.0,85,13.054027586097666,B1C1,258.53044212285624,198.4
278.0,86,4.66386390903961,C0C1,401.6,183.0429120740508
278.0,88,13.27403386049071,B1A1,148.14061856823596,201.6
278.0,90,13.503228706312841,B2C2,321.30616793219065,398.4
278.0,92,10.398131687930874,C1C0,398.4,149.75415640135924
278.0,93,11.238827737898657,B1B2,201.6,225.45286295888712
278.0,96,0.009778167032071652,B1C1,384.2965887893745,198.4
278.0,97,8.338127591641921,B1C1,371.9989870284295,198.4
278.0,98,6.1051739477080025,:A0_0,1.2513310853536717,-1.321618726479096
279.0,101,13.25118193301271,B0A0,130.33755534836405,1.6
279.0,102,11.4251541284009,B1B2,201.6,216.9221360576377
279.0,103,10.831056636204012,C1B1,371.2660545665529,201.6
279.0,104,0.6137094885209115,:C1_4,401.1163299789992,196.18569014700574
279.0,105,14.749299002215892,B1B0,198.4,165.48453346961332
279.0,107,7.263540283252671,B2C2,221.81142573870736,398.4
279.0,109,11.570102200575928,B1B0,198.4,192.28839946935983
279.0,110,12.635430841574884,B1C1,325.27328180993186,198.4
279.0,112,0.0,:B0_7,196.7135205530051,-1.0118876681969333
279.0,113,0.0,B1B2,201.6,391.79895869649766
279.0,114,15.006517462365986,B2C2,275.2354013124475,398.4
279.0,115,0.000930699247952419,A0B0,189.26778765030545,-1.6
279.0,116,13.56282813686261,A1B1,45.768454773490824,198.4
279.0,117,12.860712159804113,A1A0,-1.6,128.06856403698583
279.0,118,2.087947607627294,C2B2,218.01878063069609,401.6
279.0,120,8.452015819417175,A1A2,1.6,392.69100021974384
279.0,121,0.0832579574656617,B1B2,201.6,361.7023939585463
279.0,122,8.557466522355227,B1C1,363.4803559673446,198.4
279.0,123,10.71278049219728,A1A0,-1.6,181.3226345983229
279.0,124,14.536285184066207,C2C1,398.4,213.35308808417201
279.0,125,11.803470040013895,A0A1,1.6,186.87373992999684
279.0,126,0.027011068638948605,A0B0,181.75494529234558,-1.6
279.0,128,0.28002661402909834,A0B0,166.41273745570723,-1.6
279.0,129,5.508167286558255,:B2_6,196.96106392409132,397.0233616455452
279.0,131,8.97306989202889,B0B1,201.6,188.8754920335839
279.0,132,12.28829258462884,C1C0,398.4,11.737017499902322
279.0,133,14.405592833871456,B2A2,64.46029786050116,401.6
279.0,134,12.957729482235184,B2B1,198.4,262.4248995753004
279.0,135,13.055494261676179,C1B1,282.12333311843247,201.6
279.0,136,14.807005223245843,B2B1,198.4,316.5497036051942
279.0,137,13.778112902028928,A1A2,1.6,266.85494035017666
279.0,138,13.178557186371558,A1A0,-1.6,161.11878143112358
279.0,139,13.244115,A2B2,8.3,398.4
279.0,45,8.090452297267948,B2B1,198.4,215.94343704539446
279.0,60,0.0018493857945626308,B1B2,201.6,376.796636762234
279.0,61,0.03192183834577629,B1B2,201.6,369.29054155019696
279.0,75,0.0,B1B2,201.6,384.29788990639054
279.0,76,0.38693602567106705,B1B2,201.6,354.0421661686475
279.0,77,12.40294200818053,B2A2,36.57835334355008,401.6
279.0,80,6.02587934442105,B2B1,198.4,233.03046681334447
279.0,81,0.0,B1C1,391.7988774968858,198.4
279.0,82,0.12213803937341555,A0B0,174.14054021034121,-1.6
279.0,83,0.5275817064006689,B1B2,201.6,345.8493858892557
279.0,85,12.365831682288855,B1C1,270.8962738051451,198.4
279.0,86,3.798866947139412,C0C1,401.6,186.8417790211902
279.0,88,13.24247689293796,B1A1,134.898141675298,201.6
279.0,90,13.827566721598162,B2C2,335.13373465378885,398.4
279.0,92,11.295899816035382,C1C0,398.4,138.45825658532385
279.0,93,12.661701198262818,B1B2,201.6,238.11456415714994
279.0,96,0.0007715351128229203,B1C1,384.2973603244873,198.4
279.0,97,3.9507187084521678,B1C1,375.94970573688164,198.4
279.0,98,6.740993639500133,A0B0,7.972848922236416,-1.6
280.0,101,12.74026765116389,B0A0,117.59728769720017,1.6
280.0,102,11.777974702617012,B1B2,201.6,228.70011076025472
280.0,103,13.09825191144403,C1B1,358.16780265510886,201.6
280.0,104,0.4273903842026583,:C1_4,401.05597671966353,196.60816296235532
280.0,105,14.207635911307923,B1B0,198.4,151.2768975583054
280.0,107,8.9285312812889,B2C2,230.73995701999627,398.4
280.0,109,12.414678207781591,B1B0,198.4,179.87372126157825
280.0,110,11.634241059174268,B1C1,336.90752286910606,198.4
280.0,112,0.0,:B0_7,196.7135205530051,-1.0118876681969333
280.0,113,0.0,B1B2,201.6,391.79895869649766
280.0,114,14.967523823751792,B2C2,290.20292513619927,398.4
280.0,115,0.00017217266964186608,A0B0,189.2679598229751,-1.6
280.0,116,15.095596150540171,A1B1,60.864050924031,198.4
280.0,117,13.137903564499736,A1A0,-1.6,114.93066047248608
280.0,118,4.357420433177768,C2B2,213.66136019751832,401.6
280.0,120,3.9520158194171753,A1A2,1.6,396.643016039161
280.0,121,0.07496868236205702,B1B2,201.6,361.77736264090834
280.0,122,4.3097014107800495,B1C1,367.79005737812463,198.4
280.0,123,12.546140786118672,A1A0,-1.6,168.77649381220422
280.0,124,13.60025759423005,:C1_1,398.4,199.75283048994197
280.0,125,7.303470040013895,:A1_6,1.7947973957373915,194.16358177016176
280.0,126,0.010518139013333108,A0B0,181.7654634313589,-1.6
280.0,128,0.13094427940514214,A0B0,166.5436817351124,-1.6
280.0,129,6.0088416764663455,B2B1,198.4,391.35155809257424
280.0,131,5.449105122600762,:B1_10,201.38470641607609,194.30705508746746
280.0,132,7.942955829782337,C1C0,398.4,3.794061670119987
280.0,133,13.698084965201527,B2A2,50.762212895299626,401.6
280.0,134,11.223488503423363,B2B1,198.4,251.20141107187703
280.0,135,12.839961116973974,C1B1,269.2833720014585,201.6
280.0,136,15.13674759851817,B2B1,198.4,301.41295600667604
280.0,137,13.127020778392884,A1A2,1.6,279.98196112856954
280.0,138,13.887254264445886,A1A0,-1.6,147.2315271666777
280.0,139,13.096479492369816,A2B2,21.39647949236982,398.4
280.0,60,0.00018951342373045652,B1B2,201.6,376.79682627565774
280.0,61,0.004528958935160359,B1B2,201.6,369.29507050913213
280.0,75,0.0,B1B2,201.6,384.29788990639054
280.0,76,0.14335925928834475,B1B2,201.6,354.18552542793583
280.0,77,13.103999889995888,B2A2,23.474353453554187,401.6
280.0,80,8.244495823287947,B2B1,198.4,224.78597099005654
280.0,81,0.0,B1C1,391.7988774968858,198.4
280.0,82,0.08024668530962939,A0B0,174.22078689565083,-1.6
280.0,83,0.40341038474242485,B1B2,201.6,346.2527962739981
280.0,85,12.685918342850938,B1C1,283.582192147996,198.4
280.0,86,0.9569671958818465,C0C1,401.6,187.79874621707205
280.0,88,13.231643241528475,B1A1,121.66649843376953,201.6
280.0,90,13.881040473403885,B2C2,349.0147751271927,398.4
280.0,92,10.40827760111177,C1C0,398.4,128.0499789842121
280.0,93,12.067647950878092,B1B2,201.6,250.18221210802804
280.0,96,0.0004955117599313817,B1C1,384.2978558362472,198.4
280.0,97,0.7869306592249302,B1C1,376.7366363961066,198.4
280.0,98,8.237142689525403,A0B0,16.209991611761822,-1.6
281.0,101,13.020444891959347,B0A0,104.57684280524083,1.6
281.0,102,12.149856218119277,B1B2,201.6,240.84996697837397
281.0,103,12.529582941560449,C1B1,345.63821971354844,201.6
281.0,104,0.10975185411376344,:C1_4,401.01535967208144,196.70773387986426
281.0,105,13.655833250783079,B1B0,198.4,137.62106430752232
281.0,107,11.193955479806474,B2C2,241.93391249980274,398.4
281.0,109,12.194969918598845,B1B0,198.4,167.6787513429794
281.0,110,11.989508761553253,B1C1,348.89703163065934,198.4
281.0,112,0.0,:B0_7,196.7135205530051,-1.0118876681969333
281.0,113,0.0,B1B2,201.6,391.79895869649766
281.0,114,14.822771824643672,B2C2,305.02569696084294,398.4
281.0,115,0.0,A0B0,189.2679598229751,-1.6
281.0,116,16.212932283885085,A1B1,77.07698320791609,198.4
281.0,117,13.472255414987027,A1A0,-1.6,101.45840505749905
281.0,118,6.314919607625498,C2B2,207.3464405898928,401.6
281.0,120,3.3971261285053567,A2B2,3.860142167666363,398.4
281.0,121,0.015185904255385895,B1B2,201.6,361.79254854516375
281.0,122,1.2239393377922658,B1C1,369.0139967159169,198.4
281.0,123,13.166798203284042,A1A0,-1.6,155.6096956089202
281.0,124,13.734724423217981,C1C0,398.4,186.01810606672402
281.0,125,6.3095105318994005,:A1_6,5.8700129423162295,198.21000184890232
281.0,126,0.0013493612391804871,A0B0,181.7668127925981,-1.6
281.0,128,0.11369854955775059,A0B0,166.65738028467013,-1.6
281.0,129,7.6001501205062425,B2B1,198.4,383.75140797206797
281.0,131,7.532628797887905,:B1_20,197.7242464601329,200.40545212392027
281.0,132,3.4429558297823366,C0B0,396.53110584033766,1.6
281.0,133,14.316872468793267,B2A2,36.44534042650636,401.6
281.0,134,11.520905620899741,B2B1,198.4,239.68050545097728
281.0,135,13.340191434699776,C1B1,255.94318056675874,201.6
281.0,136,15.186488515520951,B2B1,198.4,286.22646749115506
281.0,137,14.00038143464129,A1A2,1.6,293.98234256321086
281.0,138,13.36981631408716,A1A0,-1.6,133.86171085259053
281.0,139,12.438492008173615,A2B2,33.83497150054344,398.4
281.0,60,0.0,B1B2,201.6,376.79682627565774
281.0,61,0.0005944712879548782,B1B2,201.6,369.2956649804201
281.0,75,0.0,B1B2,201.6,384.29788990639054
281.0,76,0.07674461678592129,B1B2,201.6,354.26227004472173
281.0,77,11.519779073069795,B2A2,11.954574380484388,401.6
281.0,80,10.19522198914325,B2B1,198.4,214.5907490009133
281.0,81,0.0,B1C1,391.7988774968858,198.4
281.0,82,0.024469311126105432,A0B0,174.24525620677693,-1.6
281.0,83,0.30767380964131186,B1B2,201.6,346.5604700836394
281.0,85,12.638573190935723,B1C1,296.22076533893176,198.4
281.0,86,1.3368044819123432,C0C1,401.6,189.1355506989844
281.0,88,13.071753301519022,B1A1,108.59474513225051,201.6
281.0,90,13.480053173779055,B2C2,362.4948283009718,398.4
281.0,92,10.823189707208515,C1C0,398.4,117.22678927700358
281.0,93,11.613236812563338,B1B2,201.6,261.7954489205914
281.0,96,0.0,B1C1,384.2978558362472,198.4
281.0,97,0.03213321561768026,B1C1,376.7687696117242,198.4
281.0,98,9.863503839540547,A0B0,26.073495451302367,-1.6
282.0,101,12.449671972737566,B0A0,92.12717083250327,1.6
282.0,102,11.585176630893404,B1B2,201.6,252.43514360926739
282.0,103,13.114486168399827,C1B1,332.52373354514856,201.6
282.0,104,1.432032869964367,:C1_10,400.2787870288579,197.9353549519035
282.0,105,14.207351181898892,B1B0,198.4,123.41371312562343
282.0,107,13.131715816689841,B2C2,255.0656283164926,398.4
282.0,109,12.530273143873975,B1B0,198.4,155.14847819910543
282.0,110,8.318389656774128,B1C1,357.21542128743346,198.4
282.0,112,0.0,:B0_7,196.7135205530051,-1.0118876681969333
282.0,113,0.0,B1B2,201.6,391.79895869649766
282.0,114,15.178271224003941,B2C2,320.2039681848469,398.4
282.0,115,0.0,A0B0,189.2679598229751,-1.6
282.0,116,16.061731906968408,A1B1,93.13871511488449,198.4
282.0,117,13.730480857828676,A1A0,-1.6,87.72792419967035
282.0,118,8.905341692529774,:B2_0,198.44109889736308,401.6
282.0,120,4.773802369208449,A2B2,8.633944536874813,398.4
282.0,121,0.0018951702558744437,B1B2,201.6,361.79444371541956
282.0,122,0.19877983736771515,B1C1,369.2127765532846,198.4
282.0,123,12.772427687474387,A1A0,-1.6,142.8372679214458
282.0,124,13.740490362721891,C1C0,398.4,172.27761570400213
282.0,125,7.414025046880238,A1B1,13.27074554879038,198.4
282.0,126,0.0,A0B0,181.7668127925981,-1.6
282.0,128,0.07297990947760252,A0B0,166.73036019414772,-1.6
282.0,129,9.643042512765334,B2B1,198.4,374.10836545930266
282.0,131,7.2793630243591965,B1A1,190.66341102156827,201.6
282.0,132,5.111306149043999,C0B0,391.4197996912937,1.6
282.0,133,12.275762538892492,B2A2,24.169577887613883,401.6
282.0,134,12.256527740624309,B2B1,198.4,227.42397771035297
282.0,135,12.793262734360725,C1B1,243.14991783239802,201.6
282.0,136,15.096320253294445,B2B1,198.4,271.1301472378606
282.0,137,13.033034894990246,A1A2,1.6,307.0153774582011
282.0,138,12.969954023051919,A1A0,-1.6,120.89175682953861
282.0,139,13.18392410491664,A2B2,47.01889560546008,398.4
282.0,60,0.0,B1B2,201.6,376.79682627565774
282.0,61,0.0001478398777716031,B1B2,201.6,369.2958128202979
282.0,75,0.0,B1B2,201.6,384.29788990639054
282.0,76,0.026954632556289746,B1B2,201.6,354.28922467727807
282.0,77,7.662029296364625,B2A2,4.292545084119752,401.6
282.0,81,0.0,B1C1,391.7988774968858,198.4
282.0,82,0.012175523699034522,A0B0,174.25743173047596,-1.6
282.0,83,0.197509413716751,B1B2,201.6,346.75797949735613
282.0,85,13.526828894478106,B1C1,309.7475942334098,198.4
282.0,86,0.08847113884540136,C0C1,401.6,189.22402183782978
282.0,88,13.19105446201382,B1A1,95.40369067023667,201.6
282.0,90,12.938020641245425,B2C2,375.4328489422172,398.4
282.0,92,10.479217086095453,C1C0,398.4,106.74757219090812
282.0,93,12.686442989684366,B1B2,201.6,274.48189191027575
282.0,96,0.0,B1C1,384.2978558362472,198.4
282.0,97,0.02020991990424631,B1C1,376.78897953162846,198.4
282.0,98,11.568334293807176,A0B0,37.641829745109554,-1.6
283.0,101,12.67448990648511,B0A0,79.45268092601815,1.6
283.0,102,12.72060145887888,B1B2,201.6,265.1557450681463
283.0,103,12.029037618269586,C1B1,320.494695926879,201.6
283.0,104,3.405563218634105,:C1_10,397.94491589978605,200.27305046012836
283.0,105,14.089236379261754,B1B0,198.4,109.32447674636168
283.0,107,14.309579148543925,B2C2,269.3752074650365,398.4
283.0,109,12.905099001011305,B1B0,198.4,142.24337919809412
283.0,110,4.281119381200544,B1C1,361.496540668634,198.4
283.0,112,0.0,:B0_7,196.7135205530051,-1.0118876681969333
283.0,113,0.0,B1B2,201.6,391.79895869649766
283.0,114,14.440082237896235,B2C2,334.64405042274313,398.4
283.0,115,0.0,A0B0,189.2679598229751,-1.6
283.0,116,16.091404253046267,A1B1,109.23011936793077,198.4
283.0,117,12.740811664175286,A1A0,-1.6,74.98711253549507
283.0,118,10.73249539777652,B2A2,187.70860349958656,401.6
283.0,120,6.24359458722584,A2B2,14.877539124100654,398.4
283.0,121,0.0002739221721636021,B1B2,201.6,361.79471763759176
283.0,122,0.05011486961170218,B1C1,369.2628914228963,198.4
283.0,123,12.71931240858307,A1A0,-1.6,130.11795551286272
283.0,124,13.716923563530132,C1C0,398.4,158.56069214047199
283.0,125,9.16538879188604,A1B1,22.436134340676425,198.4
283.0,126,0.0,A0B0,181.7668127925981,-1.6
283.0,128,0.015193429268446386,A0B0,166.74555362341616,-1.6
283.0,129,11.73695250560175,B2B1,198.4,362.3714129537009
283.0,131,8.582736650839076,B1A1,182.08067437072918,201.6
283.0,132,6.898004688552506,C0B0,384.52179500274116,1.6
283.0,133,8.865830906427034,B2A2,15.303746981186862,401.6
283.0,134,14.660727854491718,B2B1,198.4,212.76324985586126
283.0,135,13.284345147878597,C1B1,229.86557268451944,201.6
283.0,136,14.575434332234337,B2B1,198.4,256.5547129056263
283.0,137,13.517181938213739,A1A2,1.6,320.53255939641485
283.0,138,13.222479756067418,A1A0,-1.6,107.66927707347119
283.0,139,12.274395645657332,A2B2,59.293291251117424,398.4
283.0,141,13.657704897442601,B2B1,198.4,387.7
283.0,60,0.0,B1B2,201.6,376.79682627565774
283.0,61,0.0,B1B2,201.6,369.2958128202979
283.0,75,0.0,B1B2,201.6,384.29788990639054
283.0,76,0.0033785077349580504,B1B2,201.6,354.29260318501304
283.0,77,5.081923295136027,:A2_0,-0.46142919910207897,400.2976180014965
283.0,81,0.0,B1C1,391.7988774968858,198.4
283.0,82,0.005531869248439318,A0B0,174.2629635997244,-1.6
283.0,83,0.018697812888959633,B1B2,201.6,346.7766773102451
283.0,85,13.535939046943396,B1C1,323.28353328035325,198.4
283.0,86,2.389410899225826,C0C1,401.6,191.6134327370556
283.0,88,12.787631383027003,B1A1,82.61605928720967,201.6
283.0,90,14.102163676713138,B2C2,389.53501261893035,398.4
283.0,92,11.518548973385334,C1C0,398.4,95.22902321752278
283.0,93,11.704533077488378,B1B2,201.6,286.1864249877641
283.0,96,0.0,B1C1,384.2978558362472,198.4
283.0,97,0.00676108362756625,B1C1,376.795740615256,198.4
283.0,98,13.83600016129135,A0B0,51.47782990640091,-1.6
284.0,101,12.221270465905697,B0A0,67.23141046011244,1.6
284.0,102,11.586313886376423,B1B2,201.6,276.7420589545227
284.0,103,12.398506647353434,C1B1,308.09618927952556,201.6
284.0,104,4.8165137302814935,:C1_10,393.37768018367103,201.51747425947556
284.0,105,14.140593942870082,B1B0,198.4,95.18388280349158
284.0,107,14.230915189073347,B2C2,283.60612265410987,398.4
284.0,109,12.286994925184601,B1B0,198.4,129.95638427290953
284.0,110,0.17418121186200755,B1C1,361.670721880496,198.4
284.0,112,0.0,:B0_7,196.7135205530051,-1.0118876681969333
284.0,113,0.0,B1B2,201.6,391.79895869649766
284.0,114,14.915214261229806,B2C2,349.55926468397297,398.4
284.0,115,0.0,A0B0,189.2679598229751,-1.6
284.0,116,15.605581020645104,A1B1,124.83570038857589,198.4
284.0,117,13.33072208753512,A1A0,-1.6,61.65639044795995
284.0,118,13.148167580207964,B2A2,174.5604359193786,401.6
284.0,120,8.16938280938603,A2B2,23.046921933486686,398.4
284.0,121,0.0,B1B2,201.6,361.79471763759176
284.0,122,0.02289882555877444,B1C1,369.2857902484551,198.4
284.0,123,12.94780629096635,A1A0,-1.6,117.17014922189637
284.0,124,13.83396692676323,C1C0,398.4,144.72672521370873
284.0,125,11.44903749925445,A1B1,33.88517183993088,198.4
284.0,126,0.00011937108559943998,A0B0,181.7669321636837,-1.6
284.0,128,0.00900602203794374,A0B0,166.7545596454541,-1.6
284.0,129,13.045560475786672,B2B1,198.4,349.3258524779142
284.0,131,10.78468482592944,B1A1,171.29598954479974,201.6
284.0,132,8.25856122057598,C0B0,376.2632337821652,1.6
284.0,133,6.776022808607664,B2A2,8.527724172579184,401.6
284.0,134,16.887734060805627,:B1_1,198.4,195.87551579505566
284.0,135,11.37261644410326,C1B1,218.49295624041616,201.6
284.0,136,15.038431113060115,B2B1,198.4,241.5162817925662
284.0,137,13.984634618440154,A1A2,1.6,334.517194014855
284.0,138,13.320433704329567,A1A0,-1.6,94.34884336914159
284.0,139,12.295570327961595,A2B2,71.58886157907902,398.4
284.0,141,12.575402587266721,B2B1,198.4,375.1245974127333
284.0,60,0.0,B1B2,201.6,376.79682627565774
284.0,61,0.0,B1B2,201.6,369.2958128202979
284.0,75,0.0,B1B2,201.6,384.29788990639054
284.0,76,0.0006842957382740744,B1B2,201.6,354.29328748075125
284.0,77,4.838233756341458,A2A1,-1.6,395.7123880326423
284.0,81,0.00011010240026038245,B1C1,391.7989875992861,198.4
284.0,82,0.0025381758609287442,A0B0,174.26550177558534,-1.6
284.0,83,0.014562163253337018,B1B2,201.6,346.7912394734984
284.0,85,12.728568452566698,B1C1,336.01210173292,198.4
284.0,88,13.013297518599833,B1A1,69.60276176860982,201.6
284.0,92,11.424500296326444,C1C0,398.4,83.80452292119632
284.0,93,12.30700571382484,B1B2,201.6,298.493430701589
284.0,96,0.0,B1C1,384.2978558362472,198.4
284.0,97,0.0007584941952723491,B1C1,376.79649910945136,198.4
284.0,98,14.79533671627266,A0B0,66.27316662267357,-1.6
285.0,101,13.026100163845264,B0A0,54.205310296267186,1.6
285.0,102,12.60540582449312,B1B2,201.6,289.3474647790158
285.0,103,12.122080824692176,C1B1,295.97410845483336,201.6
285.0,104,5.8885591983690855,C1B1,387.4950892820641,201.6
285.0,105,13.747847485598802,B1B0,198.4,81.43603531789279
285.0,107,13.791553850080744,B2C2,297.3976765041906,398.4
285.0,109,12.281114947722719,B1B0,198.4,117.6752693251868
285.0,110,0.07968638213746036,B1C1,361.75040826263347,198.4
285.0,112,0.0,:B0_7,196.7135205530051,-1.0118876681969333
285.0,113,0.0,B1B2,201.6,391.79895869649766
285.0,114,14.591132995932087,B2C2,364.15039767990504,398.4
285.0,115,0.0,A0B0,189.2679598229751,-1.6
285.0,116,16.124035783961652,A1B1,140.9597361725375,198.4
285.0,117,13.089542696841105,A1A0,-1.6,48.56684775111884
285.0,118,13.062019883669823,B2A2,161.49841603570877,401.6
285.0,120,10.593053003823758,A2B2,33.63997493731045,398.4
285.0,121,0.0,B1B2,201.6,361.79471763759176
285.0,122,0.006548131580301483,B1C1,369.2923383800354,198.4
285.0,123,12.669279110988267,A1A0,-1.6,104.5008701109081
285.0,124,14.259019624626658,C1C0,398.4,130.46770558908207
285.0,125,13.448231299448638,A1B1,47.33340313937951,198.4
285.0,126,0.0,A0B0,181.7669321636837,-1.6
285.0,128,0.006865417738399495,A0B0,166.7614250631925,-1.6
285.0,129,12.992673123184115,B2B1,198.4,336.3331793547301
285.0,131,13.365142986628786,B1A1,157.93084655817094,201.6
285.0,132,10.697632630469203,C0B0,365.565601151696,1.6
285.0,133,4.671534651041693,B2A2,3.8561895215374875,401.6
285.0,134,16.313565236657265,B1B0,198.4,179.5619505583984
285.0,135,6.87261644410326,C1B1,211.6203397963129,201.6
285.0,136,14.966739535877034,B2B1,198.4,226.54954225668916
285.0,137,13.02782655046552,A1A2,1.6,347.54502056532056
285.0,138,13.645990001114928,A1A0,-1.6,80.70285336802668
285.0,139,12.63555978805829,A2B2,84.22442136713731,398.4
285.0,140,10.697632630469203,C0B0,391.7,1.6
285.0,141,13.997976230840745,B2B1,198.4,361.1266211818925
285.0,60,0.0,B1B2,201.6,376.79682627565774
285.0,61,0.0,B1B2,201.6,369.2958128202979
285.0,75,0.0,B1B2,201.6,384.29788990639054
285.0,76,0.00028644366590379396,B1B2,201.6,354.29357392441716
285.0,77,6.798878986828447,A2A1,-1.6,388.91350904581384
285.0,81,0.0,B1C1,391.7989875992861,198.4
285.0,82,0.0002188316775021966,A0B0,174.26572060726284,-1.6
285.0,83,0.0005979735259991621,B1B2,201.6,346.7918374470245
285.0,85,9.640541652545792,B1C1,345.6526433854657,198.4
285.0,88,13.30310487132618,B1A1,56.299656897283654,201.6
285.0,92,11.088791619908154,C1C0,398.4,72.71573130128819
285.0,93,12.226826190707,B1B2,201.6,310.720256892296
285.0,96,0.0,B1C1,384.2978558362472,198.4
285.0,97,0.0002213431719545852,B1C1,376.7967204526233,198.4
285.0,98,15.313338871835523,A0B0,81.5865054945091,-1.6
286.0,101,13.233235459806316,B0A0,40.97207483646088,1.6
286.0,102,12.130938418370562,B1B2,201.6,301.4784031973864
286.0,103,13.054750198992343,C1B1,282.919358255841,201.6
286.0,104,7.507962497453018,C1B1,379.98712678461106,201.6
286.0,105,13.851692903168194,B1B0,198.4,67.58434241472459
286.0,107,13.991098516276033,B2C2,311.38877502046665,398.4
286.0,109,12.339794292088092,B1B0,198.4,105.33547503309872
286.0,110,0.040140564731839815,B1C1,361.79054882736534,198.4
286.0,112,0.0,:B0_7,196.7135205530051,-1.0118876681969333
286.0,113,0.0,B1B2,201.6,391.79895869649766
286.0,114,14.802550964293726,B2C2,378.9529486441987,398.4
286.0,115,0.0,A0B0,189.2679598229751,-1.6
286.0,116,15.700106711743638,A1B1,156.65984288428115,198.4
286.0,117,13.147153902828737,A1A0,-1.6,35.41969384829011
286.0,118,12.952617698340587,B2A2,148.54579833736818,401.6
286.0,120,12.96236704766419,A2B2,46.60234198497464,398.4
286.0,121,0.0,B1B2,201.6,361.79471763759176
286.0,122,0.0028126244912049622,B1C1,369.2951510045266,198.4
286.0,123,13.603552167464445,A1A0,-1.6,90.89731794344364
286.0,124,14.181837354692094,C1C0,398.4,116.28586823438998
286.0,125,15.56849995337707,A1B1,62.90190309275659,198.4
286.0,126,0.0,A0B0,181.7669321636837,-1.6
286.0,128,0.001724746187596148,A0B0,166.76314980938008,-1.6
286.0,129,12.754886931458943,B2B1,198.4,323.57829242327114
286.0,131,13.809966795374722,B1A1,144.12087976279622,201.6
286.0,132,12.43997843351394,C0B0,353.12562271818206,1.6
286.0,133,5.5045048936856995,:A2_0,-0.9034179124374891,399.5609701459375
286.0,134,16.15839133695826,B1B0,198.4,163.40355922144013
286.0,135,2.3837919729936905,C1B1,209.2365478233192,201.6
286.0,136,11.153711880244783,B2B1,198.4,215.3958303764444
286.0,137,13.088118262754264,A1A2,1.6,360.63313882807483
286.0,138,13.289719951951788,A1A0,-1.6,67.41313341607488
286.0,139,12.741862238259763,A2B2,96.96628360539708,398.4
286.0,140,13.146293332587852,C0B0,378.55370666741214,1.6
286.0,141,13.248125899317268,B2B1,198.4,347.8784952825753
286.0,142,13.006596,B1B0,198.4,187.70000000000002
286.0,60,0.0,B1B2,201.6,376.79682627565774
286.0,61,0.0,B1B2,201.6,369.2958128202979
286.0,75,0.0,B1B2,201.6,384.29788990639054
286.0,76,0.00012282157903422346,B1B2,201.6,354.2936967459962
286.0,77,8.24775096671418,A2A1,-1.6,380.66575807909965
286.0,81,0.0,B1C1,391.7989875992861,198.4
286.0,82,0.00012915052953804007,A0B0,174.26584975779238,-1.6
286.0,83,0.0004737045620350375,B1B2,201.6,346.7923111515865
286.0,85,5.6457244281234376,B1C1,351.29836781358915,198.4
286.0,88,13.078339447384755,B1A1,43.22131744989889,201.6
286.0,92,10.484890168268324,C1C0,398.4,62.23084113301985
286.0,93,12.654688655506545,B1B2,201.6,323.37494554780255
286.0,96,0.00012430990419883206,B1C1,384.2979801461514,198.4
286.0,97,0.00011555730028052774,B1C1,376.7968360099236,198.4
286.0,98,14.920844774483495,A0B0,96.5073502689926,-1.6
287.0,101,12.809614737829111,B0A0,28.162460098631755,1.6
287.0,102,12.208101622360283,B1B2,201.6,313.6865048197467
287.0,103,12.612782539315894,C1B1,270.3065757165251,201.6
287.0,104,9.099827389618195,C1B1,370.8872993949929,201.6
287.0,105,14.418288481967219,B1B0,198.4,53.166053932757364
287.0,107,13.292645238647165,B2C2,324.6814202591138,398.4
287.0,109,12.292662240398542,B1B0,198.4,93.04281279270015
287.0,110,0.0024013419391417535,B1C1,361.79295016930445,198.4
287.0,112,0.0,:B0_7,196.7135205530051,-1.0118876681969333
287.0,113,0.0,B1B2,201.6,391.79895869649766
287.0,114,10.302550964293726,B2C2,389.25549960849247,398.4
287.0,115,0.0,A0B0,189.2679598229751,-1.6
287.0,116,15.28071558008775,A1B1,171.9405584643689,198.4
287.0,117,13.676505028579427,A1A0,-1.6,21.743188819710696
287.0,118,13.673079228555693,B2A2,134.87271910881248,401.6
287.0,120,12.24155367090501,A2B2,58.84389565587966,398.4
287.0,121,0.0,B1B2,201.6,361.79471763759176
287.0,122,0.0005666024415624094,B1C1,369.29571760696814,198.4
287.0,123,13.980980253676258,A1A0,-1.6,76.91633768976737
287.0,124,14.582043162522302,C1C0,398.4,101.70382507186768
287.0,125,15.904493208772513,A1B1,78.8063963015291,198.4
287.0,126,0.0,A0B0,181.7669321636837,-1.6
287.0,128,0.001086915410163032,A0B0,166.76423672479024,-1.6
287.0,129,13.203859661937216,B2B1,198.4,310.37443276133394
287.0,131,14.720134427882813,B1A1,129.4007453349134,201.6
287.0,132,12.232211457858785,C0B0,340.89341126032326,1.6
287.0,133,5.030258689530202,A2A1,-1.6,394.6614259383216
287.0,134,16.3038842730004,B1B0,198.4,147.0996749484397
287.0,135,0.9370584403009387,C1B1,208.29948938301825,201.6
287.0,136,8.13462855764852,B2B1,198.4,207.26120181879588
287.0,137,13.25710626286685,A1A2,1.6,373.8902450909417
287.0,138,13.410338494654656,A1A0,-1.6,54.00279492142022
287.0,139,12.432060956666955,A2B2,109.39834456206407,398.4
287.0,140,13.186950095182123,C0B0,365.36675657223003,1.6
287.0,141,13.745996979924891,B2B1,198.4,334.1324983026504
287.0,142,12.298900418981075,B1B0,198.4,175.40109958101894
287.0,143,12.633011314093377,C1C0,398.4,187.70000000000002
287.0,60,0.0,B1B2,201.6,376.79682627565774
287.0,61,0.0,B1B2,201.6,369.2958128202979
287.0,75,0.0,B1B2,201.6,384.29788990639054
287.0,76,0.0,B1B2,201.6,354.2936967459962
287.0,77,10.412722139989443,A2A1,-1.6,370.25303593911025
287.0,81,0.0,B1C1,391.7989875992861,198.4
287.0,82,0.0,A0B0,174.26584975779238,-1.6
287.0,83,0.0002810470466367961,B1B2,201.6,346.7925921986331
287.0,85,2.1779312125604453,B1C1,353.4762990261496,198.4
287.0,88,13.056903205510283,B1A1,30.16441424438861,201.6
287.0,92,10.683979465664454,C1C0,398.4,51.54686166735539
287.0,93,8.869716288384625,B1B2,201.6,332.24466183618716
287.0,96,0.0,B1C1,384.2979801461514,198.4
287.0,97,0.00012143342565867755,B1C1,376.79695744334924,198.4
287.0,98,14.603084204834678,A0B0,111.11043447382727,-1.6
288.0,101,12.600345604729247,B0A0,15.562114493902499,1.6
288.0,102,8.655923235421007,B1B2,201.6,322.3424280551677
288.0,103,12.766746812039429,C1B1,257.5398289044857,201.6
288.0,104,10.668182161812483,C1B1,360.21911723318044,201.6
288.0,105,14.11810976801037,B1B0,198.4,39.04794416474701
288.0,107,13.124946601972841,B2C2,337.80636686108664,398.4
288.0,109,12.710098600384272,B1B0,198.4,80.33271419231589
288.0,110,0.001294727246053924,B1C1,361.7942448965505,198.4
288.0,112,0.0,:B0_7,196.7135205530051,-1.0118876681969333
288.0,113,0.0,B1B2,201.6,391.79895869649766
288.0,114,7.360762890424598,B2C2,396.6162624989171,398.4
288.0,115,0.0,A0B0,189.2679598229751,-1.6
288.0,116,10.78071558008775,A1B1,182.72127404445666,198.4
288.0,117,13.093005817273676,A1A0,-1.6,8.650183002437018
288.0,118,13.77030987915667,B2A2,121.1024092296558,401.6
288.0,120,12.02985533051327,A2B2,70.87375098639293,398.4
288.0,121,0.0,B1B2,201.6,361.79471763759176
288.0,122,0.00021456602514628985,B1C1,369.2959321729933,198.4
288.0,123,13.073961558025074,A1A0,-1.6,63.8423761317423
288.0,124,13.642733077656873,C1C0,398.4,88.06109199421081
288.0,125,15.89866295888369,A1B1,94.7050592604128,198.4
288.0,126,0.0,A0B0,181.7669321636837,-1.6
288.0,128,0.00042356185331510427,A0B0,166.76466028664356,-1.6
288.0,129,13.234279765233852,B2B1,198.4,297.1401529961001
288.0,131,13.99864439037171,B1A1,115.4021009445417,201.6
288.0,132,12.157854371857821,C0B0,328.73555688846545,1.6
288.0,133,6.45183069611714,A2A1,-1.6,388.2095952422045
288.0,134,15.994239315554836,B1B0,198.4,131.10543563288488
288.0,135,0.07094615641453479,C1B1,208.22854322660373,201.6
288.0,136,7.827516262390651,:B1_16,201.1690021090294,200.25859873458234
288.0,137,12.783110041475593,A1A2,1.6,386.6733551324172
288.0,138,13.772352493328885,A1A0,-1.6,40.23044242809132
288.0,139,12.790008982937561,A2B2,122.18835354500162,398.4
288.0,140,12.911536698903564,C0B0,352.4552198733265,1.6
288.0,141,13.209975293445778,B2B1,198.4,320.9225230092046
288.0,142,12.100051722089857,B1B0,198.4,163.30104785892908
288.0,143,14.557225803595278,C1C0,398.4,173.14277419640473
288.0,60,0.0,B1B2,201.6,376.79682627565774
288.0,61,0.0,B1B2,201.6,369.2958128202979
288.0,75,0.0,B1B2,201.6,384.29788990639054
288.0,76,0.0,B1B2,201.6,354.2936967459962
288.0,77,12.499635860018849,A2A1,-1.6,357.75340007909136
288.0,81,0.0,B1C1,391.7989875992861,198.4
288.0,82,0.0,A0B0,174.26584975779238,-1.6
288.0,83,0.0,B1B2,201.6,346.7925921986331
288.0,85,0.7096442173005653,B1C1,354.1859432434502,198.4
288.0,88,13.05718634706089,B1A1,17.107227897327732,201.6
288.0,92,10.974753518464134,C1C0,398.4,40.57210814889126
288.0,93,5.557740547332779,B1B2,201.6,337.80240238351996
288.0,96,0.0,B1C1,384.2979801461514,198.4
288.0,97,0.0,B1C1,376.79695744334924,198.4
288.0,98,15.501540475245356,A0B0,126.61197494907262,-1.6
289.0,101,8.100345604729247,B0A0,7.461768889173243,1.6
289.0,102,5.648527028926635,B1B2,201.6,327.9909550840943
289.0,103,12.990170534658619,C1B1,244.54965836982709,201.6
289.0,104,12.39650745952344,C1B1,347.82260977365695,201.6
289.0,105,13.420880334354383,B1B0,198.4,25.627063830392615
289.0,107,13.692857962408961,B2C2,351.49922482349564,398.4
289.0,109,13.10957104311926,B1B0,198.4,67.22314314919664
289.0,110,0.0003486142172865445,B1C1,361.79459351076775,198.4
289.0,112,0.0,:B0_7,196.7135205530051,-1.0118876681969333
289.0,113,0.0,B1B2,201.6,391.79895869649766
289.0,114,3.383954360546582,C2C1,398.4,396.17978314053636
289.0,115,0.0,A0B0,189.2679598229751,-1.6
289.0,116,6.280715580087749,A1B1,189.00198962454442,198.4
289.0,118,13.064263200728133,B2A2,108.03814602892767,401.6
289.0,120,12.564074205762186,A2B2,83.43782519215512,398.4
289.0,121,0.0,B1B2,201.6,361.79471763759176
289.0,122,0.0,B1C1,369.2959321729933,198.4
289.0,123,14.117673217782215,A1A0,-1.6,49.72470291396007
289.0,124,14.248607968537533,C1C0,398.4,73.81248402567327
289.0,125,15.145127725492241,A1B1,109.85018698590505,198.4
289.0,126,0.0,A0B0,181.7669321636837,-1.6
289.0,128,0.0001477950037650936,A0B0,166.76480808164732,-1.6
289.0,129,13.830742347448588,B2B1,198.4,283.30941064865146
289.0,131,13.556177222398192,B1A1,101.84592372214351,201.6
289.0,132,12.916255959090769,C0B0,315.81930092937466,1.6
289.0,133,8.702981915546587,A2A1,-1.6,379.5066133266579
289.0,134,16.744342635107564,B1B0,198.4,114.36109299777732
289.0,135,0.018181931330872432,C1B1,208.21036129527286,201.6
289.0,136,7.749918664567172,B1C1,208.5162331081619,198.4
289.0,137,8.283110041475593,A1A2,1.6,394.95646517389287
289.0,138,13.56974961483656,A1A0,-1.6,26.66069281325477
289.0,139,12.890203841347956,A2B2,135.07855738634956,398.4
289.0,140,12.803201998080116,C0B0,339.6520178752464,1.6
289.0,141,13.513456523508463,B2B1,198.4,307.40906648569614
289.0,142,12.23431842280189,B1B0,198.4,151.0667294361272
289.0,143,14.74966789851565,C1C0,398.4,158.39310629788906
289.0,144,10.189704,B1A1,187.70000000000002,201.6
289.0,60,0.0,B1B2,201.6,376.79682627565774
289.0,61,0.0,B1B2,201.6,369.2958128202979
289.0,75,0.0,B1B2,201.6,384.29788990639054
289.0,76,0.0,B1B2,201.6,354.2936967459962
289.0,77,13.28709517135749,A2A1,-1.6,344.46630490773384
289.0,81,0.0,B1C1,391.7989875992861,198.4
289.0,82,0.0,A0B0,174.26584975779238,-1.6
289.0,83,0.0,B1B2,201.6,346.7925921986331
289.0,85,0.08907107366017022,B1C1,354.27501431711033,198.4
289.0,92,10.64380223387023,C1C0,398.4,29.928305915021042
289.0,93,1.057740547332779,B1B2,201.6,338.8601429308527
289.0,96,0.0,B1C1,384.2979801461514,198.4
289.0,97,0.0,B1C1,376.79695744334924,198.4
289.0,98,14.043575547597717,A0B0,140.65555049667034,-1.6
290.0,101,3.9161426612197827,B0A0,3.5456262279534485,1.6
290.0,102,2.1225138762760674,B1B2,201.6,330.11346896037037
290.0,103,12.996688517327794,C1B1,231.5529698524993,201.6
290.0,104,12.157672547240093,C1B1,335.6649372264169,201.6
290.0,105,9.621158956840699,B1B0,198.4,16.005904873551913
290.0,107,13.642315250453466,B2C2,365.1415400739491,398.4
290.0,109,12.24192126467494,B1B0,198.4,54.98122188452169
290.0,110,0.00020272351901938737,B1C1,361.79479623428676,198.4
290.0,112,0.0,:B0_7,196.7135205530051,-1.0118876681969333
290.0,113,0.0,B1B2,201.6,391.79895869649766
290.0,114,5.08319680141382,C2C1,398.4,391.09658633912255
290.0,115,0.0,A0B0,189.2679598229751,-1.6
290.0,116,1.7807155800877492,A1B1,190.78270520463218,198.4
290.0,118,12.607667935910545,B2A2,95.43047809301711,401.6
290.0,120,12.071777409865932,A2B2,95.50960260202105,398.4
290.0,121,0.0,B1B2,201.6,361.79471763759176
290.0,122,0.0,B1C1,369.2959321729933,198.4
290.0,123,13.083366522317625,A1A0,-1.6,36.641336391642454
290.0,124,14.51384711521531,C1C0,398.4,59.29863691045796
290.0,125,15.480968328246856,A1B1,125.33115531415191,198.4
290.0,126,0.0,A0B0,181.7669321636837,-1.6
290.0,128,0.0,A0B0,166.76480808164732,-1.6
290.0,129,13.629184395422683,B2B1,198.4,269.68022625322885
290.0,131,13.832080401731737,B1A1,88.01384332041175,201.6
290.0,132,12.502201887373804,C0B0,303.31709904200085,1.6
290.0,133,10.255192794942303,A2A1,-1.6,369.25142053171555
290.0,134,16.089306388284417,B1B0,198.4,98.2717866094929
290.0,135,0.00622622823231243,C1B1,208.20413506704054,201.6
290.0,136,10.178651432314886,B1C1,218.6948845404768,198.4
290.0,137,3.7831100414755934,:A2_1,2.565912547469745,398.30941607820995
290.0,138,13.408320730373175,A1A0,-1.6,13.252372082881607
290.0,139,12.38240748326365,A2B2,147.4609648696132,398.4
290.0,140,12.989758497695895,C0B0,326.66225937755047,1.6
290.0,141,14.327727348354411,B2B1,198.4,293.08133913734173
290.0,142,12.237961457340143,B1B0,198.4,138.82876797878703
290.0,143,14.99222916946415,C1C0,398.4,143.40087712842492
290.0,144,9.713910353351475,B1A1,177.98608964664854,201.6
290.0,60,0.0,B1B2,201.6,376.79682627565774
290.0,61,0.0,B1B2,201.6,369.2958128202979
290.0,75,0.0,B1B2,201.6,384.29788990639054
290.0,76,0.0,B1B2,201.6,354.2936967459962
290.0,77,13.068892162879914,A2A1,-1.6,331.39741274485397
290.0,81,0.0,B1C1,391.7989875992861,198.4
290.0,82,0.0,A0B0,174.26584975779238,-1.6
290.0,83,0.0,B1B2,201.6,346.7925921986331
290.0,85,0.012031248072496994,B1C1,354.28704556518284,198.4
290.0,92,10.479017008972443,C1C0,398.4,19.449288906048594
290.0,93,0.320349764037519,B1B2,201.6,339.18049269489023
290.0,96,0.0,B1C1,384.2979801461514,198.4
290.0,97,0.0,B1C1,376.79695744334924,198.4
290.0,98,10.345230479431342,A0B0,151.00078097610168,-1.6
291.0,101,3.0772010444021967,A0A1,1.6,3.3515748164487276
291.0,102,0.824399635211305,B1B2,201.6,330.9378685955817
291.0,103,9.219131273509047,C1B1,222.33383857899025,201.6
291.0,104,11.924407486960575,C1B1,323.7405297394563,201.6
291.0,105,5.851148417905965,B1B0,198.4,10.154756455645952
291.0,107,14.27168140949674,B2C2,379.41322148344585,398.4
291.0,109,13.059028420151636,B1B0,198.4,41.922193464370054
291.0,110,0.0,B1C1,361.79479623428676,198.4
291.0,112,0.0,:B0_7,196.7135205530051,-1.0118876681969333
291.0,113,0.0,B1B2,201.6,391.79895869649766
291.0,114,7.66784904769253,C2C1,398.4,383.42873729142997
291.0,115,0.0,A0B0,189.2679598229751,-1.6
291.0,116,0.8995968850913079,A1B1,191.6823020897235,198.4
291.0,118,12.856388281160875,B2A2,82.57408981185623,401.6
291.0,120,11.822767066761331,A2B2,107.33236966878239,398.4
291.0,121,0.0,B1B2,201.6,361.79471763759176
291.0,122,0.0,B1C1,369.2959321729933,198.4
291.0,123,13.647067412024267,A1A0,-1.6,22.994268979618198
291.0,124,13.864676865375065,C1C0,398.4,45.4339600450829
291.0,125,15.863520976885232,A1B1,141.19467629103713,198.4
291.0,126,0.0,A0B0,181.7669321636837,-1.6
291.0,128,0.0,A0B0,166.76480808164732,-1.6
291.0,129,13.653610988472112,B2B1,198.4,256.0266152647567
291.0,131,14.45458847523675,B1A1,73.559254845175,201.6
291.0,132,12.097041336530811,C0B0,291.22005770547,1.6
291.0,133,12.20343145496492,A2A1,-1.6,357.04798907675064
291.0,134,16.788334455225954,B1B0,198.4,81.48345215426693
291.0,135,0.0015800335069471243,C1B1,208.2025550335336,201.6
291.0,136,11.695958971273152,B1C1,230.39084351174995,198.4
291.0,137,3.0657092022027075,A2B2,5.62528441757113,398.4
291.0,138,9.408108912152226,A1A0,-1.6,3.8442631707293913
291.0,139,12.422025262835213,A2B2,159.8829901324484,398.4
291.0,140,12.93715965267538,C0B0,313.72509972487507,1.6
291.0,141,13.153319763348843,B2B1,198.4,279.92801937399287
291.0,142,13.005947372849196,B1B0,198.4,125.82282060593784
291.0,143,15.394835025906973,C1C0,398.4,128.00604210251794
291.0,144,9.44046849622866,B1A1,168.54562115041986,201.6
291.0,60,0.0,B1B2,201.6,376.79682627565774
291.0,61,0.0,B1B2,201.6,369.2958128202979
291.0,75,0.0,B1B2,201.6,384.29788990639054
291.0,76,0.0,B1B2,201.6,354.2936967459962
291.0,77,13.03322678267023,A2A1,-1.6,318.36418596218374
291.0,81,0.0,B1C1,391.7989875992861,198.4
291.0,82,0.0,A0B0,174.26584975779238,-1.6
291.0,83,0.0,B1B2,201.6,346.7925921986331
291.0,85,0.005094522335381158,B1C1,354.2921400875182,198.4
291.0,92,9.124522484295813,C1C0,398.4,10.32476642175277
291.0,93,0.09217982027602292,B1B2,201.6,339.2726725151663
291.0,96,0.0,B1C1,384.2979801461514,198.4
291.0,97,0.0,B1C1,376.79695744334924,198.4
291.0,98,6.00769668825437,A0B0,157.00847766435604,-1.6
292.0,101,5.0560372225997225,A0A1,1.6,8.407612039048452
292.0,102,0.6525331466017769,B1B2,201.6,331.59040174218353
292.0,103,4.719131273509047,C1B1,217.6147073054812,201.6
292.0,104,11.40448249871219,C1B1,312.3360472407441,201.6
292.0,105,1.3511484179059652,B1B0,198.4,8.803608037739991
292.0,107,9.873288003005495,B2C2,389.28650948645134,398.4
292.0,109,12.002167064057225,B1B0,198.4,29.92002640031282
292.0,110,0.0,B1C1,361.79479623428676,198.4
292.0,112,0.0,:B0_7,196.7135205530051,-1.0118876681969333
292.0,113,0.0,B1B2,201.6,391.79895869649766
292.0,114,9.174368528510483,C2C1,398.4,374.2543687629195
292.0,115,0.0,A0B0,189.2679598229751,-1.6
292.0,116,0.06157080660662729,A1B1,191.74387289633012,198.4
292.0,118,12.556211495879948,B2A2,70.01787831597629,401.6
292.0,120,12.54244116297126,A2B2,119.87481083175363,398.4
292.0,121,0.0,B1B2,201.6,361.79471763759176
292.0,122,0.0,B1C1,369.2959321729933,198.4
292.0,123,9.393508859591197,A1A0,-1.6,13.60076012002699
292.0,124,14.712671519325509,C1C0,398.4,30.721288525757387
292.0,125,14.837177396177324,A1B1,156.03185368721446,198.4
292.0,126,0.0,A0B0,181.7669321636837,-1.6
292.0,128,0.0,A0B0,166.76480808164732,-1.6
292.0,129,13.163040503718415,B2B1,198.4,242.86357476103828
292.0,131,14.468845232199028,B1A1,59.090409612975975,201.6
292.0,132,12.754451122358434,C0B0,278.4656065831116,1.6
292.0,133,13.36957572786367,A2A1,-1.6,343.678413348887
292.0,134,16.343884512457404,B1B0,198.4,65.13956764180953
292.0,135,0.001039238175643658,C1B1,208.20151579535795,201.6
292.0,136,14.086001184018325,B1C1,244.47684469576828,198.4
292.0,137,5.245962752775959,A2B2,10.87124717034709,398.4
292.0,138,4.993304519262805,:A0_0,0.010838880991236088,-0.6465033285947417
292.0,139,12.23222658258468,A2B2,172.11521671503309,398.4
292.0,140,12.789586887630819,C0B0,300.93551283724423,1.6
292.0,141,13.695677655454215,B2B1,198.4,266.23234171853863
292.0,142,12.427866255628041,B1B0,198.4,113.39495435030979
292.0,143,15.312791906061062,C1C0,398.4,112.69325019645689
292.0,144,9.677149329339244,B1A1,158.86847182108062,201.6
292.0,60,0.0,B1B2,201.6,376.79682627565774
292.0,61,0.0,B1B2,201.6,369.2958128202979
292.0,75,0.0,B1B2,201.6,384.29788990639054
292.0,76,0.0,B1B2,201.6,354.2936967459962
292.0,77,13.581402943450943,A2A1,-1.6,304.7827830187328
292.0,81,0.0,B1C1,391.7989875992861,198.4
292.0,82,0.0,A0B0,174.26584975779238,-1.6
292.0,83,0.0,B1B2,201.6,346.7925921986331
292.0,85,0.0009397122727660607,B1C1,354.293079799791,198.4
292.0,92,6.927045588024692,C1C0,398.4,3.397720833728073
292.0,93,0.013496383245643371,B1B2,201.6,339.2861688984119
292.0,96,0.0,B1C1,384.2979801461514,198.4
292.0,97,0.0,B1C1,376.79695744334924,198.4
292.0,98,2.02810005904272,A0B0,159.03657772339875,-1.6
293.0,101,6.937551127496288,A0A1,1.6,15.34516316654474
293.0,102,0.15637781660039426,B1B2,201.6,331.7467795587839
293.0,103,1.64241842022205,C1B1,215.97228888525916,201.6
293.0,104,11.753112354588978,C1B1,300.58293488615516,201.6
293.0,105,0.44501214770599434,B1B0,198.4,8.358595890033996
293.0,107,7.2592727663456005,B2C2,396.5457822527969,398.4
293.0,109,7.916086277040357,B1B0,198.4,22.003940123272457
293.0,110,0.0,B1C1,361.79479623428676,198.4
293.0,112,0.0,:B0_7,196.7135205530051,-1.0118876681969333
293.0,113,0.0,B1B2,201.6,391.79895869649766
293.0,114,10.615354536358305,C2C1,398.4,363.6390142265612
293.0,115,0.0,A0B0,189.2679598229751,-1.6
293.0,116,0.04672435255176313,A1B1,191.79059724888188,198.4
293.0,118,13.585832240517162,B2A2,56.43204607545914,401.6
293.0,120,12.016437447994427,A2B2,131.89124827974805,398.4
293.0,121,0.0,B1B2,201.6,361.79471763759176
293.0,122,0.0,B1C1,369.2959321729933,198.4
293.0,123,5.085704012478989,A1A0,-1.6,8.515056107547991
293.0,124,11.629995612643288,C1C0,398.4,19.091292913114103
293.0,125,13.593677924735209,A1B1,169.62553161194967,198.4
293.0,126,0.0,A0B0,181.7669321636837,-1.6
293.0,128,0.0,A0B0,166.76480808164732,-1.6
293.0,129,13.398094146674023,B2B1,198.4,229.46548061436425
293.0,131,14.506719400053926,B1A1,44.58369021292205,201.6
293.0,132,12.942887829607345,C0B0,265.52271875350425,1.6
293.0,133,14.382582629302018,A2A1,-1.6,329.29583071958496
293.0,134,15.092343647519815,B1B0,198.4,50.04722399428971
293.0,135,0.0002915444019711387,C1B1,208.201224250956,201.6
293.0,136,15.496090681301913,B1C1,259.9729353770702,198.4
293.0,137,7.171420544503927,A2B2,18.042667714851017,398.4
293.0,138,4.965452999133326,A0B0,4.774494347666732,-1.6
293.0,139,10.575445851701032,A2B2,182.69066256673412,398.4
293.0,140,12.483826128914139,C0B0,288.4516867083301,1.6
293.0,141,12.935134285816536,B2B1,198.4,253.2972074327221
293.0,142,12.612459306694664,B1B0,198.4,100.78249504361513
293.0,143,15.394151285776347,C1C0,398.4,97.29909891068056
293.0,144,9.257247417797425,B1A1,149.6112244032832,201.6
293.0,146,12.317652,B2B1,198.4,387.7
293.0,60,0.0,B1B2,201.6,376.79682627565774
293.0,61,0.0,B1B2,201.6,369.2958128202979
293.0,75,0.0,B1B2,201.6,384.29788990639054
293.0,76,0.0,B1B2,201.6,354.2936967459962
293.0,77,12.398919391031361,A2A1,-1.6,292.38386362770143
293.0,81,0.0,B1C1,391.7989875992861,198.4
293.0,82,0.0,A0B0,174.26584975779238,-1.6
293.0,83,0.0,B1B2,201.6,346.7925921986331
293.0,85,0.0003890487983302665,B1C1,354.2934688485893,198.4
293.0,92,3.126015684401579,C0B0,396.45170514932653,1.6
293.0,93,0.003027763275755989,B1B2,201.6,339.28919666168764
293.0,96,0.0,B1C1,384.2979801461514,198.4
293.0,97,0.0,B1C1,376.79695744334924,198.4
293.0,98,0.16087450756907057,A0B0,159.19745223096783,-1.6
294.0,101,8.49227752786234,A0A1,1.6,23.83744069440708
294.0,102,0.022798113207489354,B1B2,201.6,331.7695776719914
294.0,103,0.14428244918820626,C1B1,215.82800643607095,201.6
294.0,104,11.72375981699983,C1B1,288.8591750691553,201.6
294.0,105,0.14188023339719585,B1B0,198.4,8.216715656636808
294.0,107,3.9242160087397315,C2C1,398.4,395.71000173846335
294.0,109,5.301973730549843,B1B0,198.4,16.701966392722625
294.0,110,0.00011582526038768389,B1C1,361.7949120595472,198.4
294.0,112,0.0,:B0_7,196.7135205530051,-1.0118876681969333
294.0,113,0.0,B1B2,201.6,391.79895869649766
294.0,114,13.035456814128944,C2C1,398.4,350.6035574124323
294.0,115,0.0,A0B0,189.2679598229751,-1.6
294.0,116,0.007984940249489448,A1B1,191.79858218913137,198.4
294.0,118,12.751023699567563,B2A2,43.68102237589159,401.6
294.0,120,12.253063338661047,A2B2,144.1443116184091,398.4
294.0,121,0.0,B1B2,201.6,361.79471763759176
294.0,122,0.0,B1C1,369.2959321729933,198.4
294.0,123,5.293914173605847,A1A0,-1.6,3.2211419339421354
294.0,124,7.588161029966263,C1C0,398.4,11.50313188314783
294.0,125,9.093677924735209,A1B1,178.71920953668487,198.4
294.0,126,0.0,A0B0,181.7669321636837,-1.6
294.0,128,0.0,A0B0,166.76480808164732,-1.6
294.0,129,12.100922926138194,B2B1,198.4,217.36455768822606
294.0,131,14.456387855713338,B1A1,30.12730235720872,201.6
294.0,132,12.92356228925287,C0B0,252.5991564642514,1.6
294.0,133,13.310054074546755,A2A1,-1.6,315.9857766450382
294.0,134,11.226203746641218,B1B0,198.4,38.82102024764848
294.0,135,0.00020542396737171408,C1B1,208.20101882698862,201.6
294.0,136,15.501274183984398,B1C1,275.47420956105464,198.4
294.0,137,9.503809958511702,A2B2,27.54647767336272,398.4
294.0,138,6.953376842500351,A0B0,11.727871190167082,-1.6
294.0,139,6.82858349469602,A2B2,189.51924606143015,398.4
294.0,140,12.558394494934063,C0B0,275.893292213396,1.6
294.0,141,14.028319290428481,B2B1,198.4,239.26888814229363
294.0,142,12.385825818773457,B1B0,198.4,88.39666922484167
294.0,143,15.082501702170298,C1C0,398.4,82.21659720851022
294.0,144,9.483295013806872,B1A1,140.12792938947632,201.6
294.0,146,11.431203904074849,B2B1,198.4,376.26879609592515
294.0,60,0.0,B1B2,201.6,376.79682627565774
294.0,61,0.0,B1B2,201.6,369.2958128202979
294.0,75,0.0,B1B2,201.6,384.29788990639054
294.0,76,0.0,B1B2,201.6,354.2936967459962
294.0,77,12.78996004946994,A2A1,-1.6,279.59390357823145
294.0,81,0.0,B1C1,391.7989875992861,198.4
294.0,82,0.0,A0B0,174.26584975779238,-1.6
294.0,83,0.0,B1B2,201.6,346.7925921986331
294.0,85,0.00031743280913627646,B1C1,354.2937862813984,198.4
294.0,92,5.105120430720933,C0B0,391.3465847186056,1.6
294.0,93,0.002205444665160053,B1B2,201.6,339.2914021063528
294.0,96,0.0,B1C1,384.2979801461514,198.4
294.0,97,0.0,B1C1,376.79695744334924,198.4
294.0,98,0.033417168445781846,A0B0,159.23086939941362,-1.6
295.0,101,10.860134776268266,A0A1,1.6,34.69757547067535
295.0,102,0.020263491208510016,B1B2,201.6,331.78984116319987
295.0,103,0.09307420993029215,C1B1,215.73493222614067,201.6
295.0,104,11.267876294435284,C1B1,277.59129877472003,201.6
295.0,105,0.008073959169775047,B1B0,198.4,8.208641697467044
295.0,107,5.935163742042333,C2C1,398.4,389.774837996421
295.0,109,0.8019737305498431,B1B0,198.4,15.899992662172792
295.0,110,0.0,B1C1,361.7949120595472,198.4
295.0,112,0.0,:B0_7,196.7135205530051,-1.0118876681969333
295.0,113,0.0,B1B2,201.6,391.79895869649766
295.0,114,13.936915920305722,C2C1,398.4,336.66664149212653
295.0,115,0.0,A0B0,189.2679598229751,-1.6
295.0,116,0.0002830088154152601,A1B1,191.79886519794678,198.4
295.0,118,13.142504146966061,B2A2,30.53851822892554,401.6
295.0,120,12.167911651792416,A2B2,156.3122232702015,398.4
295.0,121,0.0,B1B2,201.6,361.79471763759176
295.0,122,0.0,B1C1,369.2959321729933,198.4
295.0,123,5.345319414282337,:A0_0,0.8471421321242291,-1.1482852792745373
295.0,124,6.394089786296533,C1C0,398.4,5.1090420968513115
295.0,125,4.593677924735209,A1B1,183.31288746142008,198.4
295.0,126,0.0,A0B0,181.7669321636837,-1.6
295.0,128,0.0,A0B0,166.76480808164732,-1.6
295.0,129,9.108507517823044,B2B1,198.4,208.256050170403
295.0,131,11.060807194476885,B1A1,19.066495162731826,201.6
295.0,132,12.657747263917692,C0B0,239.9414092003337,1.6
295.0,133,14.245321781507196,A2A1,-1.6,301.740454863531
295.0,134,8.815387360459502,B1B0,198.4,30.005632887188966
295.0,135,0.0,C1B1,208.20101882698862,201.6
295.0,136,14.80977696057923,B1C1,290.28398652163384,198.4
295.0,137,11.4302710887992,A2B2,38.976748762161925,398.4
295.0,138,8.432149541914171,A0B0,20.160020732081257,-1.6
295.0,139,2.6726700618132946,A2B2,192.19191612324346,398.4
295.0,140,13.38195495571619,C0B0,262.5113372576799,1.6
295.0,141,12.088218617412991,B2B1,198.4,227.18066952488064
295.0,142,12.062129597338945,B1B0,198.4,76.3345396275027
295.0,143,14.428749790062607,C1C0,398.4,67.78784741844763
295.0,144,9.47340683129625,B1A1,130.65452255818008,201.6
295.0,145,10.860134776268266,A0A1,1.6,8.3
295.0,146,11.213341780288376,B2B1,198.4,365.0554543156368
295.0,60,0.0,B1B2,201.6,376.79682627565774
295.0,61,0.0,B1B2,201.6,369.2958128202979
295.0,75,0.0,B1B2,201.6,384.29788990639054
295.0,76,0.0,B1B2,201.6,354.2936967459962
295.0,77,12.626984876631743,A2A1,-1.6,266.96691870159975
295.0,81,0.0,B1C1,391.7989875992861,198.4
295.0,82,0.0,A0B0,174.26584975779238,-1.6
295.0,83,0.00010184837966050005,B1B2,201.6,346.7926940470128
295.0,85,0.0,B1C1,354.2937862813984,198.4
295.0,92,6.456060222300664,C0B0,384.8905244963049,1.6
295.0,93,0.0001855300286009838,B1B2,201.6,339.2915876363814
295.0,96,0.0,B1C1,384.2979801461514,198.4
295.0,97,0.0,B1C1,376.79695744334924,198.4
295.0,98,0.03190132679821295,A0B0,159.26277072621184,-1.6
296.0,101,12.38749497095953,A0A1,1.6,47.08507044163488
296.0,102,0.0006058691015569059,B1B2,201.6,331.7904470323015
296.0,103,0.029603288245969004,C1B1,215.7053289378947,201.6
296.0,104,11.603244265954293,C1B1,265.9880545087657,201.6
296.0,105,0.004366142840430718,B1B0,198.4,8.204275554626605
296.0,107,7.8587434084100645,C2C1,398.4,381.916094588011
296.0,109,0.10359108813889575,B1B0,198.4,15.796401574033894
296.0,110,0.0,B1C1,361.7949120595472,198.4
296.0,112,0.0,:B0_7,196.7135205530051,-1.0118876681969333
296.0,113,0.0,B1B2,201.6,391.79895869649766
296.0,114,14.396310944555983,C2C1,398.4,322.27033054757055
296.0,115,0.0,A0B0,189.2679598229751,-1.6
296.0,116,0.0,A1B1,191.79886519794678,198.4
296.0,118,13.59762049812442,B2A2,16.94089773080111,401.6
296.0,120,12.621170165009277,A2B2,168.9333934352108,398.4
296.0,121,0.0,B1B2,201.6,361.79471763759176
296.0,122,0.0,B1C1,369.2959321729933,198.4
296.0,123,5.803718756562218,A0B0,6.587896236902402,-1.6
296.0,124,3.7199548896339163,:C0_0,397.5532510303421,1.7319506182052709
296.0,125,0.7240231585996937,A1B1,184.03691062001977,198.4
296.0,126,0.0,A0B0,181.7669321636837,-1.6
296.0,128,0.0,A0B0,166.76480808164732,-1.6
296.0,129,4.608507517823044,:B1_2,198.90165466396178,203.6884173522674
296.0,131,6.846320174562214,B1A1,12.220174988169617,201.6
296.0,132,13.163526186733499,C0B0,226.77788301360022,1.6
296.0,133,13.632067421816723,A2A1,-1.6,288.1083874417143
296.0,134,4.427401247514708,B1B0,198.4,25.57823163967427
296.0,135,0.0,C1B1,208.20101882698862,201.6
296.0,136,14.889437932600751,B1C1,305.1734244542346,198.4
296.0,137,13.328827080737538,A2B2,52.30557584289948,398.4
296.0,138,10.328683546884625,A0B0,30.488704278965887,-1.6
296.0,139,2.5395014036415144,:B2_12,194.21984173455425,399.6396834691085
296.0,140,13.241158181366702,C0B0,249.27017907631316,1.6
296.0,141,9.792699341722324,B2B1,198.4,217.38797018315833
296.0,142,12.219635014395326,B1B0,198.4,64.1149046131074
296.0,143,14.93909982705623,C1C0,398.4,52.84874759139137
296.0,144,9.301845137872823,B1A1,121.35267742030724,201.6
296.0,145,12.620146642351635,A0A1,1.6,20.92014664235164
296.0,146,11.766466349598252,B2B1,198.4,353.2889879660385
296.0,60,0.0,B1B2,201.6,376.79682627565774
296.0,61,0.0,B1B2,201.6,369.2958128202979
296.0,75,0.0,B1B2,201.6,384.29788990639054
296.0,76,0.0,B1B2,201.6,354.2936967459962
296.0,77,13.623915979154393,A2A1,-1.6,253.34300272244533
296.0,81,0.0,B1C1,391.7989875992861,198.4
296.0,82,0.0,A0B0,174.26584975779238,-1.6
296.0,83,0.0,B1B2,201.6,346.7926940470128
296.0,85,0.0,B1C1,354.2937862813984,198.4
296.0,92,8.698995137933604,C0B0,376.1915293583713,1.6
296.0,93,0.0,B1B2,201.6,339.2915876363814
296.0,96,0.0,B1C1,384.2979801461514,198.4
296.0,97,0.0,B1C1,376.79695744334924,198.4
296.0,98,0.0008587827252934154,A0B0,159.26362950893713,-1.6
297.0,101,12.156000607096509,A0A1,1.6,59.241071048731406
297.0,102,0.00012500962403193833,B1B2,201.6,331.7905720419255
297.0,103,0.0017336181549093518,C1B1,215.7035953197398,201.6
297.0,104,12.411934515059277,C1B1,253.57611999370644,201.6
297.0,105,0.002447193199003504,B1B0,198.4,8.201828361427602
297.0,107,9.742485096533038,C2C1,398.4,372.1736094914779
297.0,109,0.06423013900566764,B1B0,198.4,15.73217143502822
297.0,110,0.0,B1C1,361.7949120595472,198.4
297.0,112,0.0,:B0_7,196.7135205530051,-1.0118876681969333
297.0,113,0.0,B1B2,201.6,391.79895869649766
297.0,114,14.09208439749545,C2C1,398.4,308.1782461500751
297.0,115,0.0,A0B0,189.2679598229751,-1.6
297.0,116,0.0,A1B1,191.79886519794678,198.4
297.0,118,10.21137168707949,B2A2,6.72952604372162,401.6
297.0,120,10.112209063090434,A2B2,179.04560249830124,398.4
297.0,121,0.0,B1B2,201.6,361.79471763759176
297.0,122,0.0,B1C1,369.2959321729933,198.4
297.0,123,7.323609934285403,A0B0,13.911506171187806,-1.6
297.0,124,3.495010759884715,C0B0,394.0740764473327,1.6
297.0,125,0.23450214747817208,A1B1,184.27141276749794,198.4
297.0,126,0.0,A0B0,181.7669321636837,-1.6
297.0,128,0.0,A0B0,166.76480808164732,-1.6
297.0,129,6.702022143295061,:B1_16,203.30220814500436,198.97867511299737
297.0,131,3.0836248536803157,B1A1,9.136550134489312,201.6
297.0,132,11.70414570066227,C0B0,215.07373731293794,1.6
297.0,133,13.689772055989565,A2A1,-1.6,274.4186153857247
297.0,134,1.6683215876428545,B1B0,198.4,23.90991005203142
297.0,135,0.0,C1B1,208.20101882698862,201.6
297.0,136,15.294336577910482,B1C1,320.46776103214506,198.4
297.0,137,13.082663103404897,A2B2,65.38823894630437,398.4
297.0,138,11.81321764802624,A0B0,42.30192192699213,-1.6
297.0,139,2.8040880839774385,B2A2,192.7344943891376,401.6
297.0,140,12.980398968637779,C0B0,236.28978010767537,1.6
297.0,141,5.292699341722324,B2B1,198.4,212.09527084143602
297.0,142,12.937414379623815,B1B0,198.4,51.17749023348358
297.0,143,14.939760657047332,C1C0,398.4,37.90898693434403
297.0,144,8.90192906184131,B1A1,112.45074835846593,201.6
297.0,145,13.373277881033072,A0A1,1.6,34.293424523384715
297.0,146,11.360632051599444,B2B1,198.4,341.92835591443907
297.0,148,5.992776957760813,B1A1,187.70000000000002,201.6
297.0,60,0.0,B1B2,201.6,376.79682627565774
297.0,61,0.0,B1B2,201.6,369.2958128202979
297.0,75,0.0,B1B2,201.6,384.29788990639054
297.0,76,0.0,B1B2,201.6,354.2936967459962
297.0,77,12.408994443835676,A2A1,-1.6,240.93400827860967
297.0,81,0.0,B1C1,391.7989875992861,198.4
297.0,82,0.0,A0B0,174.26584975779238,-1.6
297.0,83,0.0,B1B2,201.6,346.7926940470128
297.0,85,0.0,B1C1,354.2937862813984,198.4
297.0,92,10.745786623397803,C0B0,365.4457427349735,1.6
297.0,93,0.0,B1B2,201.6,339.2915876363814
297.0,96,0.0,B1C1,384.2979801461514,198.4
297.0,97,0.0,B1C1,376.79695744334924,198.4
297.0,98,0.00015014785148633679,A0B0,159.2637796567886,-1.6
298.0,101,12.811243989839136,A0A1,1.6,72.05231503857054
298.0,102,0.0,B1B2,201.6,331.7905720419255
298.0,103,0.0011831462303862716,C1B1,215.70241217350943,201.6
298.0,104,11.415338586869932,C1B1,242.16078140683652,201.6
298.0,105,0.0008157801044863476,B1B0,198.4,8.201012581323113
298.0,107,12.046110744256712,C2C1,398.4,360.12749874722124
298.0,109,0.02248029306760757,B1B0,198.4,15.709691141960604
298.0,110,0.0,B1C1,361.7949120595472,198.4
298.0,112,0.0,:B0_7,196.7135205530051,-1.0118876681969333
298.0,113,0.0,B1B2,201.6,391.79895869649766
298.0,114,15.103983800070084,C2C1,398.4,293.07426235000503
298.0,115,0.0,A0B0,189.2679598229751,-1.6
298.0,116,0.00013290088155055573,A1B1,191.79899809882832,198.4
298.0,118,5.750259508520075,:A2_0,1.0144558081529556,401.2486734848918
298.0,120,6.88062585850279,A2B2,185.92622835680402,398.4
298.0,121,0.0,B1B2,201.6,361.79471763759176
298.0,122,0.0,B1C1,369.2959321729933,198.4
298.0,123,8.836321764210359,A0B0,22.747827935398163,-1.6
298.0,124,5.555928336031028,C0B0,388.5181481113017,1.6
298.0,125,0.017504175450262165,A1B1,184.2889169429482,198.4
298.0,126,0.0,A0B0,181.7669321636837,-1.6
298.0,128,0.0,A0B0,166.76480808164732,-1.6
298.0,129,6.802936137131042,B1C1,210.05741562784613,198.4
298.0,131,0.920810744969402,B1A1,8.21573938951991,201.6
298.0,132,7.503554185843887,C0B0,207.57018312709405,1.6
298.0,133,13.91824165065071,A2A1,-1.6,260.500373735074
298.0,134,0.39094527618726616,B1B0,198.4,23.518964775844154
298.0,135,0.0,C1B1,208.20101882698862,201.6
298.0,136,12.46670194173677,B1C1,332.93446297388186,198.4
298.0,137,13.714444388451497,A2B2,79.10268333475587,398.4
298.0,138,13.469286803955123,A0B0,55.77120873094726,-1.6
298.0,139,4.107333338792994,B2A2,188.62716105034463,401.6
298.0,140,11.824964029921267,C0B0,224.4648160777541,1.6
298.0,141,6.552218887882584,:B1_0,198.16563547218772,205.55944830531396
298.0,142,10.45462384037664,B1B0,198.4,40.722866393106955
298.0,143,13.764133171666483,C1C0,398.4,24.144853762677542
298.0,144,9.281673990264625,B1A1,103.16907436820131,201.6
298.0,145,12.71304479267607,A0A1,1.6,47.00646931606079
298.0,146,11.334095203482777,B2B1,198.4,330.5942607109563
298.0,148,7.5157119529333585,B1A1,180.18428804706664,201.6
298.0,60,0.0,B1B2,201.6,376.79682627565774
298.0,61,0.0,B1B2,201.6,369.2958128202979
298.0,75,0.0,B1B2,201.6,384.29788990639054
298.0,76,0.0,B1B2,201.6,354.2936967459962
298.0,77,13.48030791883821,A2A1,-1.6,227.45370035977146
298.0,81,0.0,B1C1,391.7989875992861,198.4
298.0,82,0.0,A0B0,174.26584975779238,-1.6
298.0,83,0.0,B1B2,201.6,346.7926940470128
298.0,85,0.0,B1C1,354.2937862813984,198.4
298.0,92,11.388299792694017,C0B0,354.05744294227947,1.6
298.0,93,0.0,B1B2,201.6,339.2915876363814
298.0,96,0.0,B1C1,384.2979801461514,198.4
298.0,97,0.0,B1C1,376.79695744334924,198.4
298.0,98,0.0,A0B0,159.2637796567886,-1.6
299.0,101,12.873611310039564,A0A1,1.6,84.9259263486101
299.0,102,0.0,B1B2,201.6,331.7905720419255
299.0,103,0.00023280256918398128,C1B1,215.70217937094026,201.6
299.0,104,10.6067821771478,C1B1,231.5539992296887,201.6
299.0,105,0.0,B1B0,198.4,8.201012581323113
299.0,107,14.268337049735637,C2C1,398.4,345.85916169748555
299.0,109,0.006299915198714377,B1B0,198.4,15.70339122676188
299.0,110,0.0,B1C1,361.7949120595472,198.4
299.0,112,0.0,:B0_7,196.7135205530051,-1.0118876681969333
299.0,113,0.0,B1B2,201.6,391.79895869649766
299.0,114,14.370812801927054,C2C1,398.4,278.70344954807797
299.0,115,0.0,A0B0,189.2679598229751,-1.6
299.0,116,0.0,A1B1,191.79899809882832,198.4
299.0,118,5.065594949481718,:A2_0,-1.5358311039401011,397.2491822724193
299.0,120,6.341004678355876,A2B2,192.2672330351599,398.4
299.0,121,0.0,B1B2,201.6,361.79471763759176
299.0,122,0.0,B1C1,369.2959321729933,198.4
299.0,123,11.296374532071994,A0B0,34.044202467470164,-1.6
299.0,124,6.959979554096462,C0B0,381.5581685572052,1.6
299.0,125,0.006334284610701488,A1B1,184.29525122755888,198.4
299.0,126,0.0,A0B0,181.7669321636837,-1.6
299.0,128,0.0,A0B0,166.76480808164732,-1.6
299.0,129,8.158010397561453,B1C1,218.2154260254076,198.4
299.0,131,0.014570183938302523,B1A1,8.201169205581607,201.6
299.0,132,6.03599966570095,:B0_3,202.40781707416912,3.9869715430514567
299.0,133,13.863283196131201,A2A1,-1.6,246.6370905389428
299.0,134,0.21491428679965863,B1B0,198.4,23.3040504890445
299.0,135,0.0,C1B1,208.20101882698862,201.6
299.0,136,8.535408053863659,B1C1,341.4698710277455,198.4
299.0,137,13.776700943268347,A2B2,92.87938427802422,398.4
299.0,138,13.801955779975192,A0B0,69.57316451092245,-1.6
299.0,139,6.338833110077864,B2A2,182.28832794026675,401.6
299.0,140,8.165501418928187,C0B0,216.29931465882592,1.6
299.0,141,6.379710242219857,:B1_0,193.7835120850201,201.74050172643143
299.0,142,6.912687938130605,B1B0,198.4,33.81017845497635
299.0,143,12.317916094209375,C1C0,398.4,11.826937668468162
299.0,144,9.832253595725723,B1A1,93.33682077247556,201.6
299.0,145,12.909542826005266,A0A1,1.6,59.91601214206606
299.0,146,12.120046878654742,B2B1,198.4,318.47421383230153
299.0,148,9.782025409071954,B1A1,170.40226263799468,201.6
299.0,149,3.5854757588638835,A0B0,8.3,-1.6
299.0,60,0.0,B1B2,201.6,376.79682627565774
299.0,61,0.0,B1B2,201.6,369.2958128202979
299.0,75,0.0,B1B2,201.6,384.29788990639054
299.0,76,0.0,B1B2,201.6,354.2936967459962
299.0,77,13.638294380116262,A2A1,-1.6,213.8154059796552
299.0,81,0.0,B1C1,391.7989875992861,198.4
299.0,82,0.0,A0B0,174.26584975779238,-1.6
299.0,83,0.0,B1B2,201.6,346.7926940470128
299.0,85,0.0,B1C1,354.2937862813984,198.4
299.0,92,11.514591991450727,C0B0,342.5428509508288,1.6
299.0,93,0.0,B1B2,201.6,339.2915876363814
299.0,96,0.0,B1C1,384.2979801461514,198.4
299.0,97,0.0,B1C1,376.79695744334924,198.4
299.0,98,0.0,A0B0,159.2637796567886,-1.6
300.0,101,12.023863405533053,A0A1,1.6,96.94978975414315
300.0,102,0.0,B1B2,201.6,331.7905720419255
300.0,103,0.00013299695512517914,C1B1,215.70204637398513,201.6
300.0,104,6.1067821771477995,C1B1,225.4472170525409,201.6
300.0,105,0.0,B1B0,198.4,8.201012581323113
300.0,107,13.12832827610422,C2C1,398.4,332.73083342138136
300.0,109,0.0008200281067796403,B1B0,198.4,15.702571198655107
300.0,110,0.0,B1C1,361.7949120595472,198.4
300.0,112,0.0,:B0_7,196.7135205530051,-1.0118876681969333
300.0,113,0.0,B1B2,201.6,391.79895869649766
300.0,114,14.71410696588336,C2C1,398.4,263.9893425821946
300.0,115,0.0,A0B0,189.2679598229751,-1.6
300.0,116,0.0,A1B1,191.79899809882832,198.4
300.0,118,4.771149264347449,A2A1,-1.6,392.4825223213724
300.0,120,3.1289449604045596,:B2_12,194.28276941278523,400.23446117442955
300.0,121,0.0,B1B2,201.6,361.79471763759176
300.0,122,0.0,B1C1,369.2959321729933,198.4
300.0,123,13.635347714698062,A0B0,47.67955018216823,-1.6
300.0,124,8.489837102585696,C0B0,373.0683314546195,1.6
300.0,125,0.0024844603238362824,A1B1,184.29773568788272,198.4
300.0,126,0.0,A0B0,181.7669321636837,-1.6
300.0,128,0.0,A0B0,166.76480808164732,-1.6
300.0,129,10.585934145994111,B1C1,228.8013601714017,198.4
300.0,131,0.0001616629453650239,B1A1,8.201007542636233,201.6
300.0,132,5.837722795189477,B0B1,201.6,9.67353933379637
300.0,133,13.656200931190947,A2A1,-1.6,232.98088960775186
300.0,134,0.07424630323145594,B1B0,198.4,23.229804185813038
300.0,135,0.0,C1B1,208.20101882698862,201.6
300.0,136,4.197266554066314,B1C1,345.66713758181186,198.4
300.0,137,13.724670616516354,A2B2,106.60405489454057,398.4
300.0,138,13.764264508227729,A0B0,83.33742901915018,-1.6
300.0,139,8.396025598208977,B2A2,173.89230234205777,401.6
300.0,140,5.633685494286519,C0B0,210.6656291645394,1.6
300.0,141,6.611028223948209,B1A1,187.1823134873854,201.6
300.0,142,2.5352355094562076,B1B0,198.4,31.274942945520138
300.0,143,8.041867376887541,C1C0,398.4,3.7850702915806096
300.0,144,9.342270841058435,B1A1,83.99454993141714,201.6
300.0,145,13.77806978749855,A0A1,1.6,73.6940819295646
300.0,146,11.365455387371824,B2B1,198.4,307.1087584449297
300.0,148,11.687967635017136,B1A1,158.71429500297756,201.6
300.0,149,4.914736268162067,A0B0,13.21473626816207,-1.6
300.0,60,0.0,B1B2,201.6,376.79682627565774
300.0,61,0.0,B1B2,201.6,369.2958128202979
300.0,75,0.0,B1B2,201.6,384.29788990639054
300.0,76,0.0,B1B2,201.6,354.2936967459962
300.0,81,0.0,B1C1,391.7989875992861,198.4
300.0,82,0.0,A0B0,174.26584975779238,-1.6
300.0,83,0.0,B1B2,201.6,346.7926940470128
300.0,85,0.00010381056849570629,B1C1,354.29389009196694,198.4
300.0,92,11.409941482442521,C0B0,331.13290946838623,1.6
300.0,93,0.0,B1B2,201.6,339.2915876363814
300.0,96,0.0,B1C1,384.2979801461514,198.4
300.0,97,0.0,B1C1,376.79695744334924,198.4
300.0,98,0.0,A0B0,159.2637796567886,-1.6
301.0,101,12.823741646654822,A0A1,1.6,109.77353140079798
301.0,102,0.0,B1B2,201.6,331.7905720419255
301.0,103,0.0,C1B1,215.70204637398513,201.6
301.0,104,2.209178082831342,C1B1,223.23803896970958,201.6
301.0,105,0.0,B1B0,198.4,8.201012581323113
301.0,107,14.284290566602648,C2C1,398.4,318.4465428547787
301.0,109,0.0003343009956650156,B1B0,198.4,15.702236897659446
301.0,110,0.0,B1C1,361.7949120595472,198.4
301.0,112,0.0,:B0_7,196.7135205530051,-1.0118876681969333
301.0,113,0.0,B1B2,201.6,391.79895869649766
301.0,114,14.928238030689494,C2C1,398.4,249.06110455150508
301.0,115,0.0,A0B0,189.2679598229751,-1.6
301.0,116,0.0,A1B1,191.79899809882832,198.4
301.0,118,6.363146761154466,A2A1,-1.6,386.1193755602179
301.0,120,2.81864114886187,B2A2,192.05518085557367,401.6
301.0,121,0.0,B1B2,201.6,361.79471763759176
301.0,122,0.0,B1C1,369.2959321729933,198.4
301.0,123,13.278993498880812,A0B0,60.95854368104905,-1.6
301.0,124,10.896714904804938,C0B0,362.1716165498146,1.6
301.0,125,0.00023774164348160172,A1B1,184.2979734295262,198.4
301.0,126,0.0,A0B0,181.7669321636837,-1.6
301.0,128,0.0,A0B0,166.76480808164732,-1.6
301.0,129,12.82787371472325,B1C1,241.62923388612495,198.4
301.0,131,0.0,B1A1,8.201007542636233,201.6
301.0,132,7.366651964083434,B0B1,201.6,17.040191297879804
301.0,133,13.098428529600179,A2A1,-1.6,219.8824610781517
301.0,134,0.02426488237449274,B1B0,198.4,23.20553930343854
301.0,135,0.0,C1B1,208.20101882698862,201.6
301.0,136,0.5836312505850606,B1C1,346.2507688323969,198.4
301.0,137,13.471640872841212,A2B2,120.0756957673818,398.4
301.0,138,13.39732948265309,A0B0,96.73475850180327,-1.6
301.0,139,10.575186730336023,B2A2,163.31711561172176,401.6
301.0,140,7.3311133761913965,:B0_4,203.334515788348,1.6
301.0,141,8.23974324210792,B1A1,178.94257024527747,201.6
301.0,142,0.36731954407579837,B1B0,198.4,30.90762340144434
301.0,143,3.845082656833716,C0B0,396.1199876347469,1.6
301.0,144,9.929846508991995,B1A1,74.06470342242514,201.6
301.0,145,12.584461697638925,A0A1,1.6,86.27854362720353
301.0,146,11.50535991653078,B2B1,198.4,295.60339852839894
301.0,148,12.885260321554773,B1A1,145.8290346814228,201.6
301.0,149,6.491226301929254,A0B0,19.705962570091323,-1.6
301.0,60,0.0,B1B2,201.6,376.79682627565774
301.0,61,0.0,B1B2,201.6,369.2958128202979
301.0,75,0.0,B1B2,201.6,384.29788990639054
301.0,76,0.0,B1B2,201.6,354.2936967459962
301.0,81,0.0,B1C1,391.7989875992861,198.4
301.0,82,0.0,A0B0,174.26584975779238,-1.6
301.0,83,0.0,B1B2,201.6,346.7926940470128
301.0,85,0.0,B1C1,354.29389009196694,198.4
301.0,92,11.007125411523596,C0B0,320.12578405686264,1.6
301.0,93,0.0,B1B2,201.6,339.2915876363814
301.0,96,0.0,B1C1,384.2979801461514,198.4
301.0,97,0.0,B1C1,376.79695744334924,198.4
301.0,98,0.0,A0B0,159.2637796567886,-1.6
302.0,101,12.818780185965739,A0A1,1.6,122.59231158676374
302.0,102,0.0,B1B2,201.6,331.7905720419255
302.0,103,0.0,C1B1,215.70204637398513,201.6
302.0,104,0.02380693270216739,C1B1,223.2142320370074,201.6
302.0,105,0.0,B1B0,198.4,8.201012581323113
302.0,107,14.306665439233111,C2C1,398.4,304.1398774155456
302.0,109,0.00015704403036084763,B1B0,198.4,15.702079853629073
302.0,110,0.0,B1C1,361.7949120595472,198.4
302.0,112,0.0,:B0_7,196.7135205530051,-1.0118876681969333
302.0,113,0.0,B1B2,201.6,391.79895869649766
302.0,114,15.145951449990928,C2C1,398.4,233.91515310151416
302.0,115,0.0,A0B0,189.2679598229751,-1.6
302.0,116,0.0,A1B1,191.79899809882832,198.4
302.0,118,8.625176302089066,A2A1,-1.6,377.49419925812884
302.0,120,4.470743364473245,B2A2,187.58443749110043,401.6
302.0,121,0.0,B1B2,201.6,361.79471763759176
302.0,122,0.0,B1C1,369.2959321729933,198.4
302.0,123,13.349201336477348,A0B0,74.3077450175264,-1.6
302.0,124,12.669799932249115,C0B0,349.50181661756545,1.6
302.0,125,0.0,A1B1,184.2979734295262,198.4
302.0,126,0.0,A0B0,181.7669321636837,-1.6
302.0,128,0.0,A0B0,166.76480808164732,-1.6
302.0,129,13.167840216540256,B1C1,254.79707410266522,198.4
302.0,131,0.0,B1A1,8.201007542636233,201.6
302.0,132,9.916945787461595,B0B1,201.6,26.9571370853414
302.0,133,8.884285273114099,A2A1,-1.6,210.9981758050376
302.0,134,0.002219764786895847,B1B0,198.4,23.20331953865164
302.0,135,0.0,C1B1,208.20101882698862,201.6
302.0,136,0.5329412120747233,B1C1,346.7837100444716,198.4
302.0,137,13.246796098656464,A2B2,133.32249186603823,398.4
302.0,138,13.211201005180278,A0B0,109.94595950698356,-1.6
302.0,139,13.11032403795663,B2A2,150.20679157376512,401.6
302.0,140,9.862595767576758,:B0_4,193.47192002077125,1.6
302.0,141,9.715845422141841,B1A1,169.2267248231356,201.6
302.0,142,0.15739951926090845,B1B0,198.4,30.750223882183434
302.0,143,5.305126084577664,C0B0,390.81486155016927,1.6
302.0,144,10.02854348933799,B1A1,64.03615993308716,201.6
302.0,145,13.663345764209708,A0A1,1.6,99.94188939141326
302.0,146,11.643374425011919,B2B1,198.4,283.960024103387
302.0,148,13.220454635965684,B1A1,132.60858004545707,201.6
302.0,149,8.762622898170065,A0B0,28.46858546826139,-1.6
302.0,60,0.0,B1B2,201.6,376.79682627565774
302.0,61,0.0,B1B2,201.6,369.2958128202979
302.0,75,0.0,B1B2,201.6,384.29788990639054
302.0,76,0.0,B1B2,201.6,354.2936967459962
302.0,81,0.0,B1C1,391.7989875992861,198.4
302.0,82,0.0,A0B0,174.26584975779238,-1.6
302.0,83,0.0,B1B2,201.6,346.7926940470128
302.0,85,0.0,B1C1,354.29389009196694,198.4
302.0,92,10.32207537124967,C0B0,309.80370868561295,1.6
302.0,93,0.0,B1B2,201.6,339.2915876363814
302.0,96,0.0,B1C1,384.2979801461514,198.4
302.0,97,0.0,B1C1,376.79695744334924,198.4
302.0,98,0.0,A0B0,159.2637796567886,-1.6
303.0,101,12.074977504377172,A0A1,1.6,134.66728909114087
303.0,102,0.0,B1B2,201.6,331.7905720419255
303.0,103,0.0,C1B1,215.70204637398513,201.6
303.0,104,0.0065711734768697004,C1B1,223.20766086353055,201.6
303.0,105,0.0,B1B0,198.4,8.201012581323113
303.0,107,13.435983625757434,C2C1,398.4,290.70389378978814
303.0,109,0.0,B1B0,198.4,15.702079853629073
303.0,110,0.0,B1C1,361.7949120595472,198.4
303.0,112,0.0,:B0_7,196.7135205530051,-1.0118876681969333
303.0,113,0.0,B1B2,201.6,391.79895869649766
303.0,114,14.210484504027947,C2C1,398.4,219.7046685974862
303.0,115,0.0,A0B0,189.2679598229751,-1.6
303.0,116,0.0,A1B1,191.79899809882832,198.4
303.0,118,11.075152922050737,A2A1,-1.6,366.4190463360781
303.0,120,6.218949267086944,B2A2,181.3654882240135,401.6
303.0,121,0.0,B1B2,201.6,361.79471763759176
303.0,122,0.0,B1C1,369.2959321729933,198.4
303.0,123,13.816403487694846,A0B0,88.12414850522124,-1.6
303.0,124,14.500955457937367,C0B0,335.0008611596281,1.6
303.0,125,0.0,A1B1,184.2979734295262,198.4
303.0,126,0.0,A0B0,181.7669321636837,-1.6
303.0,128,0.0,A0B0,166.76480808164732,-1.6
303.0,129,13.33184632295602,B1C1,268.12892042562123,198.4
303.0,131,0.0,B1A1,8.201007542636233,201.6
303.0,132,11.876335692068682,B0B1,201.6,38.83347277741009
303.0,133,5.968205815683931,:A1_1,-1.2935626330409287,205.0549384312865
303.0,134,0.0002295027764648152,B1B0,198.4,23.203090035875164
303.0,135,0.0,C1B1,208.20101882698862,201.6
303.0,136,0.0052853437228949016,B1C1,346.7889953881945,198.4
303.0,137,13.480455781405302,A2B2,146.80294764744355,398.4
303.0,138,12.959209695186377,A0B0,122.90516920216992,-1.6
303.0,139,13.175112636006215,B2A2,137.0316789377589,401.6
303.0,140,12.376085198673,B0A0,181.09583482209825,1.6
303.0,141,11.817484690572723,B1A1,157.4092401325629,201.6
303.0,142,0.030517263195894494,B1B0,198.4,30.719706618987544
303.0,143,7.291191259147041,C0B0,383.5236702910222,1.6
303.0,144,9.338617576547056,B1A1,54.69754235654011,201.6
303.0,145,12.550185054505599,A0A1,1.6,112.49207444591886
303.0,146,11.803070443800882,B2B1,198.4,272.1569536595861
303.0,148,12.278895918984011,B1A1,120.32968412647308,201.6
303.0,149,10.952727744570273,A0B0,39.42131321283167,-1.6
303.0,60,0.0,B1B2,201.6,376.79682627565774
303.0,61,0.0,B1B2,201.6,369.2958128202979
303.0,75,0.0,B1B2,201.6,384.29788990639054
303.0,76,0.0,B1B2,201.6,354.2936967459962
303.0,81,0.0,B1C1,391.7989875992861,198.4
303.0,82,0.0,A0B0,174.26584975779238,-1.6
303.0,83,0.0,B1B2,201.6,346.7926940470128
303.0,85,0.0,B1C1,354.29389009196694,198.4
303.0,92,10.665627422059044,C0B0,299.1380812635539,1.6
303.0,93,0.0,B1B2,201.6,339.2915876363814
303.0,96,0.0,B1C1,384.2979801461514,198.4
303.0,97,0.0,B1C1,376.79695744334924,198.4
303.0,98,0.0,A0B0,159.2637796567886,-1.6
304.0,101,13.240558907723903,A0A1,1.6,147.90784799886478
304.0,102,0.0,B1B2,201.6,331.7905720419255
304.0,103,0.0,C1B1,215.70204637398513,201.6
304.0,104,0.004535551208488421,C1B1,223.20312531232207,201.6
304.0,105,0.0,B1B0,198.4,8.201012581323113
304.0,107,13.322414241293371,C2C1,398.4,277.3814795484948
304.0,109,0.0,B1B0,198.4,15.702079853629073
304.0,110,0.0,B1C1,361.7949120595472,198.4
304.0,112,2.470806604716927,:B0_11,198.8317324845979,0.25903949075872745
304.0,113,0.0,B1B2,201.6,391.79895869649766
304.0,115,0.0,A0B0,189.2679598229751,-1.6
304.0,116,0.0,A1B1,191.79899809882832,198.4
304.0,118,12.640887147911533,A2A1,-1.6,353.77815918816657
304.0,120,7.643241842980868,B2A2,173.72224638103262,401.6
304.0,121,0.0,B1B2,201.6,361.79471763759176
304.0,122,0.0,B1C1,369.2959321729933,198.4
304.0,123,14.133949591729255,A0B0,102.25809809695053,-1.6
304.0,124,14.659037739782057,C0B0,320.34182341984604,1.6
304.0,125,0.0,A1B1,184.2979734295262,198.4
304.0,126,0.0,A0B0,181.7669321636837,-1.6
304.0,128,0.0,A0B0,166.76480808164732,-1.6
304.0,129,13.724746972600453,B1C1,281.85366739822166,198.4
304.0,131,0.0,B1A1,8.201007542636233,201.6
304.0,132,12.165248087504871,B0B1,201.6,50.998720864914965
304.0,133,7.032012125445345,:A1_9,2.3999103975271674,199.5200537614837
304.0,134,0.0,B1B0,198.4,23.203090035875164
304.0,135,0.0,C1B1,208.20101882698862,201.6
304.0,136,0.0023373351222315602,B1C1,346.7913327233167,198.4
304.0,137,13.55925399845231,A2B2,160.36220164589585,398.4
304.0,138,13.02983936193204,A0B0,135.93500856410196,-1.6
304.0,139,13.003115471956097,B2A2,124.0285634658028,401.6
304.0,140,14.20987816131911,B0A0,166.88595666077916,1.6
304.0,141,13.860990797679527,B1A1,143.54824933488337,201.6
304.0,142,0.008009718734989024,B1B0,198.4,30.711696900252548
304.0,143,8.796719441404008,C0B0,374.7269508496182,1.6
304.0,144,10.031178233474582,B1A1,44.666364123065534,201.6
304.0,145,12.213279996671414,A0A1,1.6,124.70535444259028
304.0,146,12.047192496040136,B2B1,198.4,260.109761163546
304.0,148,13.207845574506605,B1A1,107.12183855196648,201.6
304.0,149,13.452743181754174,A0B0,52.87405639458585,-1.6
304.0,60,0.0,B1B2,201.6,376.79682627565774
304.0,61,0.0,B1B2,201.6,369.2958128202979
304.0,75,0.0,B1B2,201.6,384.29788990639054
304.0,76,0.0,B1B2,201.6,354.2936967459962
304.0,81,0.0,B1C1,391.7989875992861,198.4
304.0,82,0.0,A0B0,174.26584975779238,-1.6
304.0,83,0.0,B1B2,201.6,346.7926940470128
304.0,85,0.0,B1C1,354.29389009196694,198.4
304.0,92,10.453803203782156,C0B0,288.6842780597717,1.6
304.0,93,0.0,B1B2,201.6,339.2915876363814
304.0,96,0.0,B1C1,384.2979801461514,198.4
304.0,97,0.0,B1C1,376.79695744334924,198.4
304.0,98,0.0,A0B0,159.2637796567886,-1.6
305.0,101,12.118581743569962,A0A1,1.6,160.02642974243474
305.0,102,0.0,B1B2,201.6,331.7905720419255
305.0,103,0.0,C1B1,215.70204637398513,201.6
305.0,104,0.0,C1B1,223.20312531232207,201.6
305.0,105,0.0,B1B0,198.4,8.201012581323113
305.0,107,13.531941695306376,C2C1,398.4,263.8495378531884
305.0,109,0.0,B1B0,198.4,15.702079853629073
305.0,110,0.0,B1C1,361.7949120595472,198.4
305.0,112,3.904135358729399,:B0_11,201.05476762873505,3.383373401145194
305.0,113,0.0,B1B2,201.6,391.79895869649766
305.0,115,2.0991339153843,A0B0,191.3670937383594,-1.6
305.0,116,0.0,A1B1,191.79899809882832,198.4
305.0,118,13.490901693646705,A2A1,-1.6,340.28725749451985
305.0,120,9.829172507119736,B2A2,163.8930738739129,401.6
305.0,121,0.0,B1B2,201.6,361.79471763759176
305.0,122,0.0,B1C1,369.2959321729933,198.4
305.0,123,13.88723435844055,A0B0,116.14533245539108,-1.6
305.0,124,13.649589489027175,C0B0,306.6922339308188,1.6
305.0,125,0.0,A1B1,184.2979734295262,198.4
305.0,126,0.0,A0B0,181.7669321636837,-1.6
305.0,128,0.0,A0B0,166.76480808164732,-1.6
305.0,129,13.601641393218644,B1C1,295.4553087914403,198.4
305.0,131,0.0,B1A1,8.201007542636233,201.6
305.0,132,12.208175973468453,B0B1,201.6,63.20689683838343
305.0,133,7.920503719794379,A1B1,10.122545855886067,198.4
305.0,134,0.0,B1B0,198.4,23.203090035875164
305.0,135,0.0,C1B1,208.20101882698862,201.6
305.0,136,0.0012654164102392461,B1C1,346.792598139727,198.4
305.0,137,13.311820585818472,A2B2,173.67402223171433,398.4
305.0,138,8.52983936193204,A0B0,144.464847926034,-1.6
305.0,139,12.64026309160121,B2A2,111.38830037420159,401.6
305.0,140,15.120217611015745,B0A0,151.7657390497634,1.6
305.0,141,15.765476122046493,B1A1,127.78277321283686,201.6
305.0,142,0.007229830163162318,B1B0,198.4,30.70446707008938
305.0,143,10.263647549347393,C0B0,364.4633033002708,1.6
305.0,144,9.163453565682374,B1A1,35.50291055738316,201.6
305.0,145,12.759506148066434,A0A1,1.6,137.46486059065668
305.0,146,12.177111255682306,B2B1,198.4,247.9326499078637
305.0,147,11.541128619828498,C0B0,391.7,1.6
305.0,148,13.40234133913745,B1A1,93.71949721282901,201.6
305.0,149,13.583552426594183,A0B0,66.45760882118003,-1.6
305.0,60,0.0,B1B2,201.6,376.79682627565774
305.0,61,0.0,B1B2,201.6,369.2958128202979
305.0,75,0.0,B1B2,201.6,384.29788990639054
305.0,76,0.0,B1B2,201.6,354.2936967459962
305.0,81,0.0,B1C1,391.7989875992861,198.4
305.0,82,0.0,A0B0,174.26584975779238,-1.6
305.0,83,0.0,B1B2,201.6,346.7926940470128
305.0,85,0.0,B1C1,354.29389009196694,198.4
305.0,92,10.710148821110927,C0B0,277.9741292386608,1.6
305.0,93,0.0,B1B2,201.6,339.2915876363814
305.0,96,0.0,B1C1,384.2979801461514,198.4
305.0,97,0.0,B1C1,376.79695744334924,198.4
305.0,98,0.0,A0B0,159.2637796567886,-1.6
306.0,101,12.141319701549515,A0A1,1.6,172.16774944398426
306.0,102,0.0,B1B2,201.6,331.7905720419255
306.0,103,0.0,C1B1,215.70204637398513,201.6
306.0,104,0.0,C1B1,223.20312531232207,201.6
306.0,105,0.0,B1B0,198.4,8.201012581323113
306.0,107,13.558275905931295,C2C1,398.4,250.2912619472571
306.0,109,0.0,B1B0,198.4,15.702079853629073
306.0,110,0.0,B1C1,361.7949120595472,198.4
306.0,112,5.466202326584607,B0B1,201.6,8.810144290030934
306.0,113,0.0,B1B2,201.6,391.79895869649766
306.0,115,2.9729062616406248,:B0_12,194.04473624210104,-0.7105275157979094
306.0,116,0.0,A1B1,191.79899809882832,198.4
306.0,118,13.361512484486125,A2A1,-1.6,326.9257450100337
306.0,120,11.658240236160717,B2A2,152.23483363775216,401.6
306.0,121,0.0,B1B2,201.6,361.79471763759176
306.0,122,0.0,B1C1,369.2959321729933,198.4
306.0,123,12.584292446683245,A0B0,128.7296249020743,-1.6
306.0,124,13.679510743878522,C0B0,293.0127231869403,1.6
306.0,125,0.0,A1B1,184.2979734295262,198.4
306.0,126,1.1602867158833983,A0B0,182.92721887956708,-1.6
306.0,128,0.0,A0B0,166.76480808164732,-1.6
306.0,129,12.878379599306257,B1C1,308.3336883907466,198.4
306.0,131,0.0,B1A1,8.201007542636233,201.6
306.0,132,12.864024818493046,B0B1,201.6,76.07092165687648
306.0,133,9.25516561857965,A1B1,19.37771147446572,198.4
306.0,134,0.0,B1B0,198.4,23.203090035875164
306.0,135,0.0,C1B1,208.20101882698862,201.6
306.0,136,0.00019505901056951074,B1C1,346.7927931987375,198.4
306.0,137,11.093698714604841,A2B2,184.76772094631917,398.4
306.0,138,4.908940672715166,A0B0,149.37378859874917,-1.6
306.0,139,12.845135670845174,B2A2,98.54316470335642,401.6
306.0,140,14.584636539690166,B0A0,137.18110251007323,1.6
306.0,141,16.096454212572098,B1A1,111.68631900026476,201.6
306.0,142,0.0003270145061387387,B1B0,198.4,30.704140055583252
306.0,143,11.916695153647474,C0B0,352.5466081466233,1.6
306.0,144,9.93341643484784,B1A1,25.569494122535332,201.6
306.0,145,12.973129288953459,A0A1,1.6,150.43798987961014
306.0,146,11.869838552062632,B2B1,198.4,236.06281135580107
306.0,147,12.264937237902174,C0B0,379.43506276209786,1.6
306.0,148,12.573581600776919,B1A1,81.1459156120521,201.6
306.0,149,13.431140705599324,A0B0,79.88874952677935,-1.6
306.0,60,0.0,B1B2,201.6,376.79682627565774
306.0,61,0.0,B1B2,201.6,369.2958128202979
306.0,75,0.0,B1B2,201.6,384.29788990639054
306.0,76,0.0,B1B2,201.6,354.2936967459962
306.0,81,0.0,B1C1,391.7989875992861,198.4
306.0,82,0.0,A0B0,174.26584975779238,-1.6
306.0,83,0.0,B1B2,201.6,346.7926940470128
306.0,85,0.0,B1C1,354.29389009196694,198.4
306.0,92,10.591549633272082,C0B0,267.38257960538874,1.6
306.0,93,0.0,B1B2,201.6,339.2915876363814
306.0,96,0.0,B1C1,384.2979801461514,198.4
306.0,97,0.0,B1C1,376.79695744334924,198.4
306.0,98,0.0,A0B0,159.2637796567886,-1.6
307.0,101,12.27775278809379,A0A1,1.6,184.44550223207804
307.0,102,0.0,B1B2,201.6,331.7905720419255
307.0,103,0.0,C1B1,215.70204637398513,201.6
307.0,104,0.0,C1B1,223.20312531232207,201.6
307.0,105,0.0,B1B0,198.4,8.201012581323113
307.0,107,13.872859294367881,C2C1,398.4,236.41840265288923
307.0,109,0.0,B1B0,198.4,15.702079853629073
307.0,110,0.0,B1C1,361.7949120595472,198.4
307.0,112,7.483364713774062,B0B1,201.6,16.293509003804996
307.0,113,0.0,B1B2,201.6,391.79895869649766
307.0,115,3.3580319606533275,B0A0,192.5719680393467,1.6
307.0,116,0.0,A1B1,191.79899809882832,198.4
307.0,118,13.271648440617978,A2A1,-1.6,313.65409656941574
307.0,120,12.271089325860554,B2A2,139.9637443118916,401.6
307.0,121,0.0,B1B2,201.6,361.79471763759176
307.0,122,0.0,B1C1,369.2959321729933,198.4
307.0,123,8.324784747961978,A0B0,137.0544096500363,-1.6
307.0,124,12.726924221697345,C0B0,280.285798965243,1.6
307.0,125,0.0,A1B1,184.2979734295262,198.4
307.0,126,2.7497921509208254,A0B0,185.6770110304879,-1.6
307.0,128,0.0,A0B0,166.76480808164732,-1.6
307.0,129,12.75592710161441,B1C1,321.089615492361,198.4
307.0,131,0.0,B1A1,8.201007542636233,201.6
307.0,132,12.673907488412215,B0B1,201.6,88.74482914528869
307.0,133,10.965993383238837,A1B1,30.343704857704555,198.4
307.0,134,0.0,B1B0,198.4,23.203090035875164
307.0,135,0.0,C1B1,208.20101882698862,201.6
307.0,136,0.0,B1C1,346.7927931987375,198.4
307.0,137,7.131078312547186,A2B2,191.89879925886635,398.4
307.0,138,1.3986888085166187,A0B0,150.7724774072658,-1.6
307.0,139,12.640908488552794,B2A2,85.90225621480363,401.6
307.0,140,15.102323324958764,B0A0,122.07877918511446,1.6
307.0,141,14.484749554352215,B1A1,97.20156944591255,201.6
307.0,142,0.0,B1B0,198.4,30.704140055583252
307.0,143,13.74022494887877,C0B0,338.80638319774454,1.6
307.0,144,6.63259042098484,B1A1,18.936903701550506,201.6
307.0,145,12.668177089452538,A0A1,1.6,163.10616696906268
307.0,146,12.303515573709504,B2B1,198.4,223.75929578209158
307.0,147,13.381833472957641,C0B0,366.0532292891402,1.6
307.0,148,12.400547613302292,B1A1,68.7453679987498,201.6
307.0,149,13.732915935531134,A0B0,93.62166546231049,-1.6
307.0,60,0.0,B1B2,201.6,376.79682627565774
307.0,61,0.0,B1B2,201.6,369.2958128202979
307.0,75,0.0,B1B2,201.6,384.29788990639054
307.0,76,0.0,B1B2,201.6,354.2936967459962
307.0,81,0.0,B1C1,391.7989875992861,198.4
307.0,82,0.6947841408245152,A0B0,174.9606338986169,-1.6
307.0,83,0.0,B1B2,201.6,346.7926940470128
307.0,85,0.0,B1C1,354.29389009196694,198.4
307.0,92,11.112617653180935,C0B0,256.26996195220784,1.6
307.0,93,0.0,B1B2,201.6,339.2915876363814
307.0,96,0.0,B1C1,384.2979801461514,198.4
307.0,97,0.0,B1C1,376.79695744334924,198.4
307.0,98,0.0,A0B0,159.2637796567886,-1.6
308.0,101,12.38789298465374,:A1_7,1.6,196.8333952167318
308.0,102,0.0,B1B2,201.6,331.7905720419255
308.0,103,0.0,C1B1,215.70204637398513,201.6
308.0,104,0.0,C1B1,223.20312531232207,201.6
308.0,105,0.0,B1B0,198.4,8.201012581323113
308.0,107,13.385571234119052,C2C1,398.4,223.03283141877017
308.0,109,0.0,B1B0,198.4,15.702079853629073
308.0,110,0.0,B1C1,361.7949120595472,198.4
308.0,112,9.34214912301395,B0B1,201.6,25.635658126818946
308.0,113,0.0,B1B2,201.6,391.79895869649766
308.0,115,5.22528322267551,B0A0,187.34668481667117,1.6
308.0,116,0.0,A1B1,191.79899809882832,198.4
308.0,118,13.367134754281402,A2A1,-1.6,300.2869618151343
308.0,120,12.010522333035656,B2A2,127.95322197885595,401.6
308.0,121,0.0,B1B2,201.6,361.79471763759176
308.0,122,0.0,B1C1,369.2959321729933,198.4
308.0,123,4.170441692429221,A0B0,141.2248513424655,-1.6
308.0,124,12.62395570499241,C0B0,267.6618432602505,1.6
308.0,125,0.0,A1B1,184.2979734295262,198.4
308.0,126,4.1271962874447965,A0B0,189.8042073179327,-1.6
308.0,128,0.43499281942180035,A0B0,167.19980090106912,-1.6
308.0,129,10.33693606079459,B1C1,331.4265515531556,198.4
308.0,131,0.0,B1A1,8.201007542636233,201.6
308.0,132,12.473079673098393,B0B1,201.6,101.2179088183871
308.0,133,13.312930310276151,A1B1,43.65663516798072,198.4
308.0,134,0.0,B1B0,198.4,23.203090035875164
308.0,135,0.0,C1B1,208.20101882698862,201.6
308.0,136,0.0,B1C1,346.7927931987375,198.4
308.0,137,5.433911441623651,:B2_6,197.00911350687346,396.9848108218776
308.0,138,0.6251539672996306,A0B0,151.39763137456544,-1.6
308.0,139,12.00314408910066,B2A2,73.89911212570296,401.6
308.0,140,15.100409566009388,B0A0,106.97836961910507,1.6
308.0,141,14.728272374923353,B1A1,82.47329707098918,201.6
308.0,142,0.0,B1B0,198.4,30.704140055583252
308.0,143,14.527874979140647,C0B0,324.2785082186039,1.6
308.0,144,2.345480066233505,B1A1,16.591423635317,201.6
308.0,145,12.343185401390135,A0A1,1.6,175.44935237045283
308.0,146,9.879417273527261,B2B1,198.4,213.87987850856433
308.0,147,13.0312221395716,C0B0,353.0220071495686,1.6
308.0,148,12.713357670191721,B1A1,56.03201032855807,201.6
308.0,149,13.712169997399547,A0B0,107.33383545971003,-1.6
308.0,60,0.0,B1B2,201.6,376.79682627565774
308.0,61,0.0,B1B2,201.6,369.2958128202979
308.0,75,0.0,B1B2,201.6,384.29788990639054
308.0,76,0.0,B1B2,201.6,354.2936967459962
308.0,81,0.0,B1C1,391.7989875992861,198.4
308.0,82,2.1047162857121515,A0B0,177.06535018432905,-1.6
308.0,83,0.0,B1B2,201.6,346.7926940470128
308.0,85,0.0,B1C1,354.29389009196694,198.4
308.0,92,10.782392356769272,C0B0,245.48756959543854,1.6
308.0,93,0.0,B1B2,201.6,339.2915876363814
308.0,96,0.0,B1C1,384.2979801461514,198.4
308.0,97,0.0,B1C1,376.79695744334924,198.4
308.0,98,0.0,A0B0,159.2637796567886,-1.6
309.0,101,13.002723262048244,A1A2,1.6,209.83611847878
309.0,102,0.0,B1B2,201.6,331.7905720419255
309.0,103,0.0,C1B1,215.70204637398513,201.6
309.0,104,0.0,C1B1,223.20312531232207,201.6
309.0,105,0.0,B1B0,198.4,8.201012581323113
309.0,107,13.442431936371067,C2C1,398.4,209.5903994823991
309.0,109,0.0,B1B0,198.4,15.702079853629073
309.0,110,0.0,B1C1,361.7949120595472,198.4
309.0,112,11.556739938561803,B0B1,201.6,37.19239806538076
309.0,113,0.0,B1B2,201.6,391.79895869649766
309.0,115,7.019287522097305,B0A0,180.32739729457387,1.6
309.0,116,0.0,A1B1,191.79899809882832,198.4
309.0,118,12.92703186724419,A2A1,-1.6,287.3599299478901
309.0,120,13.050338724177742,B2A2,114.9028832546782,401.6
309.0,121,0.0,B1B2,201.6,361.79471763759176
309.0,122,0.0,B1C1,369.2959321729933,198.4
309.0,123,2.216036962362704,A0B0,143.4408883048282,-1.6
309.0,124,11.069874741125727,C0B0,256.59196851912486,1.6
309.0,125,0.0,A1B1,184.2979734295262,198.4
309.0,126,4.876712956663594,:B0_7,194.65927833949578,-1.3343888086434597
309.0,128,1.649348908238688,A0B0,168.84914980930782,-1.6
309.0,129,5.83693606079459,B1C1,337.2634876139502,198.4
309.0,131,0.0,B1A1,8.201007542636233,201.6
309.0,132,13.130051293843419,B0B1,201.6,114.34796011223051
309.0,133,14.005748278966607,A1B1,57.66238344694733,198.4
309.0,134,0.0,B1B0,198.4,23.203090035875164
309.0,135,0.0,C1B1,208.20101882698862,201.6
309.0,136,0.0,B1C1,346.7927931987375,198.4
309.0,137,6.029201756029807,B2B1,198.4,391.2680875434802
309.0,138,0.2809564581822997,A0B0,151.67858783274772,-1.6
309.0,139,12.796216900684648,B2A2,61.1028952250183,401.6
309.0,140,14.308838503764912,B0A0,92.66953111534013,1.6
309.0,141,13.603162307644515,B1A1,68.87013476334467,201.6
309.0,142,0.0,B1B0,198.4,30.704140055583252
309.0,143,14.521361701326855,C0B0,309.7571465172771,1.6
309.0,144,0.5696840378547192,B1A1,16.021739597462272,201.6
309.0,145,11.319431680862785,A0A1,1.6,186.7687840513156
309.0,146,5.507246074904015,B2B1,198.4,208.37263243366033
309.0,147,13.528329558989771,C0B0,339.49367759057884,1.6
309.0,148,12.48501349606649,B1A1,43.54699683249157,201.6
309.0,149,12.392105945452379,A0B0,119.72594140516242,-1.6
309.0,60,0.0,B1B2,201.6,376.79682627565774
309.0,61,0.0,B1B2,201.6,369.2958128202979
309.0,75,0.0,B1B2,201.6,384.29788990639054
309.0,76,0.0,B1B2,201.6,354.2936967459962
309.0,81,0.0,B1C1,391.7989875992861,198.4
309.0,82,4.085155237790263,A0B0,181.15050542211932,-1.6
309.0,83,0.0,B1B2,201.6,346.7926940470128
309.0,85,0.0,B1C1,354.29389009196694,198.4
309.0,92,10.448174838317648,C0B0,235.0393947571209,1.6
309.0,93,0.0,B1B2,201.6,339.2915876363814
309.0,96,0.0,B1C1,384.2979801461514,198.4
309.0,97,0.0,B1C1,376.79695744334924,198.4
309.0,98,0.2229834554638764,A0B0,159.4867631122525,-1.6
310.0,101,12.672621831608854,A1A2,1.6,222.50874031038887
310.0,102,0.0,B1B2,201.6,331.7905720419255
310.0,103,0.0,C1B1,215.70204637398513,201.6
310.0,104,0.0,C1B1,223.20312531232207,201.6
310.0,105,0.0,B1B0,198.4,8.201012581323113
310.0,109,0.0,B1B0,198.4,15.702079853629073
310.0,110,0.0,B1C1,361.7949120595472,198.4
310.0,112,13.669369674706829,B0B1,201.6,50.861767740087586
310.0,113,0.0,B1B2,201.6,391.79895869649766
310.0,115,8.942667760287598,B0A0,171.38472953428627,1.6
310.0,116,0.0,A1B1,191.79899809882832,198.4
310.0,118,13.583148544575929,A2A1,-1.6,273.7767814033142
310.0,120,12.631321623890141,B2A2,102.27156163078806,401.6
310.0,121,0.0,B1B2,201.6,361.79471763759176
310.0,122,0.0,B1C1,369.2959321729933,198.4
310.0,123,0.5113850760907489,A0B0,143.95227338091897,-1.6
310.0,124,10.783719733905928,C0B0,245.8082487852189,1.6
310.0,125,0.0,A1B1,184.2979734295262,198.4
310.0,126,1.659964642608262,:B0_7,196.3001433703078,-1.0999795185274563
310.0,128,3.3421349296994673,A0B0,172.19128473900727,-1.6
310.0,129,1.578871501305186,B1C1,338.84235911525536,198.4
310.0,131,0.0,B1A1,8.201007542636233,201.6
310.0,132,12.843123330166556,B0B1,201.6,127.19108344239707
310.0,133,13.91770274463805,A1B1,71.58008619158538,198.4
310.0,134,0.0,B1B0,198.4,23.203090035875164
310.0,135,0.0,C1B1,208.20101882698862,201.6
310.0,136,0.0,B1C1,346.7927931987375,198.4
310.0,137,7.780244031137274,B2B1,198.4,383.4878435123429
310.0,138,0.22498607686205896,A0B0,151.90357390960978,-1.6
310.0,139,12.625195271629618,B2A2,48.47769995338868,401.6
310.0,140,15.42569812946391,B0A0,77.24383298587622,1.6
310.0,141,13.587131706442658,B1A1,55.283003056902004,201.6
310.0,142,0.0,B1B0,198.4,30.704140055583252
310.0,143,15.557259286634103,C0B0,294.19988723064296,1.6
310.0,144,0.22742224052560095,B1A1,15.79431735693666,201.6
310.0,145,6.819431680862785,:A1_6,1.7114879903943703,193.5804159327606
310.0,146,4.494677463426285,:B1_0,197.61386636441014,204.02311060735025
310.0,147,13.143368710268096,C0B0,326.3503088803107,1.6
310.0,148,10.119413136259515,B1A1,33.42758369623206,201.6
310.0,149,8.754952939579974,A0B0,128.4808943447424,-1.6
310.0,60,0.0,B1B2,201.6,376.79682627565774
310.0,61,0.0,B1B2,201.6,369.2958128202979
310.0,75,0.0,B1B2,201.6,384.29788990639054
310.0,76,0.0,B1B2,201.6,354.2936967459962
310.0,81,0.0,B1C1,391.7989875992861,198.4
310.0,82,4.828955612105189,A0B0,185.9794610342245,-1.6
310.0,83,0.0,B1B2,201.6,346.7926940470128
310.0,85,0.0,B1C1,354.29389009196694,198.4
310.0,92,10.296361470866106,C0B0,224.74303328625479,1.6
310.0,93,0.0,B1B2,201.6,339.2915876363814
310.0,96,0.0,B1C1,384.2979801461514,198.4
310.0,97,0.0,B1C1,376.79695744334924,198.4
310.0,98,1.8184510098140174,A0B0,161.30521412206653,-1.6
311.0,101,13.240306458514102,A1A2,1.6,235.74904676890296
311.0,102,0.0,B1B2,201.6,331.7905720419255
311.0,103,0.0,C1B1,215.70204637398513,201.6
311.0,104,0.0,C1B1,223.20312531232207,201.6
311.0,105,0.0,B1B0,198.4,8.201012581323113
311.0,109,0.0,B1B0,198.4,15.702079853629073
311.0,110,0.0,B1C1,361.7949120595472,198.4
311.0,112,15.206948131060193,B0B1,201.6,66.06871587114779
311.0,113,0.0,B1B2,201.6,391.79895869649766
311.0,115,11.532874594123289,B0A0,159.85185494016298,1.6
311.0,116,0.0,A1B1,191.79899809882832,198.4
311.0,118,13.53363407991445,A2A1,-1.6,260.24314732339974
311.0,120,12.356695479239749,B2A2,89.91486615154831,401.6
311.0,121,0.0,B1B2,201.6,361.79471763759176
311.0,122,0.0,B1C1,369.2959321729933,198.4
311.0,123,0.4440180329795181,A0B0,144.3962914138985,-1.6
311.0,124,10.09361851011837,C0B0,235.71463027510052,1.6
311.0,125,0.0,A1B1,184.2979734295262,198.4
311.0,126,0.3681402147758894,:B0_7,196.66216814290686,-1.04269911425588
311.0,128,4.3600975774428665,A0B0,176.55138231645014,-1.6
311.0,129,0.38281366184735066,B1C1,339.22517277710267,198.4
311.0,131,0.0,B1A1,8.201007542636233,201.6
311.0,132,12.720183308785774,B0B1,201.6,139.91126675118284
311.0,133,13.877420722057545,A1B1,85.45750691364293,198.4
311.0,134,0.0,B1B0,198.4,23.203090035875164
311.0,135,0.0,C1B1,208.20101882698862,201.6
311.0,136,0.0,B1C1,346.7927931987375,198.4
311.0,137,9.15704919347395,B2B1,198.4,374.330794318869
311.0,138,0.9960888372983489,A0B0,152.89966274690812,-1.6
311.0,139,12.19636844283972,B2A2,36.281331510548966,401.6
311.0,140,14.795783798167452,B0A0,62.44804918770876,1.6
311.0,141,11.418253975325996,B1A1,43.86474908157601,201.6
311.0,142,0.0,B1B0,198.4,30.704140055583252
311.0,143,14.635261527724975,C0B0,279.56462570291797,1.6
311.0,144,0.07898774603660028,B1A1,15.715329610900056,201.6
311.0,145,7.359256750278167,:A1_6,6.326205545419506,198.2751722207742
311.0,146,5.128768907832943,:B1_0,193.37345471890228,201.68192210270033
311.0,147,13.486500485583946,C0B0,312.8638083947268,1.6
311.0,148,6.600340753471874,B1A1,26.827242942760194,201.6
311.0,149,5.22278374395128,A0B0,133.70367808869366,-1.6
311.0,60,0.0,B1B2,201.6,376.79682627565774
311.0,61,0.0,B1B2,201.6,369.2958128202979
311.0,75,0.0,B1B2,201.6,384.29788990639054
311.0,76,0.0,B1B2,201.6,354.2936967459962
311.0,81,0.0,B1C1,391.7989875992861,198.4
311.0,82,1.7393984320100164,A0B0,187.7188594662345,-1.6
311.0,83,0.0,B1B2,201.6,346.7926940470128
311.0,85,0.0,B1C1,354.29389009196694,198.4
311.0,92,10.089975197671885,C0B0,214.6530580885829,1.6
311.0,93,0.0,B1B2,201.6,339.2915876363814
311.0,96,0.0,B1C1,384.2979801461514,198.4
311.0,97,0.0,B1C1,376.79695744334924,198.4
311.0,98,2.389948809172733,A0B0,163.69516293123925,-1.6
312.0,101,12.757572835994802,A1A2,1.6,248.50661960489776
312.0,102,0.0,B1B2,201.6,331.7905720419255
312.0,103,0.0,C1B1,215.70204637398513,201.6
312.0,104,0.0,C1B1,223.20312531232207,201.6
312.0,105,0.0,B1B0,198.4,8.201012581323113
312.0,109,0.0,B1B0,198.4,15.702079853629073
312.0,110,0.0,B1C1,361.7949120595472,198.4
312.0,112,14.80299307167806,B0B1,201.6,80.87170894282585
312.0,113,0.0,B1B2,201.6,391.79895869649766
312.0,115,11.57752393740408,B0A0,148.2743310027589,1.6
312.0,116,0.0,A1B1,191.79899809882832,198.4
312.0,118,13.009631742132738,A2A1,-1.6,247.23351558126703
312.0,120,12.288287110502312,B2A2,77.62657904104597,401.6
312.0,121,0.0,B1B2,201.6,361.79471763759176
312.0,122,0.0,B1C1,369.2959321729933,198.4
312.0,123,0.5409698250922608,A0B0,144.93726123899074,-1.6
312.0,124,10.447722215736608,C0B0,225.2669080593639,1.6
312.0,125,0.0,A1B1,184.2979734295262,198.4
312.0,126,0.04206356735834284,:B0_7,196.6981843215582,-1.0210894070650975
312.0,128,2.748730083334987,A0B0,179.30011239978512,-1.6
312.0,129,0.03847381824926302,B1C1,339.26364659535193,198.4
312.0,131,0.0,B1A1,8.201007542636233,201.6
312.0,132,12.267506847684263,B0B1,201.6,152.1787735988671
312.0,133,13.435774082799876,A1B1,98.89328099644281,198.4
312.0,134,0.0,B1B0,198.4,23.203090035875164
312.0,135,0.0,C1B1,208.20101882698862,201.6
312.0,136,0.0,B1C1,346.7927931987375,198.4
312.0,137,11.2947544291927,B2B1,198.4,363.03603988967626
312.0,138,2.7927612897167413,A0B0,155.69242403662486,-1.6
312.0,139,12.443395706350692,B2A2,23.83793580419828,401.6
312.0,140,14.825384697880565,B0A0,47.622664489828196,1.6
312.0,141,7.0441708470618885,B1A1,36.82057823451413,201.6
312.0,142,0.0,B1B0,198.4,30.704140055583252
312.0,143,14.497966557621435,C0B0,265.0666591452965,1.6
312.0,144,0.006834126987627405,B1A1,15.70849548391243,201.6
312.0,145,7.088440354101352,A1B1,13.405912836557892,198.4
312.0,146,5.361094868808084,B1A1,188.01809119359305,201.6
312.0,147,13.215750712568678,C0B0,299.6480576821581,1.6
312.0,148,3.1468344796983723,B1A1,23.68040846306181,201.6
312.0,149,2.183141077736524,A0B0,135.8868191664302,-1.6
312.0,60,0.0,B1B2,201.6,376.79682627565774
312.0,61,0.0,B1B2,201.6,369.2958128202979
312.0,75,0.0,B1B2,201.6,384.29788990639054
312.0,76,0.0,B1B2,201.6,354.2936967459962
312.0,81,0.0,B1C1,391.7989875992861,198.4
312.0,82,1.2807118394726587,A0B0,188.99957130570718,-1.6
312.0,83,0.0,B1B2,201.6,346.7926940470128
312.0,85,0.0,B1C1,354.29389009196694,198.4
312.0,92,7.189246017404798,C0B0,207.4638120711781,1.6
312.0,93,0.0,B1B2,201.6,339.2915876363814
312.0,96,0.0,B1C1,384.2979801461514,198.4
312.0,97,0.0,B1C1,376.79695744334924,198.4
312.0,98,4.708800550804707,A0B0,168.40396348204396,-1.6
313.0,101,13.109551929318265,A1A2,1.6,261.61617153421605
313.0,102,0.0,B1B2,201.6,331.7905720419255
313.0,103,0.0,C1B1,215.70204637398513,201.6
313.0,104,0.0,C1B1,223.20312531232207,201.6
313.0,105,0.0,B1B0,198.4,8.201012581323113
313.0,109,0.0,B1B0,198.4,15.702079853629073
313.0,110,0.0,B1C1,361.7949120595472,198.4
313.0,112,15.098799065982888,B0B1,201.6,95.97050800880874
313.0,113,0.0,B1B2,201.6,391.79895869649766
313.0,115,11.548261457054801,B0A0,136.7260695457041,1.6
313.0,116,0.0,A1B1,191.79899809882832,198.4
313.0,118,13.124590404346495,A2A1,-1.6,234.10892517692054
313.0,120,12.610821951521972,B2A2,65.01575708952402,401.6
313.0,121,0.0,B1B2,201.6,361.79471763759176
313.0,122,0.0,B1C1,369.2959321729933,198.4
313.0,123,2.798639779955638,A0B0,147.73590101894638,-1.6
313.0,124,8.00438070490057,C0B0,217.26252735446334,1.6
313.0,125,0.0,A1B1,184.2979734295262,198.4
313.0,126,0.011829131104433274,:B0_7,196.7083128038982,-1.015012317661089
313.0,128,1.8834398634514977,A0B0,181.1835522632366,-1.6
313.0,129,0.02474767197912615,B1C1,339.2883942673311,198.4
313.0,131,0.0,B1A1,8.201007542636233,201.6
313.0,132,12.732570168739176,B0B1,201.6,164.9113437676063
313.0,133,14.287683653754616,A1B1,113.18096465019744,198.4
313.0,134,0.0,B1B0,198.4,23.203090035875164
313.0,135,0.0,C1B1,208.20101882698862,201.6
313.0,136,0.0,B1C1,346.7927931987375,198.4
313.0,137,13.00413453854476,B2B1,198.4,350.0319053511315
313.0,138,3.8429578210793007,A0B0,159.53538185770415,-1.6
313.0,139,12.011091450057702,B2A2,11.826844354140576,401.6
313.0,140,15.41076717798502,B0A0,32.21189731184319,1.6
313.0,141,4.145347414372897,B1A1,32.67523082014122,201.6
313.0,142,0.0,B1B0,198.4,30.704140055583252
313.0,143,15.090219501053394,C0B0,249.97643964424316,1.6
313.0,144,0.004118336688440912,B1A1,15.704377147223994,201.6
313.0,145,9.679173038460307,A1B1,23.0850858750182,198.4
313.0,146,6.835476191384749,B1A1,181.18261500220828,201.6
313.0,147,13.66138213308788,C0B0,285.98667554907024,1.6
313.0,148,0.29980283836206667,B1A1,23.38060562469974,201.6
313.0,149,1.4444858592771952,A0B0,137.3313050257074,-1.6
313.0,60,0.0,B1B2,201.6,376.79682627565774
313.0,61,0.0,B1B2,201.6,369.2958128202979
313.0,75,0.0,B1B2,201.6,384.29788990639054
313.0,76,0.0,B1B2,201.6,354.2936967459962
313.0,81,0.0,B1C1,391.7989875992861,198.4
313.0,82,0.18823823168947673,A0B0,189.18780953739665,-1.6
313.0,83,0.0,B1B2,201.6,346.7926940470128
313.0,85,0.0,B1C1,354.29389009196694,198.4
313.0,92,4.784114636440262,:B0_3,202.99727142554352,3.0045476240941515
313.0,93,0.00010151133398298627,B1B2,201.6,339.2916891477154
313.0,96,0.0,B1C1,384.2979801461514,198.4
313.0,97,0.0,B1C1,376.79695744334924,198.4
313.0,98,2.7715920631420023,A0B0,171.17555554518597,-1.6
314.0,101,12.580115535933443,A1A2,1.6,274.1962870701495
314.0,102,0.0,B1B2,201.6,331.7905720419255
314.0,103,0.0,C1B1,215.70204637398513,201.6
314.0,104,0.0,C1B1,223.20312531232207,201.6
314.0,105,0.0,B1B0,198.4,8.201012581323113
314.0,109,0.0,B1B0,198.4,15.702079853629073
314.0,110,0.0,B1C1,361.7949120595472,198.4
314.0,112,14.107262285675818,B0B1,201.6,110.07777029448457
314.0,113,0.0,B1B2,201.6,391.79895869649766
314.0,115,11.680191635598355,B0A0,125.04587791010574,1.6
314.0,116,0.0,A1B1,191.79899809882832,198.4
314.0,118,13.520177726788356,A2A1,-1.6,220.5887474501322
314.0,120,12.61350128009584,B2A2,52.40225580942817,401.6
314.0,121,0.0,B1B2,201.6,361.79471763759176
314.0,122,0.0,B1C1,369.2959321729933,198.4
314.0,123,4.037072557920424,A0B0,151.7729735768668,-1.6
314.0,124,5.851726808594676,C0B0,211.41080054586868,1.6
314.0,125,0.0,A1B1,184.2979734295262,198.4
314.0,126,0.0054206405460399615,:B0_7,196.71295413059897,-1.0122275216406162
314.0,128,0.36863436880317135,A0B0,181.5521866320398,-1.6
314.0,129,0.0032597542758897864,B1C1,339.291654021607,198.4
314.0,131,0.0,B1A1,8.201007542636233,201.6
314.0,132,13.13156398626975,B0B1,201.6,178.04290775387605
314.0,133,14.224558130551562,A1B1,127.405522780749,198.4
314.0,134,0.0,B1B0,198.4,23.203090035875164
314.0,135,0.0,C1B1,208.20101882698862,201.6
314.0,136,0.0,B1C1,346.7927931987375,198.4
314.0,137,14.03304718351222,B2B1,198.4,335.9988581676193
314.0,138,3.7334763339483503,A0B0,163.2688581916525,-1.6
314.0,140,13.955473304972742,B0A0,18.256424006870446,1.6
314.0,141,1.4508913187826802,B1A1,31.224339501358543,201.6
314.0,142,0.0,B1B0,198.4,30.704140055583252
314.0,143,13.19258969825472,C0B0,236.78384994598844,1.6
314.0,144,0.0017554592878400643,B1A1,15.702621687936158,201.6
314.0,145,11.799744086505838,A1B1,34.88482996152405,198.4
314.0,146,8.700443675924124,B1A1,172.48217132628417,201.6
314.0,147,13.749198464320779,C0B0,272.2374770847494,1.6
314.0,148,0.12220738357110794,B1A1,23.258398241128646,201.6
314.0,149,2.1206814744412146,A0B0,139.45198650014862,-1.6
314.0,60,0.0,B1B2,201.6,376.79682627565774
314.0,61,0.0,B1B2,201.6,369.2958128202979
314.0,75,0.0,B1B2,201.6,384.29788990639054
314.0,76,0.0,B1B2,201.6,354.2936967459962
314.0,81,0.0,B1C1,391.7989875992861,198.4
314.0,82,0.06605942740139811,A0B0,189.25386896479804,-1.6
314.0,83,0.0,B1B2,201.6,346.7926940470128
314.0,85,0.0,B1C1,354.29389009196694,198.4
314.0,92,4.227356256457478,:B0_3,201.63993532390563,6.9204527326605785
314.0,93,0.0,B1B2,201.6,339.2916891477154
314.0,96,0.0,B1C1,384.2979801461514,198.4
314.0,97,0.0,B1C1,376.79695744334924,198.4
314.0,98,2.460747593959701,A0B0,173.63630313914567,-1.6
315.0,101,12.438512166248552,A1A2,1.6,286.63479923639807
315.0,102,0.0,B1B2,201.6,331.7905720419255
315.0,103,0.0,C1B1,215.70204637398513,201.6
315.0,104,0.0,C1B1,223.20312531232207,201.6
315.0,105,0.0,B1B0,198.4,8.201012581323113
315.0,109,0.0,B1B0,198.4,15.702079853629073
315.0,110,0.0,B1C1,361.7949120595472,198.4
315.0,112,14.81567054362312,B0B1,201.6,124.89344083810768
315.0,113,0.0,B1B2,201.6,391.79895869649766
315.0,115,12.005224534172491,B0A0,113.04065337593325,1.6
315.0,116,0.0,A1B1,191.79899809882832,198.4
315.0,118,12.882970994353204,A2A1,-1.6,207.705776455779
315.0,120,12.26081236290414,B2A2,40.14144344652402,401.6
315.0,121,0.0,B1B2,201.6,361.79471763759176
315.0,122,0.0,B1C1,369.2959321729933,198.4
315.0,123,3.8422749236221696,A0B0,155.61524850048897,-1.6
315.0,124,2.4705630982967524,C0B0,208.94023744757192,1.6
315.0,125,0.0,A1B1,184.2979734295262,198.4
315.0,126,0.00036085949060203246,:B0_7,196.7132631100959,-1.012042133942457
315.0,128,0.10253861082741489,A0B0,181.65472524286722,-1.6
315.0,129,0.00013317456606670017,B1C1,339.291787196173,198.4
315.0,131,0.0,B1A1,8.201007542636233,201.6
315.0,132,8.63156398626975,B0B1,201.6,186.6744717401458
315.0,133,14.015471837848859,A1B1,141.42099461859783,198.4
315.0,134,0.0,B1B0,198.4,23.203090035875164
315.0,135,0.0,C1B1,208.20101882698862,201.6
315.0,136,0.0,B1C1,346.7927931987375,198.4
315.0,137,12.923568199810083,B2B1,198.4,323.0752899678092
315.0,138,2.050202201741654,A0B0,165.31906039339415,-1.6
315.0,140,9.455473304972742,B0A0,8.800950701897705,1.6
315.0,141,0.2550324267573538,B1A1,30.969307074601176,201.6
315.0,142,0.0,B1B0,198.4,30.704140055583252
315.0,143,9.877359703621776,C0B0,226.90649024236666,1.6
315.0,144,0.0004992711005437709,B1A1,15.702122416835607,201.6
315.0,145,13.394066107252605,A1B1,48.27889606877665,198.4
315.0,146,10.764587534913824,B1A1,161.71758379137034,201.6
315.0,147,13.867812540678113,C0B0,258.36966454407127,1.6
315.0,148,0.03897133659170824,B1A1,23.21942690453693,201.6
315.0,149,3.393244966357857,A0B0,142.84523146650648,-1.6
315.0,60,0.0,B1B2,201.6,376.79682627565774
315.0,61,0.0,B1B2,201.6,369.2958128202979
315.0,75,0.0,B1B2,201.6,384.29788990639054
315.0,76,0.0,B1B2,201.6,354.2936967459962
315.0,81,0.0,B1C1,391.7989875992861,198.4
315.0,82,0.007719812690847202,A0B0,189.2615887774889,-1.6
315.0,83,0.0,B1B2,201.6,346.7926940470128
315.0,85,0.0,B1C1,354.29389009196694,198.4
315.0,92,4.344797921233312,B0B1,201.6,11.262456742952933
315.0,93,0.0,B1B2,201.6,339.2916891477154
315.0,96,0.0,B1C1,384.2979801461514,198.4
315.0,97,0.0,B1C1,376.79695744334924,198.4
315.0,98,0.2843195101324696,A0B0,173.92062264927813,-1.6
316.0,101,13.16679677798777,A1A2,1.6,299.80159601438584
316.0,102,0.0,B1B2,201.6,331.7905720419255
316.0,103,0.0,C1B1,215.70204637398513,201.6
316.0,104,0.0,C1B1,223.20312531232207,201.6
316.0,105,1.7315199259668588,:B0_1,198.5033255141934,6.476721400646197
316.0,109,0.0,B1B0,198.4,15.702079853629073
316.0,110,0.0,B1C1,361.7949120595472,198.4
316.0,112,15.101620262412318,B0B1,201.6,139.99506110052
316.0,113,2.1109537636861204,:B2_3,201.75698990092164,393.89892930645146
316.0,115,12.603509553197696,B0A0,100.43714382273555,1.6
316.0,116,2.110260960413143,:B1_14,193.89649588533453,198.5566422693335
316.0,120,12.241572136191131,B2A2,27.899871310332884,401.6
316.0,121,0.0,B1B2,201.6,361.79471763759176
316.0,122,0.0,B1C1,369.2959321729933,198.4
316.0,123,1.1150103757533416,A0B0,156.73025887624232,-1.6
316.0,124,0.6712503672493627,C0B0,208.26898708032255,1.6
316.0,125,0.0,A1B1,184.2979734295262,198.4
316.0,126,0.0002939468688385887,:B0_7,196.71351479685495,-1.0118911218870332
316.0,128,0.056718116977770384,A0B0,181.711443359845,-1.6
316.0,129,0.0,B1C1,339.291787196173,198.4
316.0,131,1.9549054652219637,:A1_3,6.255541387183756,201.73492265897374
316.0,132,4.13156398626975,B0B1,201.6,190.80603572641556
316.0,133,14.139301145907925,A1B1,155.56029576450575,198.4
316.0,134,0.0,B1B0,198.4,23.203090035875164
316.0,135,1.8777167491149158,:B1_6,206.33338939512456,201.4761984850178
316.0,136,0.0,B1C1,346.7927931987375,198.4
316.0,137,13.013235533263046,B2B1,198.4,310.0620544345462
316.0,138,0.6505053924023708,A0B0,165.96956578579653,-1.6
316.0,140,5.139792478307834,B0A0,3.661158223589865,1.6
316.0,141,0.17679901076043017,B1A1,30.792508063840756,201.6
316.0,142,0.0,B1B0,198.4,30.704140055583252
316.0,143,7.223285846926274,C0B0,219.68320439544038,1.6
316.0,144,0.0,B1A1,15.702122416835607,201.6
316.0,145,14.865838746874303,A1B1,63.14473481565096,198.4
316.0,146,11.313560704772593,B1A1,150.40402308659776,201.6
316.0,147,13.584850836980895,C0B0,244.7848137070904,1.6
316.0,148,0.015185887364091648,B1A1,23.204241017172848,201.6
316.0,149,4.212069297654292,A0B0,147.05730076416077,-1.6
316.0,60,0.0,B1B2,201.6,376.79682627565774
316.0,61,0.0,B1B2,201.6,369.2958128202979
316.0,75,0.0,B1B2,201.6,384.29788990639054
316.0,76,0.0,B1B2,201.6,354.2936967459962
316.0,81,2.145583342318423,:C1_7,393.93324482440147,198.56189211777163
316.0,82,0.005795213183012153,A0B0,189.2673839906719,-1.6
316.0,83,0.0,B1B2,201.6,346.7926940470128
316.0,85,0.0,B1C1,354.29389009196694,198.4
316.0,92,6.60304885127718,B0B1,201.6,17.865505594230115
316.0,93,0.0,B1B2,201.6,339.2916891477154
316.0,96,0.0,B1C1,384.2979801461514,198.4
316.0,97,0.0,B1C1,376.79695744334924,198.4
316.0,98,0.23307442793287017,A0B0,174.153697077211,-1.6
317.0,101,12.796031830025754,A1A2,1.6,312.5976278444116
317.0,102,0.00010885582716340612,B1B2,201.6,331.7906808977526
317.0,103,1.634189263086635,C1B1,214.0678571108985,201.6
317.0,104,0.0,C1B1,223.20312531232207,201.6
317.0,105,3.3380082786781715,:B0_1,199.04264284267913,3.1955952622014214
317.0,109,1.300767651924077,B1B0,198.4,14.401312201704997
317.0,110,0.0,B1C1,361.7949120595472,198.4
317.0,112,14.340647463237831,B0B1,201.6,154.33570856375783
317.0,113,3.971820859913714,:B2_3,203.48604589929894,397.2916275395794
317.0,115,12.382970513195657,B0A0,88.05417330953989,1.6
317.0,116,2.6259601343167565,:B1_14,196.49224162961522,198.927463089945
317.0,120,12.912259250312523,B2A2,14.987612060020354,401.6
317.0,121,0.0,B1B2,201.6,361.79471763759176
317.0,122,0.0,B1C1,369.2959321729933,198.4
317.0,123,1.0954825125379029,A0B0,157.82574138878022,-1.6
317.0,124,0.04357219528726845,C0B0,208.22541488503526,1.6
317.0,125,1.8770981413139414,A1B1,186.17507157084015,198.4
317.0,126,0.0,:B0_7,196.71351479685495,-1.0118911218870332
317.0,128,0.040406706082590865,A0B0,181.75185006592758,-1.6
317.0,129,0.0,B1C1,339.291787196173,198.4
317.0,131,3.5559459649724885,:A1_3,3.0044220221747815,202.99734678669512
317.0,132,0.6259691649597845,B0B1,201.6,191.43200489137536
317.0,133,10.680665011879091,A1B1,166.24096077638484,198.4
317.0,134,0.0,B1B0,198.4,23.203090035875164
317.0,135,4.195392186474055,:B1_18,202.34086701333135,200.44452020799883
317.0,136,0.0,B1C1,346.7927931987375,198.4
317.0,137,12.842909891067515,B2B1,198.4,297.21914454347865
317.0,138,0.43225679712346105,A0B0,166.40182258292,-1.6
317.0,140,3.0575192446146895,A0A1,1.6,3.2163610210248192
317.0,141,0.08308942053127075,B1A1,30.709418643309476,201.6
317.0,142,0.0,B1B0,198.4,30.704140055583252
317.0,143,3.766810194862085,C0B0,215.9163942005783,1.6
317.0,144,1.1052902540467964,B1A1,14.596832162788814,201.6
317.0,145,15.787622076490605,A1B1,78.93235689214157,198.4
317.0,146,12.068836014882892,B1A1,138.33518707171484,201.6
317.0,147,10.373198582023837,C0B0,234.41161512506656,1.6
317.0,148,0.0006413792227597116,B1A1,23.203599637950077,201.6
317.0,149,1.8857114621146258,A0B0,148.94301222627539,-1.6
317.0,60,0.0,B1B2,201.6,376.79682627565774
317.0,61,0.0,B1B2,201.6,369.2958128202979
317.0,75,1.4257744078266934,B1B2,201.6,385.7236643142172
317.0,76,0.0,B1B2,201.6,354.2936967459962
317.0,81,4.348928776825779,:C1_7,398.0265098292629,199.77590589755778
317.0,82,0.00039606452231502457,A0B0,189.2677800551942,-1.6
317.0,83,0.0,B1B2,201.6,346.7926940470128
317.0,85,0.0,B1C1,354.29389009196694,198.4
317.0,92,8.14851955709184,B0B1,201.6,26.014025151321952
317.0,93,0.0,B1B2,201.6,339.2916891477154
317.0,96,1.8889508509389819,B1C1,386.1869309970904,198.4
317.0,97,0.0,B1C1,376.79695744334924,198.4
317.0,98,0.04229725202513085,A0B0,174.19599432923613,-1.6
318.0,101,13.227087989038706,A1A2,1.6,325.8247158334503
318.0,102,0.0,B1B2,201.6,331.7906808977526
318.0,103,4.054832990591283,C1B1,210.01302412030722,201.6
318.0,104,1.5769049256513286,C1B1,221.62622038667075,201.6
318.0,105,5.615500080748462,:B0_1,202.82041023804197,-0.7322461428251897
318.0,109,3.5999929394445807,B1B0,198.4,10.80131926226042
318.0,110,0.0,B1C1,361.7949120595472,198.4
318.0,112,13.43533096311999,B0B1,201.6,167.77103952687781
318.0,113,5.302063159745335,B2C2,208.55379647984282,398.4
318.0,115,12.394046084491462,B0A0,75.6601272250484,1.6
318.0,116,0.22862769636997035,:B1_14,196.70910829449704,198.9854649766982
318.0,121,0.0,B1B2,201.6,361.79471763759176
318.0,122,0.0,B1C1,369.2959321729933,198.4
318.0,123,0.7204462658595397,A0B0,158.54618765463977,-1.6
318.0,124,0.014181847796274748,C0B0,208.211233037239,1.6
318.0,125,2.6093990404648415,A1B1,188.78447061130498,198.4
318.0,126,0.0,:B0_7,196.71351479685495,-1.0118911218870332
318.0,128,0.014518707110039393,A0B0,181.7663687730376,-1.6
318.0,129,0.0,B1C1,339.291787196173,198.4
318.0,131,5.289067803393118,A1A2,1.6,207.96891169095133
318.0,132,0.26316555746899234,B0B1,201.6,191.69517044884435
318.0,133,7.510430480368684,A1B1,173.75139125675352,198.4
318.0,134,0.854147917857019,B1B0,198.4,22.348942118018158
318.0,135,6.073951198835857,:B1_18,198.83181848507135,195.8227293954995
318.0,136,0.0,B1C1,346.7927931987375,198.4
318.0,137,13.833227183392713,B2B1,198.4,283.38591736008595
318.0,138,0.15611627043350146,A0B0,166.5579388533535,-1.6
318.0,140,5.6259498862574615,A0A1,1.6,8.842310907282283
318.0,141,0.004702741357823016,B1A1,30.70471590195166,201.6
318.0,142,0.0,B1B0,198.4,30.704140055583252
318.0,143,0.13153218159833677,C0B0,215.78486201897996,1.6
318.0,144,3.4746787455208885,B1A1,11.122153417267924,201.6
318.0,145,14.9084852637804,A1B1,93.84084215592198,198.4
318.0,146,11.991303034059003,B1A1,126.34388403765584,201.6
318.0,147,7.328832601159337,C0B0,227.0827825239072,1.6
318.0,148,0.7769807074571531,B1A1,22.426618930492936,201.6
318.0,149,1.1216211158048943,A0B0,150.06463334208027,-1.6
318.0,60,1.2080251376808384,B1B2,201.6,378.0048514133386
318.0,61,0.0,B1B2,201.6,369.2958128202979
318.0,75,3.9543491786088363,B1B2,201.6,389.67801349282604
318.0,76,0.0,B1B2,201.6,354.2936967459962
318.0,81,6.490975567977877,:C1_7,401.28804286942625,205.01630008598354
318.0,82,0.0001298826193933148,A0B0,189.2679099378136,-1.6
318.0,83,0.0,B1B2,201.6,346.7926940470128
318.0,85,0.0,B1C1,354.29389009196694,198.4
318.0,92,9.836065832508229,B0B1,201.6,35.85009098383019
318.0,93,0.0,B1B2,201.6,339.2916891477154
318.0,96,4.300039749949775,B1C1,390.48697074704023,198.4
318.0,97,1.2188796374019444,B1C1,378.01583708075117,198.4
318.0,98,0.029757374944109537,A0B0,174.22575170418023,-1.6
319.0,101,12.282629645228305,A1A2,1.6,338.10734547867855
319.0,102,0.0,B1B2,201.6,331.7906808977526
319.0,103,5.771303154165655,:B1_5,204.24172096614157,201.6
319.0,104,3.1157284004997154,C1B1,218.51049198617105,201.6
319.0,105,7.086322148749606,B0C0,209.78033785281997,-1.6
319.0,109,5.1553725482896064,:B0_0,198.1801892670344,5.66132486924066
319.0,110,0.0,B1C1,361.7949120595472,198.4
319.0,112,9.302733259917593,B0B1,201.6,177.07377278679542
319.0,113,6.815600626411065,B2C2,215.36939710625387,398.4
319.0,115,12.77945524745334,B0A0,62.880671977595085,1.6
319.0,116,0.003695833598074646,:B1_14,196.7122727860391,198.98736367162346
319.0,121,0.0,B1B2,201.6,361.79471763759176
319.0,122,0.8594608205715488,B1C1,370.1553929935648,198.4
319.0,123,0.4240854139062397,A0B0,158.970273068546,-1.6
319.0,124,0.009118590199974262,C0B0,208.20211444703904,1.6
319.0,125,0.27550811497296757,A1B1,189.05997872627796,198.4
319.0,126,0.0,:B0_7,196.71351479685495,-1.0118911218870332
319.0,128,0.00038919073507033845,A0B0,181.76675796377268,-1.6
319.0,129,0.0,B1C1,339.291787196173,198.4
319.0,131,7.324804101535119,A1A2,1.6,215.29371579248644
319.0,132,0.07839986069949315,B0B1,201.6,191.77357030954386
319.0,133,5.628600118900103,A1B1,179.37999137565362,198.4
319.0,134,2.856516982997393,B1B0,198.4,19.492425135020767
319.0,135,6.8927842912510044,B1B0,198.4,188.9611744013128
319.0,136,0.0,B1C1,346.7927931987375,198.4
319.0,137,13.620281765449302,B2B1,198.4,269.76563559463665
319.0,138,0.14847659426982193,A0B0,166.70641544762333,-1.6
319.0,140,6.946704293976239,A0A1,1.6,15.789015201258522
319.0,141,0.47685435771579576,B1A1,30.22786154423585,201.6
319.0,142,0.7857737554820099,B1B0,198.4,29.91836630010124
319.0,143,0.06584628324128068,C0B0,215.71901573573868,1.6
319.0,144,3.618572479772814,B1A1,7.503580937495116,201.6
319.0,145,14.615216662090914,A1B1,108.45605881801292,198.4
319.0,146,11.899147124194771,B1A1,114.44473691346107,201.6
319.0,147,2.8288326011593368,C0B0,224.25394992274786,1.6
319.0,148,3.206274338823607,B1A1,19.220344591669317,201.6
319.0,149,0.5506509969312593,A0B0,150.61528433901154,-1.6
319.0,60,2.6142165243590947,B1B2,201.6,380.6190679376977
319.0,61,1.0896735353024531,B1B2,201.6,370.38548635560034
319.0,75,2.305245470507294,B1B2,201.6,391.98325896333336
319.0,76,0.0,B1B2,201.6,354.2936967459962
319.0,81,7.753933936217986,C1C2,401.6,212.74840922262612
319.0,82,0.0,A0B0,189.2679099378136,-1.6
319.0,83,0.0,B1B2,201.6,346.7926940470128
319.0,85,0.0,B1C1,354.29389009196694,198.4
319.0,92,10.338418789991268,B0B1,201.6,46.18850977382146
319.0,93,0.0,B1B2,201.6,339.2916891477154
319.0,96,5.940371301502559,:C1_7,396.3914476363364,198.91306394804806
319.0,97,3.4150375653760716,B1C1,381.4308746461272,198.4
319.0,98,0.03732754537777563,A0B0,174.263079249558,-1.6
320.0,101,12.576727253393187,A1A2,1.6,350.68407273207174
320.0,102,0.0,B1B2,201.6,331.7906808977526
320.0,103,6.41902253999775,:B1_5,197.82269842614383,201.6
320.0,104,5.514894534010596,C1B1,212.99559745216044,201.6
320.0,105,9.462084894161674,B0C0,219.24242274698165,-1.6
320.0,109,5.990561133283847,:B0_0,194.27068692762228,1.8100981325174677
320.0,110,0.7505556091588649,B1C1,362.545467668706,198.4
320.0,112,5.2270764376421415,B0B1,201.6,182.30084922443757
320.0,113,8.18936023028396,B2C2,223.55875733653784,398.4
320.0,115,11.706617170480937,B0A0,51.174054807114146,1.6
320.0,116,0.0012365876066894117,:B1_14,196.71333159210235,198.9879989552614
320.0,121,0.6723236919030764,B1B2,201.6,362.4670413294948
320.0,122,2.3484326034197878,B1C1,372.5038255969846,198.4
320.0,123,0.18792409317457043,A0B0,159.15819716172055,-1.6
320.0,124,0.0009596713352092213,C0B0,208.20115477570383,1.6
320.0,125,0.14714766732691373,A1B1,189.20712639360488,198.4
320.0,126,2.323090712586418,:B0_11,198.7050838228191,0.18305029369145243
320.0,128,0.0001200074853361138,A0B0,181.76687797125803,-1.6
320.0,129,0.0,B1C1,339.291787196173,198.4
320.0,131,9.276219874364324,A1A2,1.6,224.56993566685077
320.0,132,0.02467451464756122,B0B1,201.6,191.7982448241914
320.0,133,1.4629773484699002,A1B1,180.84296872412352,198.4
320.0,134,5.136107566450347,B1B0,198.4,14.356317568570432
320.0,135,9.164435140068084,B1B0,198.4,179.79673926124474
320.0,136,0.0,B1C1,346.7927931987375,198.4
320.0,137,12.845898630169662,B2B1,198.4,256.919736964467
320.0,138,0.052950478934134515,A0B0,166.75936592655745,-1.6
320.0,140,9.037126397786363,A0A1,1.6,24.826141599044885
320.0,141,2.5675249044654023,B1A1,27.660336639770435,201.6
320.0,142,2.375679509049461,B1B0,198.4,27.54268679105178
320.0,143,0.010418780337829066,C0B0,215.70859695540085,1.6
320.0,144,4.579304857815117,:A1_3,3.2052096695299226,202.87687419828205
320.0,145,14.993225495548629,A1B1,123.44928431356153,198.4
320.0,146,12.059876209848792,B1A1,102.38486070361228,201.6
320.0,147,0.6989895192476474,C0B0,223.55496040350022,1.6
320.0,148,3.158045603391632,B1A1,16.06229898827769,201.6
320.0,149,0.838934096952068,A0B0,151.4542184359636,-1.6
320.0,60,3.192711794447546,B1B2,201.6,383.8117797321453
320.0,61,2.100643393574318,B1B2,201.6,372.48612974917467
320.0,75,2.605546967145279,:B2_11,200.48791466895656,394.1560426655217
320.0,76,0.0,B1B2,201.6,354.2936967459962
320.0,81,9.744965516054258,C1C2,401.6,222.4933747386804
320.0,82,0.0,A0B0,189.2679099378136,-1.6
320.0,83,0.0,B1B2,201.6,346.7926940470128
320.0,85,0.0,B1C1,354.29389009196694,198.4
320.0,92,10.417762330468834,B0B1,201.6,56.6062721042903
320.0,93,0.0,B1B2,201.6,339.2916891477154
320.0,96,7.126007705098763,:C1_7,401.11390816750645,203.7973571725452
320.0,97,4.832916486286951,B1C1,386.2637911324142,198.4
320.0,98,0.0020461737215577676,A0B0,174.26512542327956,-1.6
321.0,101,12.542913342741237,A1A2,1.6,363.226986074813
321.0,102,0.0,B1B2,201.6,331.7906808977526
321.0,103,7.786414818576813,B1A1,190.03628360756704,201.6
321.0,104,5.1994919910497375,C1B1,207.7961054611107,201.6
321.0,105,10.859092799341308,B0C0,230.10151554632296,-1.6
321.0,109,5.8367355269712435,B0A0,188.44865005371574,1.6
321.0,110,2.4264559947875033,B1C1,364.97192366349356,198.4
321.0,112,1.9609349813352854,B0B1,201.6,184.26178420577287
321.0,113,10.649678855164124,B2C2,234.208436191702,398.4
321.0,115,11.6675320241851,B0A0,39.50652278292904,1.6
321.0,116,0.00011720031785191746,:B1_14,196.71343194278228,198.98805916566937
321.0,121,1.8943564607413175,B1B2,201.6,364.36139779023614
321.0,122,4.431948432034842,B1C1,376.9357740290194,198.4
321.0,123,0.0967742093565184,A0B0,159.25497137107706,-1.6
321.0,124,0.0,C0B0,208.20115477570383,1.6
321.0,125,0.03345285818165071,A1B1,189.24057925178653,198.4
321.0,126,4.189515726757237,:B0_11,201.0742319268638,3.519623488046621
321.0,128,0.0,A0B0,181.76687797125803,-1.6
321.0,129,0.0,B1C1,339.291787196173,198.4
321.0,131,10.787984250113368,A1A2,1.6,235.35791991696414
321.0,132,0.0006357833850131186,B0B1,201.6,191.79888060757642
321.0,133,0.528022470570516,A1B1,181.37099119469403,198.4
321.0,134,5.634403558206586,B1B0,198.4,8.72191401036386
321.0,135,11.105770054088346,B1B0,198.4,168.69096920715637
321.0,136,0.0,B1C1,346.7927931987375,198.4
321.0,137,13.345001900454495,B2B1,198.4,243.5747350640125
321.0,138,0.002844326297688536,A0B0,166.76221025285514,-1.6
321.0,140,11.462804999763778,A0A1,1.6,36.28894659880867
321.0,141,3.0912265690839815,B1A1,24.569110070686463,201.6
321.0,142,4.473292364120663,B1B0,198.4,23.069394426931126
321.0,143,0.006388997313758767,C0B0,215.7022079580871,1.6
321.0,144,3.989321052452982,:A1_3,1.7081979149184408,206.44261459557092
321.0,145,15.647790769821674,A1B1,139.0970750833832,198.4
321.0,146,11.366821223173522,B1A1,91.01803948043874,201.6
321.0,147,0.23076238424979634,C0B0,223.32419801925042,1.6
321.0,148,4.619758340199446,B1A1,11.44254064807825,201.6
321.0,149,0.12448027246588936,A0B0,151.5786987084295,-1.6
321.0,60,2.588964743395552,B1B2,201.6,386.4007444755408
321.0,61,3.1448634061276994,B1B2,201.6,375.63099315530235
321.0,75,3.0524060144044833,B2B1,198.4,392.62878805511696
321.0,76,0.6226516414883555,B1B2,201.6,354.91634838748456
321.0,81,11.519920522533543,C1C2,401.6,234.01329526121393
321.0,82,1.5770341083407402,A0B0,190.84494404615435,-1.6
321.0,83,0.0,B1B2,201.6,346.7926940470128
321.0,85,0.4793084123389894,B1C1,354.7731985043059,198.4
321.0,92,11.002200974934825,B0B1,201.6,67.60847307922512
321.0,93,0.0,B1B2,201.6,339.2916891477154
321.0,96,6.923304462512769,C1C2,401.6,210.68665421615427
321.0,97,5.687854696578858,B1C1,391.95164582899304,198.4
321.0,98,0.0004981264861454915,A0B0,174.2656235497657,-1.6
322.0,101,12.419041155543097,A1A2,1.6,375.6460272303561
322.0,102,0.0,B1B2,201.6,331.7906808977526
322.0,103,9.544201015047074,B1A1,180.49208259251995,201.6
322.0,104,5.759722019469493,:B1_4,202.66623728597418,203.55627119004305
322.0,105,12.198341104900466,B0C0,242.29985665122342,-1.6
322.0,109,8.211926268330501,B0A0,180.23672378538524,1.6
322.0,110,3.7830954060133695,B1C1,368.75501906950694,198.4
322.0,112,0.03366869329070291,B0B1,201.6,184.29545289906358
322.0,113,13.093561403740345,B2C2,247.30199759544232,398.4
322.0,115,12.21336365509957,B0A0,27.293159127829455,1.6
322.0,116,0.0,:B1_14,196.71343194278228,198.98805916566937
322.0,121,3.0510663145493417,B1B2,201.6,367.4124641047855
322.0,122,5.383803788261212,B1C1,382.3195778172807,198.4
322.0,123,0.005544019888779996,A0B0,159.26051539096585,-1.6
322.0,124,0.0001432920768530197,C0B0,208.20101148362698,1.6
322.0,125,0.021117101433262436,A1B1,189.2616963532198,198.4
322.0,126,5.636845542886296,B0B1,201.6,9.11844525957865
322.0,128,0.9656134010671973,A0B0,182.73249137232523,-1.6
322.0,129,0.0,B1C1,339.291787196173,198.4
322.0,131,12.849268461740575,A1A2,1.6,248.20718837870473
322.0,132,0.00010295250386685799,B0B1,201.6,191.7989835600803
322.0,133,0.3584207169932881,A1B1,181.72941191168732,198.4
322.0,134,5.5555729496882025,:B0_0,197.2476867059788,3.4128111766313127
322.0,135,12.549696615619025,B1B0,198.4,156.14127259153736
322.0,136,0.331648006051287,B1C1,347.1244412047888,198.4
322.0,137,13.784560346372867,B2B1,198.4,229.79017471763962
322.0,138,0.002186387276517655,A0B0,166.76439664013165,-1.6
322.0,140,13.681514180081596,A0A1,1.6,49.97046077889026
322.0,141,4.597027168755854,B1A1,19.972082901930605,201.6
322.0,142,5.55633337553872,B1B0,198.4,17.513061051392413
322.0,143,0.0,C0B0,215.7022079580871,1.6
322.0,144,3.7933927129325125,A1A2,1.6,210.22843768570547
322.0,145,14.383599211242487,A1B1,153.4806742946257,198.4
322.0,146,11.732111384512157,B1A1,79.2859280959266,201.6
322.0,147,0.08009570174269214,C0B0,223.24410231750772,1.6
322.0,148,3.3080434595576436,B1A1,8.134497188520612,201.6
322.0,149,0.13441202093471188,A0B0,151.71311072936422,-1.6
322.0,60,3.699533454114782,B1B2,201.6,390.1002779296556
322.0,61,2.1788659637516665,B1B2,201.6,377.80985911905407
322.0,75,4.86472532727778,B2B1,198.4,387.76406272783913
322.0,76,1.031779535940955,B1B2,201.6,355.94812792342555
322.0,81,13.700223261637442,C1C2,401.6,247.71351852285136
322.0,83,0.5453543180499578,B1B2,201.6,347.3380483650627
322.0,85,2.5367970960464494,B1C1,357.3099956003524,198.4
322.0,92,10.34017483004471,B0B1,201.6,77.94864790926982
322.0,93,0.0,B1B2,201.6,339.2916891477154
322.0,96,8.31891613496542,C1C2,401.6,219.00557035111967
322.0,97,5.668050919192432,:C1_6,397.1567897277963,196.73868378700618
322.0,98,0.00023024254715798244,A0B0,174.26585379231287,-1.6
323.0,101,13.043343603805557,A1A2,1.6,388.68937083416165
323.0,102,0.0,B1B2,201.6,331.7906808977526
323.0,103,11.949585067149528,B1A1,168.5424975253704,201.6
323.0,104,5.7746269568271344,B1B2,201.6,209.1082435151859
323.0,105,13.937151288730094,B0C0,256.2370079399535,-1.6
323.0,109,10.716135292277396,B0A0,169.52058849310782,1.6
323.0,110,4.84571071007821,B1C1,373.6007297795851,198.4
323.0,112,0.0024508977350593242,B0B1,201.6,184.29790379679864
323.0,113,13.528982143921999,B2C2,260.83097973936435,398.4
323.0,115,11.761150462216884,B0A0,15.53200866561258,1.6
323.0,116,0.0001034885492048063,:B1_14,196.7135205530051,198.98811233180305
323.0,121,2.3849847609365717,B1B2,201.6,369.797448865722
323.0,122,6.597359362156722,B1C1,388.91693717943735,198.4
323.0,123,0.002409591717858313,A0B0,159.2629249826837,-1.6
323.0,124,0.0,C0B0,208.20101148362698,1.6
323.0,125,0.006105944786983133,A1B1,189.26780229800679,198.4
323.0,126,7.60644884768408,B0B1,201.6,16.72489410726273
323.0,128,3.4376428165852424,A0B0,186.17013418891048,-1.6
323.0,129,0.32326256889083355,B1C1,339.6150497650639,198.4
323.0,131,13.887281206245616,A1A2,1.6,262.09446958495033
323.0,132,0.0,B0B1,201.6,191.7989835600803
323.0,133,0.023520189288438773,A1B1,181.75293210097576,198.4
323.0,134,7.589357272762097,B0A0,190.20698378791357,1.6
323.0,135,14.050515320341766,B1B0,198.4,142.09075727119557
323.0,136,2.0962705503400563,B1C1,349.2207117551289,198.4
323.0,137,11.38376874553445,B2B1,198.4,218.40640597210518
323.0,138,0.00045544675366392546,A0B0,166.76485208688533,-1.6
323.0,140,14.739871193286001,A0A1,1.6,64.71033197217626
323.0,141,3.1585865988621364,B1A1,16.81349630306846,201.6
323.0,142,5.560444576404407,B1B0,198.4,11.952616474987991
323.0,143,0.00017624911817682213,C0B0,215.70203170896892,1.6
323.0,144,5.8741163454786545,A1A2,1.6,216.10255403118413
323.0,145,10.484222198997056,A1B1,163.96489649362275,198.4
323.0,146,11.103570333125301,B1A1,68.18235776280129,201.6
323.0,147,0.03827638382751514,C0B0,223.20582593368022,1.6
323.0,148,2.97305568143975,:A1_11,5.732227423491313,200.26445484698263
323.0,149,0.036314497148171754,A0B0,151.7494252265124,-1.6
323.0,61,4.119854195041218,B1B2,201.6,381.92971331409524
323.0,75,6.886202896195687,B2B1,198.4,380.8778598316435
323.0,76,2.4734552140227652,B1B2,201.6,358.4215831374483
323.0,81,13.847363509990103,C1C2,401.6,261.5608820328415
323.0,83,0.5822771429808788,B1B2,201.6,347.9203255080436
323.0,85,3.5127036206133644,B1C1,360.8226992209658,198.4
323.0,92,11.291649744069293,B0B1,201.6,89.24029765333911
323.0,93,0.36478355485778485,B1B2,201.6,339.6564727025732
323.0,96,10.464606929231248,C1C2,401.6,229.47017728035092
323.0,97,4.774693720437176,C1C0,398.4,192.23560953137735
323.0,98,0.5991881556712794,A0B0,174.86504194798414,-1.6
324.0,102,0.3605437764085501,B1B2,201.6,332.1512246741612
324.0,103,12.099497050913424,B1A1,156.443000474457,201.6
324.0,104,7.182035355263516,B1B2,201.6,216.2902788704494
324.0,105,14.39283561388559,B0C0,270.6298435538391,-1.6
324.0,109,13.032808495253049,B0A0,156.48777999785477,1.6
324.0,110,7.031711171875368,B1C1,380.63244095146047,198.4
324.0,112,0.0,B0B1,201.6,184.29790379679864
324.0,113,12.774914012409969,B2C2,273.6058937517743,398.4
324.0,115,8.19210799348013,B0A0,7.339900672132444,1.6
324.0,116,1.8068709818726278,:B1_22,198.26251322006823,199.91750793204093
324.0,121,4.239876332447226,B1B2,201.6,374.03732519816924
324.0,122,4.536679421087822,:C1_6,393.4471487286316,198.30755018162407
324.0,123,0.0004831366908245527,A0B0,159.26340811937453,-1.6
324.0,124,0.0,C0B0,208.20101148362698,1.6
324.0,125,0.00015118432119514232,A1B1,189.26795348232798,198.4
324.0,126,9.657608550740408,B0B1,201.6,26.38250265800314
324.0,128,3.9328693721445793,A0B0,190.10300356105506,-1.6
324.0,129,2.0583127369846124,B1C1,341.67336250204846,198.4
324.0,131,14.127656402946531,A1A2,1.6,276.2221259878969
324.0,132,0.0,B0B1,201.6,191.7989835600803
324.0,133,0.009203270309047728,A1B1,181.7621353712848,198.4
324.0,134,9.073452121292464,B0A0,181.1335316666211,1.6
324.0,135,13.671058719888062,B1B0,198.4,128.41969855130753
324.0,136,3.531279095512632,B1C1,352.7519908506415,198.4
324.0,137,6.919952626292928,B2B1,198.4,211.48645334581224
324.0,138,0.5931620096309931,A0B0,167.3580140965163,-1.6
324.0,140,14.820916194286168,A0A1,1.6,79.53124816646243
324.0,141,3.8174687842071693,B1A1,12.996027518861297,201.6
324.0,142,6.79250645451136,:B0_1,198.68852917438497,5.180295779305193
324.0,143,0.0,C0B0,215.70203170896892,1.6
324.0,144,7.5333014224259784,A1A2,1.6,223.6358554536101
324.0,145,6.627797059920695,A1B1,170.59269355354346,198.4
324.0,146,12.303227618944131,B1A1,55.87913014385717,201.6
324.0,147,0.0018675994477297606,C0B0,223.20395833423248,1.6
324.0,148,2.4163867155021803,:A1_11,7.021004050203821,198.51933063319746
324.0,149,0.007315953721233608,A0B0,151.75674118023363,-1.6
324.0,61,5.870138797743814,B1B2,201.6,387.7998521118391
324.0,75,9.088868351672067,B2B1,198.4,371.7889914799714
324.0,76,3.086385934899311,B1B2,201.6,361.5079690723476
324.0,81,13.632252726548181,C1C2,401.6,275.19313475938964
324.0,83,2.0794356448500357,B1B2,201.6,349.99976115289365
324.0,85,4.30251263951949,B1C1,365.12521186048525,198.4
324.0,92,11.075913956124426,B0B1,201.6,100.31621160946354
324.0,93,0.7440513894004583,B1B2,201.6,340.4005240919736
324.0,96,13.04046634622924,C1C2,401.6,242.5106436265802
324.0,97,6.7243250688058875,C1C0,398.4,185.51128446257144
324.0,98,2.382837346861768,A0B0,177.24787929484592,-1.6
325.0,102,0.6527908879207338,B1B2,201.6,332.8040155620819
325.0,103,12.684549325476773,B1A1,143.7584511489802,201.6
325.0,104,8.935305977489927,B1B2,201.6,225.22558484793933
325.0,105,13.797321024011515,B0C0,284.4271645778506,-1.6
325.0,109,12.97456861671196,B0A0,143.5132113811428,1.6
325.0,110,4.074705342007428,B1C1,384.70714629346793,198.4
325.0,112,0.0,B0B1,201.6,184.29790379679864
325.0,113,12.90668483728379,B2C2,286.5125785890581,398.4
325.0,115,4.064946644286931,B0A0,3.2749540278455243,1.6
325.0,116,3.3877796206470454,:B1_22,200.46019745587645,202.36699575979404
325.0,121,4.847149459496845,B1B2,201.6,378.88447465766615
325.0,122,6.403645637259946,:C1_6,398.1209690701344,194.7532165090592
325.0,123,0.45673478579917315,A0B0,159.7201429051737,-1.6
325.0,124,0.0,C0B0,208.20101148362698,1.6
325.0,125,2.006149329250645,A1B1,191.27410281157862,198.4
325.0,126,10.967955892509782,B0B1,201.6,37.350458550512926
325.0,128,1.6217994723102258,A0B0,191.72480303336528,-1.6
325.0,129,2.891372886474618,B1C1,344.5647353885231,198.4
325.0,131,14.327695252997882,A1A2,1.6,290.54982124089474
325.0,132,0.0,B0B1,201.6,191.7989835600803
325.0,133,0.004613177732383787,A1B1,181.7667485490172,198.4
325.0,134,10.39545505367521,B0A0,170.7380766129459,1.6
325.0,135,13.937170108434477,B1B0,198.4,114.48252844287305
325.0,136,4.391980201886354,B1C1,357.1439710525279,198.4
325.0,137,2.419952626292928,B2B1,198.4,209.0665007195193
325.0,138,2.2798436420377293,A0B0,169.63785773855403,-1.6
325.0,140,15.043963463398597,A0A1,1.6,94.57521162986103
325.0,141,1.4527280959930968,B1A1,11.543299422868188,201.6
325.0,142,6.386646890313179,:B0_1,201.74196221114735,-0.0851773266884146
325.0,143,0.0,C0B0,215.70203170896892,1.6
325.0,144,9.98842502674783,A1A2,1.6,233.62428048035795
325.0,145,2.819461522618757,A1B1,173.4121550761622,198.4
325.0,146,12.008658997367368,B1A1,43.87047114648979,201.6
325.0,147,0.0007540514655570807,C0B0,223.20320428276693,1.6
325.0,148,3.5063435107867047,A1B1,10.491288719208008,198.4
325.0,149,0.0033397246749350675,A0B0,151.76008090490856,-1.6
325.0,75,11.673030362250506,B2B1,198.4,360.1159611177209
325.0,76,3.6337804797856723,B1B2,201.6,365.1417495521333
325.0,81,13.228541684320957,C1C2,401.6,288.4216764437106
325.0,83,3.0150077360744874,B1B2,201.6,353.01476888896815
325.0,85,5.61618433270204,B1C1,370.74139619318726,198.4
325.0,92,10.303954525400043,B0B1,201.6,110.6201661348636
325.0,93,2.090031626238968,B1B2,201.6,342.4905557182126
325.0,96,13.158333202330455,C1C2,401.6,255.66897682891064
325.0,97,8.591289791696294,C1C0,398.4,176.91999467087516
325.0,98,4.121125874003427,A0B0,181.36900516884936,-1.6
326.0,102,1.525003926216443,B1B2,201.6,334.32901948829834
326.0,103,13.216934335632622,B1A1,130.54151681334758,201.6
326.0,104,10.52939850577911,B1B2,201.6,235.75498335371844
326.0,105,13.819089516029388,B0C0,298.24625409388,-1.6
326.0,109,12.484115770292894,B0A0,131.02909561084994,1.6
326.0,110,6.396847229278274,B1C1,391.10399352274624,198.4
326.0,112,0.0,B0B1,201.6,184.29790379679864
326.0,113,13.829088226219861,B2C2,300.34166681527796,398.4
326.0,115,3.172403339193389,A0A1,1.6,3.7174493113478446
326.0,116,5.6023200300136455,B1B2,201.6,207.7659706325333
326.0,121,7.366554201688391,B1B2,201.6,386.2510288593545
326.0,122,6.14415595946008,C1C0,398.4,188.6285818027548
326.0,123,2.049836741443282,A0B0,161.76997964661697,-1.6
326.0,124,0.0,C0B0,208.20101148362698,1.6
326.0,125,1.9796605825482265,:B1_12,193.24927317233497,198.33581811823788
326.0,126,13.445933978981339,B0B1,201.6,50.79639252949427
326.0,128,0.06407558164366522,A0B0,191.78887861500894,-1.6
326.0,129,3.6600625192375604,B1C1,348.22479790776066,198.4
326.0,131,13.727122223209673,A1A2,1.6,304.2769434641044
326.0,132,0.0,B0B1,201.6,191.7989835600803
326.0,133,1.6742069133263413,A1B1,183.44095546234354,198.4
326.0,134,12.12417433789767,B0A0,158.61390227504822,1.6
326.0,135,13.789443557433517,B1B0,198.4,100.69308488543953
326.0,136,5.483283479733745,B1C1,362.62725453226165,198.4
326.0,137,0.8287456753099098,B2B1,198.4,208.2377550442094
326.0,138,4.2221113454030945,A0B0,173.85996908395714,-1.6
326.0,140,14.890475993141502,A0A1,1.6,109.46568762300255
326.0,141,2.8971835145658584,B1A1,8.646115908302335,201.6
326.0,142,7.122406433661282,B0C0,208.5589433034978,-1.6
326.0,143,0.0,C0B0,215.70203170896892,1.6
326.0,144,9.441285683661789,A1A2,1.6,243.06556616401974
326.0,145,0.6485870486888216,A1B1,174.06074212485103,198.4
326.0,146,11.526591949702473,B1A1,32.34387919678733,201.6
326.0,147,0.0001696295496182386,C0B0,223.20303465321732,1.6
326.0,148,5.133133554195687,A1B1,15.624422273403695,198.4
326.0,149,0.41118524338496576,A0B0,152.17126614829354,-1.6
326.0,75,12.953692899840943,B2B1,198.4,347.16226821787996
326.0,76,5.028211102407503,B1B2,201.6,370.1699606545408
326.0,81,12.75924443139957,C1C2,401.6,301.1809208751102
326.0,83,3.8445643535375913,B1B2,201.6,356.8593332425057
326.0,85,5.210378860928841,B1C1,375.95177505411607,198.4
326.0,92,11.237666437114678,B0B1,201.6,121.85783257197826
326.0,93,2.872089481105029,B1B2,201.6,345.3626451993176
326.0,96,13.013499707887009,C1C2,401.6,268.68247653679765
326.0,97,10.529475458221098,C1C0,398.4,166.39051921265406
326.0,98,1.8043281343967001,A0B0,183.17333330324607,-1.6
327.0,102,3.0593722601040234,B1B2,201.6,337.38839174840234
327.0,103,12.049613014776632,B1A1,118.49190379857096,201.6
327.0,104,11.742068203881667,B1B2,201.6,247.49705155760012
327.0,105,14.834284814177707,B0C0,313.08053890805775,-1.6
327.0,109,12.991304916000418,B0A0,118.03779069484949,1.6
327.0,112,0.0,B0B1,201.6,184.29790379679864
327.0,113,13.914462219321392,B2C2,314.2561290345994,398.4
327.0,115,5.123352679367363,A0A1,1.6,8.840801990715208
327.0,116,7.266961279985109,B1B2,201.6,215.03293191251842
327.0,121,6.621885388266823,:B2_3,201.6103132462428,392.87219272369975
327.0,122,8.451915200078988,C1C0,398.4,180.17666660267582
327.0,123,3.288961023635399,A0B0,165.05894067025238,-1.6
327.0,124,0.0,C0B0,208.20101148362698,1.6
327.0,125,3.9182860307686367,:B1_12,196.8774017013504,197.07355897918976
327.0,126,13.490758254522078,B0B1,201.6,64.28715078401635
327.0,128,0.0055477855772069476,A0B0,191.79442640058616,-1.6
327.0,129,5.159271038829791,B1C1,353.38406894659045,198.4
327.0,131,14.233418128332206,A1A2,1.6,318.51036159243665
327.0,132,0.0,B0B1,201.6,191.7989835600803
327.0,133,1.6425390046421662,A1B1,185.0834944669857,198.4
327.0,134,14.262596813897266,B0A0,144.35130546115096,1.6
327.0,135,13.709979435059907,B1B0,198.4,86.98310545037961
327.0,136,4.398934215541094,B1C1,367.02618874780273,198.4
327.0,137,0.021754068902380477,B2B1,198.4,208.21600097530703
327.0,138,1.3115981009225164,A0B0,175.17156718487965,-1.6
327.0,140,14.177101924087822,A0A1,1.6,123.64278954709039
327.0,141,5.270126359320875,:A1_3,3.5926114185118108,202.64443314889292
327.0,142,8.591496661467291,B0C0,217.1504399649651,-1.6
327.0,143,0.0,C0B0,215.70203170896892,1.6
327.0,144,9.593078835429713,A1A2,1.6,252.65864499944945
327.0,145,1.291953760894537,A1B1,175.35269588574556,198.4
327.0,146,9.706001788004956,B1A1,22.637877408782373,201.6
327.0,147,0.0,C0B0,223.20303465321732,1.6
327.0,148,6.518213119420857,A1B1,22.142635392824555,198.4
327.0,149,1.591102771438769,A0B0,153.7623689197323,-1.6
327.0,75,13.48188515469531,B2B1,198.4,333.68038306318465
327.0,76,7.036871015635397,B1B2,201.6,377.2068316701762
327.0,81,13.192461332173847,C1C2,401.6,314.37338220728407
327.0,83,4.29593861830189,B1B2,201.6,361.1552718608076
327.0,85,6.163112491087048,B1C1,382.11488754520315,198.4
327.0,92,11.225785906348467,B0B1,201.6,133.08361847832674
327.0,93,3.608544116446574,B1B2,201.6,348.97118931576415
327.0,96,12.882086722618029,C1C2,401.6,281.56456325941565
327.0,97,12.083893700180427,C1C0,398.4,154.30662551247363
327.0,98,0.9358626525659293,A0B0,184.109195955812,-1.6
328.0,102,3.317117582776426,B1B2,201.6,340.7055093311788
328.0,103,12.116262265812047,B1A1,106.3756415327589,201.6
328.0,104,12.32232257080572,B1B2,201.6,259.81937412840585
328.0,105,13.726921598250673,B0C0,326.8074605063084,-1.6
328.0,109,12.695021263250574,B0A0,105.34276943159891,1.6
328.0,112,0.0,B0B1,201.6,184.29790379679864
328.0,113,12.951833825421742,B2C2,327.2079628600211,398.4
328.0,115,7.109130832938662,A0A1,1.6,15.949932823653874
328.0,116,8.915528291960792,B1B2,201.6,223.9484602044792
328.0,121,6.480773277340053,:B2_3,204.74843383355147,398.04906030013086
328.0,122,10.345544428728648,C1C0,398.4,169.83112217394716
328.0,123,1.6994724576106697,A0B0,166.75841312786307,-1.6
328.0,124,0.0,C0B0,208.20101148362698,1.6
328.0,125,6.169323902047459,B1B0,198.4,191.28862667305708
328.0,126,13.899611545078077,B0B1,201.6,78.18676232909444
328.0,128,0.003760436149945951,A0B0,191.7981868367361,-1.6
328.0,129,4.55485190179022,B1C1,357.9389208483807,198.4
328.0,131,13.985288177961566,A1A2,1.6,332.49564977039824
328.0,132,0.0,B0B1,201.6,191.7989835600803
328.0,133,3.909501277409144,A1B1,188.99299574439485,198.4
328.0,134,13.640539666495373,B0A0,130.71076579465557,1.6
328.0,135,13.690649381749065,B1B0,198.4,73.29245606863054
328.0,136,6.232153508011399,B1C1,373.2583422558141,198.4
328.0,137,0.012552001863144572,B2B1,198.4,208.20344897344387
328.0,138,1.2839228551695285,A0B0,176.45549004004917,-1.6
328.0,140,15.047588329276971,A0A1,1.6,138.69037787636734
328.0,141,7.5245263020253095,A1A2,1.6,209.51853675304383
328.0,142,10.453585303899645,B0C0,227.60402526886475,-1.6
328.0,143,0.0,C0B0,215.70203170896892,1.6
328.0,144,8.948321821661755,A1A2,1.6,261.6069668211112
328.0,145,1.8994807030470828,A1B1,177.25217658879265,198.4
328.0,146,7.436085329349041,B1A1,15.201792079433318,201.6
328.0,147,0.0,C0B0,223.20303465321732,1.6
328.0,148,8.5827356148443,A1B1,30.725371007668855,198.4
328.0,149,2.8917960012343817,A0B0,156.65416492096668,-1.6
328.0,75,13.223894987614885,B2B1,198.4,320.4564880755697
328.0,76,6.854242276765001,B1B2,201.6,384.0610739469412
328.0,81,12.887421347278,C1C2,401.6,327.260803554562
328.0,83,6.542060182064317,B1B2,201.6,367.69733204287195
328.0,85,8.268154867921947,B1C1,390.38304241312505,198.4
328.0,92,10.331678465070292,B0B1,201.6,143.415296943397
328.0,93,4.52911355831079,B1B2,201.6,353.500302874075
328.0,96,13.394499192778081,C1C2,401.6,294.95906245219373
328.0,97,12.186845972206296,C1C0,398.4,142.11977954026733
328.0,98,0.1205555407977456,A0B0,184.22975149660974,-1.6
329.0,102,3.8373563581996204,B1B2,201.6,344.54286568937846
329.0,103,12.171196492929385,B1A1,94.20444503982952,201.6
329.0,104,12.082190467178174,B1B2,201.6,271.90156459558403
329.0,105,14.609299271773242,B0C0,341.41675977808165,-1.6
329.0,109,12.5806921354462,B0A0,92.76207729615271,1.6
329.0,112,0.0,B0B1,201.6,184.29790379679864
329.0,113,12.837987257356977,B2C2,340.0459501173781,398.4
329.0,115,8.978840136122143,A0A1,1.6,24.928772959776015
329.0,116,10.70515703017226,B1B2,201.6,234.65361723465148
329.0,121,6.940946443324505,B2C2,211.66463396828587,398.4
329.0,122,12.807051742706575,C1C0,398.4,157.0240704312406
329.0,123,1.8356391372672243,A0B0,168.5940522651303,-1.6
329.0,124,0.0,C0B0,208.20101148362698,1.6
329.0,125,8.249039581377279,B1B0,198.4,183.0395870916798
329.0,126,13.215183514290109,B0B1,201.6,91.40194584338454
329.0,128,0.0004824196438413828,A0B0,191.79866925637995,-1.6
329.0,129,6.01462518331056,B1C1,363.9535460316912,198.4
329.0,131,13.944771851827472,A1A2,1.6,346.4404216222257
329.0,132,0.0,B0B1,201.6,191.7989835600803
329.0,133,5.8989949250106015,:B1_14,194.86792015088875,198.69541716441267
329.0,134,14.171504792248072,B0A0,116.53926100240751,1.6
329.0,135,13.646948209338554,B1B0,198.4,59.645507859291996
329.0,136,7.869802974201885,B1C1,381.128145230016,198.4
329.0,137,0.0015445409636187222,B2B1,198.4,208.20190443248026
329.0,138,0.14335446318954626,A0B0,176.59884450323872,-1.6
329.0,140,14.956548558877751,A0A1,1.6,153.6469264352451
329.0,141,9.798064356597727,A1A2,1.6,219.31660110964157
329.0,142,11.953553456762902,B0C0,239.55757872562765,-1.6
329.0,143,0.0,C0B0,215.70203170896892,1.6
329.0,144,9.494945041770206,A1A2,1.6,271.1019118628814
329.0,145,3.5779582484778403,A1B1,180.8301348372705,198.4
329.0,146,7.0930716167339085,B1A1,8.10872046269941,201.6
329.0,147,0.0,C0B0,223.20303465321732,1.6
329.0,148,10.04958002242975,A1B1,40.77495103009861,198.4
329.0,149,2.0388982936485256,A0B0,158.6930632146152,-1.6
329.0,75,12.86532187451242,B2B1,198.4,307.5911662010573
329.0,76,8.483137564679202,B1B2,201.6,392.5442115116204
329.0,81,13.6147770936208,C1C2,401.6,340.87558064818285
329.0,83,7.183171267019643,B1B2,201.6,374.8805033098916
329.0,92,10.93169638942098,B0B1,201.6,154.346993332818
329.0,93,5.758687079590176,B1B2,201.6,359.25898995366515
329.0,96,13.856181657239855,C1C2,401.6,308.81524410943365
329.0,97,12.565694529427068,C1C0,398.4,129.55408501084025
329.0,98,0.03872909307990799,A0B0,184.26848058968963,-1.6
330.0,102,5.255738770976903,B1B2,201.6,349.79860446035536
330.0,103,12.740757632819378,B1A1,81.46368740701014,201.6
330.0,104,11.971175206562787,B1B2,201.6,283.87273980214684
330.0,105,14.542401163732327,B0C0,355.959160941814,-1.6
330.0,109,12.767490589894779,B0A0,79.99458670625792,1.6
330.0,112,0.0,B0B1,201.6,184.29790379679864
330.0,113,13.550095601662283,B2C2,353.5960457190404,398.4
330.0,115,10.732228326461462,A0A1,1.6,35.661001286237486
330.0,116,12.892393723603883,B1B2,201.6,247.54601095825535
330.0,121,8.892737815497972,B2C2,220.55737178378385,398.4
330.0,122,14.118850988061451,C1C0,398.4,142.90521944317913
330.0,123,0.45533860384082786,A0B0,169.04939086897113,-1.6
330.0,124,0.0,C0B0,208.20101148362698,1.6
330.0,125,9.680981161264922,B1B0,198.4,173.35860593041488
330.0,126,13.679031470165208,B0B1,201.6,105.08097731354975
330.0,128,0.0002300224561626022,A0B0,191.7988992788361,-1.6
330.0,129,8.50803378525117,B1C1,372.4615798169424,198.4
330.0,131,14.16590988100049,A1A2,1.6,360.6063315032262
330.0,132,0.0,B0B1,201.6,191.7989835600803
330.0,133,8.2443603370253,:B1_22,201.05369429543597,203.3758600680517
330.0,134,12.75418374571158,B0A0,103.78507725669593,1.6
330.0,135,13.80669825133282,B1B0,198.4,45.83880960795918
330.0,136,9.659201316759136,B1C1,390.78734654677515,198.4
330.0,137,0.0006161398749523347,B2B1,198.4,208.2012882926053
330.0,138,0.14833840126723385,A0B0,176.74718290450596,-1.6
330.0,140,15.124982927603618,A0A1,1.6,168.7719093628487
330.0,141,12.274768328943876,A1A2,1.6,231.59136943858545
330.0,142,12.993904480078355,B0C0,252.551483205706,-1.6
330.0,143,0.0,C0B0,215.70203170896892,1.6
330.0,144,8.893947433289231,A1A2,1.6,279.99585929617064
330.0,145,5.433813301372753,A1B1,186.26394813864326,198.4
330.0,146,4.930003296859592,:A1_3,3.423425260806401,202.74594484351616
330.0,147,0.0,C0B0,223.20303465321732,1.6
330.0,148,11.763705063185355,A1B1,52.53865609328397,198.4
330.0,149,1.9011114932140794,A0B0,160.59417470782927,-1.6
330.0,75,12.557810275988713,B2B1,198.4,295.03335592506863
330.0,81,13.084258864687584,C1C2,401.6,353.9598395128704
330.0,83,8.22268611502232,B1B2,201.6,383.1031894249139
330.0,92,10.682067736183383,B0B1,201.6,165.02906106900136
330.0,93,7.387371462925805,B1B2,201.6,366.64636141659093
330.0,96,13.626690250258022,C1C2,401.6,322.4419343596917
330.0,97,12.040678355543726,C1C0,398.4,117.51340665529654
330.0,98,0.021344149061536505,A0B0,184.28982473875118,-1.6
331.0,102,7.612031692793833,B1B2,201.6,357.4106361531492
331.0,103,12.328987138211168,B1A1,69.13470026879897,201.6
331.0,104,11.629367506916918,B1B2,201.6,295.5021073090637
331.0,105,14.083721154612183,B0C0,370.0428820964262,-1.6
331.0,109,13.19776947858879,B0A0,66.79681722766912,1.6
331.0,112,0.0,B0B1,201.6,184.29790379679864
331.0,113,13.730741602325102,B2C2,367.3267873213655,398.4
331.0,115,12.539502933530063,A0A1,1.6,48.200504219767545
331.0,116,14.264331463941918,B1B2,201.6,261.81034242219727
331.0,121,10.971680328847437,B2C2,231.5290521126313,398.4
331.0,122,12.656672459808473,C1C0,398.4,130.24854698337066
331.0,123,0.13306024315417284,A0B0,169.1824511121253,-1.6
331.0,124,0.0,C0B0,208.20101148362698,1.6
331.0,125,11.939817574905451,B1B0,198.4,161.41878835550943
331.0,126,14.047704896217764,B0B1,201.6,119.12868220976753
331.0,128,0.0,A0B0,191.7988992788361,-1.6
331.0,129,8.751478441399664,B1C1,381.213058258342,198.4
331.0,131,14.198599007348612,A1A2,1.6,374.80493051057476
331.0,132,0.0,B0B1,201.6,191.7989835600803
331.0,133,8.122229942740686,B1B2,201.6,211.45858094917142
331.0,134,13.128603805077953,B0A0,90.65647345161794,1.6
331.0,135,13.196340168713325,B1B0,198.4,32.64246943924584
331.0,136,8.562821526587008,:C1_7,398.93273733101853,200.31964239861114
331.0,137,0.00027829921832683195,B2B1,198.4,208.20100999338698
331.0,138,0.030785396062620412,A0B0,176.77796830056857,-1.6
331.0,140,13.49084279931717,A0A1,1.6,182.26275216216587
331.0,141,14.533441766139706,A1A2,1.6,246.12481120472515
331.0,142,12.38171029162696,B0C0,264.933193497333,-1.6
331.0,143,0.0,C0B0,215.70203170896892,1.6
331.0,144,9.426440968089826,A1A2,1.6,289.42230026426046
331.0,145,6.7188113224022015,:B1_12,192.98095096233163,198.37414986252406
331.0,146,5.4293859161166775,A1A2,1.6,207.62066875027682
331.0,147,0.0,C0B0,223.20303465321732,1.6
331.0,148,12.670138583524198,A1B1,65.20879467680817,198.4
331.0,149,0.87482774310387,A0B0,161.46900245093315,-1.6
331.0,75,13.363018989619858,B2B1,198.4,281.67033693544874
331.0,81,13.657616184216753,C1C2,401.6,367.61745569708717
331.0,83,9.158378149522866,B1B2,201.6,392.26156757443675
331.0,92,6.876935427957301,B0B1,201.6,171.90599649695866
331.0,93,8.423701140359288,B1B2,201.6,375.07006255695023
331.0,96,13.403411976196864,C1C2,401.6,335.8453463358885
331.0,97,12.188191238794328,C1C0,398.4,105.3252154165022
331.0,98,0.005229512463750098,A0B0,184.29505425121494,-1.6
332.0,102,8.838194239315705,B1B2,201.6,366.24883039246487
332.0,103,12.21667200148143,B1A1,56.91802826731751,201.6
332.0,104,11.733225971803352,B1B2,201.6,307.2353332808671
332.0,105,14.726052421341345,B0C0,384.76893451776755,-1.6
332.0,109,12.69622494529137,B0A0,54.10059228237776,1.6
332.0,112,0.0,B0B1,201.6,184.29790379679864
332.0,113,13.404716487464716,B2C2,380.7315038088302,398.4
332.0,115,12.131579263253995,A0A1,1.6,60.33208348302155
332.0,116,14.660806384651401,B1B2,201.6,276.4711488068487
332.0,121,12.529537293493345,B2C2,244.05858940612464,398.4
332.0,122,13.025508928846055,C1C0,398.4,117.22303805452461
332.0,123,0.04735559117276027,A0B0,169.22980670329807,-1.6
332.0,124,0.0,C0B0,208.20101148362698,1.6
332.0,125,13.424655746394988,B1B0,198.4,147.99413260911444
332.0,126,14.201907035339245,B0B1,201.6,133.33058924510678
332.0,128,0.0,A0B0,191.7988992788361,-1.6
332.0,129,8.45022269055496,B1C1,389.663280948897,198.4
332.0,131,14.085840788805008,A1A2,1.6,388.8907712993798
332.0,132,0.0,B0B1,201.6,191.7989835600803
332.0,133,10.224337926638126,B1B2,201.6,221.68291887580955
332.0,134,13.234592469091218,B0A0,77.42188098252674,1.6
332.0,135,12.896633657094755,B1B0,198.4,19.74583578215109
332.0,136,8.260294471419416,C1C2,401.6,207.82046254478158
332.0,137,0.0,B2B1,198.4,208.20100999338698
332.0,138,0.008953778645336462,A0B0,176.78692207921392,-1.6
332.0,140,10.38057880356078,A0A1,1.6,192.64333096572665
332.0,141,15.845350514528945,A1A2,1.6,261.97016171925407
332.0,142,12.255811800943784,B0C0,277.18900529827675,-1.6
332.0,143,0.0,C0B0,215.70203170896892,1.6
332.0,144,10.076381624983714,A1A2,1.6,299.49868188924415
332.0,145,6.555425938175052,:B1_12,198.0758377259342,195.06913591846063
332.0,146,7.454646669720329,A1A2,1.6,215.07531541999717
332.0,147,0.0,C0B0,223.20303465321732,1.6
332.0,148,12.814318123046354,A1B1,78.02311279985453,198.4
332.0,149,0.1452177583211774,A0B0,161.6142202092543,-1.6
332.0,75,13.019015077465273,B2B1,198.4,268.6513218579835
332.0,81,13.34589847010357,C1C2,401.6,380.9633541671908
332.0,83,5.2479939014092825,:B2_3,203.16686120992543,397.1001167259553
332.0,92,3.450364136041647,B0B1,201.6,175.35636063300032
332.0,93,9.065197887995895,B1B2,201.6,384.1352604449462
332.0,96,13.366023971182354,C1C2,401.6,349.21137030707087
332.0,97,11.543873742179796,C1C0,398.4,93.78134167432239
332.0,98,0.001660604010172014,A0B0,184.2967148552251,-1.6
333.0,102,8.403147997049306,B1B2,201.6,374.65197838951417
333.0,103,12.075089072673954,B1A1,44.84293919464355,201.6
333.0,104,11.800592382455529,B1B2,201.6,319.03592566332264
333.0,105,10.226052421341345,B0C0,394.99498693910886,-1.6
333.0,109,12.484431047361769,B0A0,41.616161235015994,1.6
333.0,112,0.0,B0B1,201.6,184.29790379679864
333.0,113,9.48788086822895,B2C2,390.21938467705917,398.4
333.0,115,12.789521056718119,A0A1,1.6,73.12160453973966
333.0,116,13.788242572410407,B1B2,201.6,290.2593913792591
333.0,121,14.430762808692238,B2C2,258.4893522148169,398.4
333.0,122,12.523103179174534,C1C0,398.4,104.69993487535008
333.0,123,0.05597295476511137,A0B0,169.28577965806318,-1.6
333.0,124,0.0,C0B0,208.20101148362698,1.6
333.0,125,15.874006838568496,B1B0,198.4,132.1201257705459
333.0,126,14.264748240172484,B0B1,201.6,147.59533748527926
333.0,128,0.0,A0B0,191.7988992788361,-1.6
333.0,129,6.860187649902515,:C1_7,396.48662296501755,198.92666042357394
333.0,132,0.0,B0B1,201.6,191.7989835600803
333.0,133,11.664613162019103,B1B2,201.6,233.34753203782867
333.0,134,12.659891013998413,B0A0,64.76198996852833,1.6
333.0,135,9.83759386185427,B1B0,198.4,9.908241920296831
333.0,136,9.884130527911706,C1C2,401.6,217.70459307269329
333.0,137,0.0,B2B1,198.4,208.20100999338698
333.0,138,0.006659257481264747,A0B0,176.79358133669518,-1.6
333.0,140,6.5503906836486525,:A1_6,4.611242750727882,197.96674565043674
333.0,141,15.338032114757723,A1A2,1.6,277.30819383401183
333.0,142,11.741131067155957,B0C0,288.93013636543276,-1.6
333.0,143,0.0,C0B0,215.70203170896892,1.6
333.0,144,9.328240094524899,A1A2,1.6,308.82692198376907
333.0,145,6.670458779044441,B1B0,198.4,188.4213558217351
333.0,146,9.244870464383654,A1A2,1.6,224.3201858843808
333.0,147,0.0,C0B0,223.20303465321732,1.6
333.0,148,12.22941570284874,A1B1,90.25252850270327,198.4
333.0,149,0.06477038939938091,A0B0,161.67899059865368,-1.6
333.0,75,12.83032573395042,B2B1,198.4,255.82099612403306
333.0,81,12.995493265621192,C1C2,401.6,393.9588474328119
333.0,83,5.163571896627619,B2C2,208.04313337247365,398.4
333.0,92,1.145925839043946,B0B1,201.6,176.50228647204426
333.0,93,4.879623330738211,B1B2,201.6,389.0148837756844
333.0,96,13.702546625416787,C1C2,401.6,362.9139169324877
333.0,97,12.209064723787682,C1C0,398.4,81.57227695053471
333.0,98,0.0009089083602369197,A0B0,184.29762376358534,-1.6
334.0,102,5.533433231241829,B1B2,201.6,380.185411620756
334.0,103,12.82156572449524,B1A1,32.02137347014832,201.6
334.0,104,11.239823903253585,B1B2,201.6,330.2757495665762
334.0,105,5.726052421341345,:C0_1,400.4262636456724,-0.35622725721262355
334.0,109,12.441052861275576,B0A0,29.175108373740414,1.6
334.0,112,0.0,B0B1,201.6,184.29790379679864
334.0,113,5.845669813404652,B2C2,396.0650544904638,398.4
334.0,115,12.52627945197925,A0A1,1.6,85.64788399171891
334.0,116,13.780073580793458,B1B2,201.6,304.03946496005256
334.0,121,14.435083789368303,B2C2,272.92443600418517,398.4
334.0,122,12.184996184085179,C1C0,398.4,92.51493869126489
334.0,123,0.004889109978141584,A0B0,169.29066876804131,-1.6
334.0,124,0.0,C0B0,208.20101148362698,1.6
334.0,125,15.377808035265664,B1B0,198.4,116.74231773528027
334.0,126,11.031942385279885,B0B1,201.6,158.62727987055914
334.0,128,0.0,A0B0,191.7988992788361,-1.6
334.0,129,7.86787499316372,:C1_7,401.2324369473611,204.62705863152786
334.0,132,0.0,B0B1,201.6,191.7989835600803
334.0,133,13.42561489317175,B1B2,201.6,246.7731469310004
334.0,134,12.68306297401014,B0A0,52.078926994518184,1.6
334.0,135,5.3720930402619835,:B0_0,197.95255735658318,4.587595594305309
334.0,136,11.187689586048013,C1C2,401.6,228.8922826587413
334.0,137,0.0,B2B1,198.4,208.20100999338698
334.0,138,0.0022993012465750626,A0B0,176.79588063794176,-1.6
334.0,140,6.909462479337594,A1B1,11.47318412871289,198.4
334.0,141,13.873081019070629,A1A2,1.6,291.1812748530824
334.0,142,12.8040604505186,B0C0,301.73419681595135,-1.6
334.0,143,0.0,C0B0,215.70203170896892,1.6
334.0,144,9.681703119939284,A1A2,1.6,318.50862510370837
334.0,145,8.33930275640729,B1B0,198.4,180.08205306532778
334.0,146,11.666709500594093,A1A2,1.6,235.9868953849749
334.0,147,0.0,C0B0,223.20303465321732,1.6
334.0,148,12.268574005953083,A1B1,102.52110250865636,198.4
334.0,149,0.08464058702879866,A0B0,161.76363118568247,-1.6
334.0,75,13.356919008410594,B2B1,198.4,242.46407711562247
334.0,83,6.819964436688534,B2C2,214.86309780916218,398.4
334.0,92,0.24292840310655356,B0B1,201.6,176.74521487515082
334.0,93,4.9065203542448,:B2_4,201.44138467711088,393.9103072602238
334.0,96,13.861340151606187,C1C2,401.6,376.7752570840939
334.0,97,11.6055529088749,C1C0,398.4,69.9667240416598
334.0,98,0.0001879155299721542,A0B0,184.2978116791153,-1.6
335.0,102,4.645213259773285,B1B2,201.6,384.8306248805293
335.0,103,12.92530064425003,B1A1,19.09607282589829,201.6
335.0,104,11.11632267229101,B1B2,201.6,341.39207223886723
335.0,105,5.679883663959041,C0C1,401.6,5.060923024409221
335.0,109,12.610036876608111,B0A0,16.565071497132294,1.6
335.0,112,0.0,B0B1,201.6,184.29790379679864
335.0,113,2.935413830538652,:C2_1,398.3463177116936,397.1757760181448
335.0,115,12.705269798777923,A0A1,1.6,98.35315379049683
335.0,116,12.985699408595552,B1B2,201.6,317.0251643686481
335.0,121,15.03009897476449,B2C2,287.95453497894965,398.4
335.0,122,11.731653013117349,C1C0,398.4,80.78328567814754
335.0,123,0.002653885210545194,A0B0,169.29332265325186,-1.6
335.0,124,0.0,C0B0,208.20101148362698,1.6
335.0,125,14.86807591068373,B1B0,198.4,101.87424182459654
335.0,126,7.1700324390175405,B0B1,201.6,165.79731230957668
335.0,128,0.0,A0B0,191.7988992788361,-1.6
335.0,129,7.6278328284282235,C1C2,401.6,212.22917642039144
335.0,132,0.0,B0B1,201.6,191.7989835600803
335.0,133,13.341584734378817,B1B2,201.6,260.1147316653792
335.0,134,12.357741340609266,B0A0,39.72118565390892,1.6
335.0,135,6.493773403832323,B0A0,192.67237547620255,1.6
335.0,136,12.490828808181917,C1C2,401.6,241.3831114669232
335.0,137,0.0,B2B1,198.4,208.20100999338698
335.0,138,0.0008579185435504475,A0B0,176.7967385564853,-1.6
335.0,140,8.356253424564853,A1B1,19.829437553277746,198.4
335.0,141,12.233466846575071,A1A2,1.6,303.4147416996575
335.0,142,12.838139339509517,B0C0,314.5723361554609,-1.6
335.0,143,0.0,C0B0,215.70203170896892,1.6
335.0,144,9.700082524288536,A1A2,1.6,328.20870762799694
335.0,145,10.62378137556649,B1B0,198.4,169.45827168976132
335.0,146,11.190374798702308,A1A2,1.6,247.17727018367722
335.0,147,0.0,C0B0,223.20303465321732,1.6
335.0,148,13.066157751699023,A1B1,115.5872602603554,198.4
335.0,149,0.014565865778031732,A0B0,161.7781970514605,-1.6
335.0,75,12.690079154420202,B2B1,198.4,229.77399796120227
335.0,83,8.899663281873874,B2C2,223.76276109103605,398.4
335.0,92,0.03617673649617861,B0B1,201.6,176.781391611647
335.0,93,7.219217984791658,:B2_4,198.33172061802895,400.0409676291826
335.0,96,11.480953998168058,C1C2,401.6,388.2562110822619
335.0,97,11.797655868929663,C1C0,398.4,58.169068172730164
335.0,98,0.0,A0B0,184.2978116791153,-1.6
336.0,102,7.103567139588253,B1B2,201.6,391.9341920201175
336.0,103,11.087650776856464,B1A1,8.008422049041826,201.6
336.0,104,11.666066889877714,B1B2,201.6,353.058139128745
336.0,105,7.071394639971837,C0C1,401.6,12.132317664381059
336.0,109,13.243253067784437,B0A0,3.3218184293478714,1.6
336.0,112,0.0,B0B1,201.6,184.29790379679864
336.0,113,3.8243326768487687,C2C1,398.4,393.35519900214877
336.0,115,12.804155744870119,A0A1,1.6,111.15730953536698
336.0,116,12.933432434723287,B1B2,201.6,329.9585968033714
336.0,121,14.040764635511817,B2C2,301.9952996144615,398.4
336.0,122,12.736980149501704,C1C0,398.4,68.04630552864583
336.0,123,0.001995652443438973,A0B0,169.2953183056953,-1.6
336.0,124,0.0,C0B0,208.20101148362698,1.6
336.0,125,15.551624501876542,B1B0,198.4,86.32261732271996
336.0,126,2.892841591608361,B0B1,201.6,168.69015390118506
336.0,128,0.0,A0B0,191.7988992788361,-1.6
336.0,129,8.944046778593771,C1C2,401.6,221.17322319898523
336.0,132,0.0,B0B1,201.6,191.7989835600803
336.0,133,13.376282583961697,B1B2,201.6,273.49101424934094
336.0,134,13.566156262373195,B0A0,26.15502939153572,1.6
336.0,135,8.8232428094592,B0A0,183.84913266674334,1.6
336.0,136,14.764515636855734,C1C2,401.6,256.147627103779
336.0,137,0.0,B2B1,198.4,208.20100999338698
336.0,138,0.0,A0B0,176.7967385564853,-1.6
336.0,140,10.464351031695038,A1B1,30.293788584972784,198.4
336.0,141,11.30106856351103,A1A2,1.6,314.7158102631686
336.0,142,12.744452196262873,B0C0,327.31678835172374,-1.6
336.0,143,0.0,C0B0,215.70203170896892,1.6
336.0,144,9.862361148493454,A1A2,1.6,338.0710687764904
336.0,145,13.01879134807083,B1B0,198.4,156.43948034169046
336.0,146,12.313371167287462,A1A2,1.6,259.4906413509647
336.0,147,0.0,C0B0,223.20303465321732,1.6
336.0,148,12.458738514134707,A1B1,128.0459987744901,198.4
336.0,149,0.01266826796500619,A0B0,161.7908653194255,-1.6
336.0,75,8.353814647352339,B2B1,198.4,221.42018331384992
336.0,83,10.843293747925273,B2C2,234.60605483896134,398.4
336.0,92,0.013726484518848031,B0B1,201.6,176.79511809616585
336.0,93,6.674173882923834,B2A2,191.97520400235535,401.6
336.0,96,7.8897379413042925,C1C2,401.6,396.14594902356623
336.0,97,11.37785936685171,C1C0,398.4,46.791208805878455
336.0,98,0.0,A0B0,184.2978116791153,-1.6
337.0,102,6.822407800295142,:B2_4,199.98579376164554,398.4236770639241
337.0,103,6.772750989655033,:A1_4,1.5696942325120753,199.98181653950726
337.0,104,11.235682991257221,B1B2,201.6,364.2938221200022
337.0,105,9.470683996563016,C0C1,401.6,21.603001660944077
337.0,112,0.0,B0B1,201.6,184.29790379679864
337.0,113,5.785643219107203,C2C1,398.4,387.56955578304155
337.0,115,12.255794385193774,A0A1,1.6,123.41310392056073
337.0,116,12.245519519325471,B1B2,201.6,342.2041163226969
337.0,121,15.203090711160705,B2C2,317.1983903256222,398.4
337.0,122,11.761493814227277,C1C0,398.4,56.28481171441857
337.0,123,0.00033199130533976146,A0B0,169.29565029700063,-1.6
337.0,124,0.0,C0B0,208.20101148362698,1.6
337.0,125,15.906357014349672,B1B0,198.4,70.41626030837031
337.0,126,0.5763184569567346,B0B1,201.6,169.26647235814178
337.0,128,0.0,A0B0,191.7988992788361,-1.6
337.0,129,11.040493444878235,C1C2,401.6,232.21371664386345
337.0,132,0.0,B0B1,201.6,191.7989835600803
337.0,133,13.614912259036178,B1B2,201.6,287.1059265083771
337.0,134,13.49348943570684,B0A0,12.661539955828886,1.6
337.0,135,11.01204341419377,B0A0,172.8370892525496,1.6
337.0,136,14.501224519648142,C1C2,401.6,270.6488516234271
337.0,137,0.0,B2B1,198.4,208.20100999338698
337.0,138,0.0,A0B0,176.7967385564853,-1.6
337.0,140,12.264907342263974,A1B1,42.55869592723676,198.4
337.0,141,11.53371518046188,A1A2,1.6,326.24952544363043
337.0,142,11.968729274110965,B0C0,339.2855176258347,-1.6
337.0,143,0.0,C0B0,215.70203170896892,1.6
337.0,144,9.058083106651992,A1A2,1.6,347.12915188314236
337.0,145,15.061673372940152,B1B0,198.4,141.3778069687503
337.0,146,11.071564088205108,A1A2,1.6,270.5622054391698
337.0,147,0.0,C0B0,223.20303465321732,1.6
337.0,148,13.041174292220779,A1B1,141.08717306671087,198.4
337.0,149,0.0031449234116898077,A0B0,161.7940102428372,-1.6
337.0,75,4.1418094754275,B2B1,198.4,217.27837383842243
337.0,83,12.4516000452853,B2C2,247.05765488424663,398.4
337.0,92,0.0012483430508089463,B0B1,201.6,176.79636643921665
337.0,93,8.29819443276506,B2A2,183.67700956959027,401.6
337.0,96,5.940049535678893,:C2_0,399.18560114832155,401.1286393110071
337.0,97,12.370705570097865,C1C0,398.4,34.420503235780586
337.0,98,0.0,A0B0,184.2978116791153,-1.6
338.0,102,7.008335212268308,:B2_4,194.012942320398,401.42672252565745
338.0,103,6.876047773687169,:A1_4,-1.409104561391769,194.13626807025761
338.0,104,11.976814797514402,B1B2,201.6,376.2706369175166
338.0,105,11.03087081594596,C0C1,401.6,32.63387247689004
338.0,112,0.0,B0B1,201.6,184.29790379679864
338.0,113,7.26513522111103,C2C1,398.4,380.30442056193056
338.0,115,12.543543294376619,A0A1,1.6,135.95664721493736
338.0,116,11.470849853601797,B1B2,201.6,353.67496617629865
338.0,121,15.280424768979804,B2C2,332.478815094602,398.4
338.0,122,12.636501163162007,C1C0,398.4,43.64831055125657
338.0,123,0.0,A0B0,169.29565029700063,-1.6
338.0,124,0.0,C0B0,208.20101148362698,1.6
338.0,125,15.632554035059187,B1B0,198.4,54.78370627331114
338.0,126,0.020281147694873363,B0B1,201.6,169.28675350583666
338.0,128,0.0,A0B0,191.7988992788361,-1.6
338.0,129,12.914186623705177,C1C2,401.6,245.12790326756863
338.0,132,0.0,B0B1,201.6,191.7989835600803
338.0,133,13.172082035376192,B1B2,201.6,300.2780085437533
338.0,134,8.99348943570684,B0A0,3.6680505201220512,1.6
338.0,135,13.444280782829603,B0A0,159.39280846971997,1.6
338.0,136,14.529047184098063,C1C2,401.6,285.17789880752514
338.0,137,0.0,B2B1,198.4,208.20100999338698
338.0,138,0.0,A0B0,176.7967385564853,-1.6
338.0,140,13.971316330599144,A1B1,56.53001225783592,198.4
338.0,141,9.486936897477554,A1A2,1.6,335.736462341108
338.0,142,12.647838878441698,B0C0,351.9333565042764,-1.6
338.0,143,0.0,C0B0,215.70203170896892,1.6
338.0,144,8.913239002674908,A1A2,1.6,356.04239088581727
338.0,145,15.64513946728193,B1B0,198.4,125.73266750146837
338.0,146,11.092338553003268,A1A2,1.6,281.6545439921731
338.0,147,0.0,C0B0,223.20303465321732,1.6
338.0,148,13.304206801490905,A1B1,154.39137986820177,198.4
338.0,149,0.0004967101956263676,A0B0,161.79450695303282,-1.6
338.0,75,1.085466414316814,B2B1,198.4,216.1929074241056
338.0,83,12.542742492857501,B2C2,259.6003973771042,398.4
338.0,92,0.0002968071521984214,B0B1,201.6,176.79666324636887
338.0,93,10.22188534971215,B2A2,173.45512421987814,401.6
338.0,96,5.306807354293026,C2B2,393.9471940864619,401.6
338.0,97,12.399693722933383,C1C0,398.4,22.020809512847194
338.0,98,0.0,A0B0,184.2978116791153,-1.6
339.0,102,7.373813878674432,B2A2,186.65125108864464,401.6
339.0,103,7.4592206598073245,A1A0,-1.6,186.69040262589232
339.0,104,9.766485227851206,B1B2,201.6,386.0371221453678
339.0,105,12.943110322833231,C0C1,401.6,45.576982799723275
339.0,112,0.0,B0B1,201.6,184.29790379679864
339.0,113,8.631798505594396,C2C1,398.4,371.67262205633614
339.0,115,12.609409420962372,A0A1,1.6,148.56605663589974
339.0,116,12.641631950474142,B1B2,201.6,366.3165981267728
339.0,121,14.097395400366889,B2C2,346.5762104949689,398.4
339.0,122,12.890837286607445,C1C0,398.4,30.75747326464912
339.0,123,0.0,A0B0,169.29565029700063,-1.6
339.0,124,0.0,C0B0,208.20101148362698,1.6
339.0,125,14.796270278592603,B1B0,198.4,39.98743599471854
339.0,126,0.005392454043049876,B0B1,201.6,169.29214595987972
339.0,128,0.0,A0B0,191.7988992788361,-1.6
339.0,129,13.950000896978647,C1C2,401.6,259.0779041645473
339.0,132,0.0,B0B1,201.6,191.7989835600803
339.0,133,13.764524964888082,B1B2,201.6,314.0425335086414
339.0,134,4.49348943570684,A0A1,1.6,4.645438915584772
339.0,135,13.753246358459549,B0A0,145.63956211126043,1.6
339.0,136,14.28334856369581,C1C2,401.6,299.46124737122096
339.0,137,0.0,B2B1,198.4,208.20100999338698
339.0,138,0.0,A0B0,176.7967385564853,-1.6
339.0,140,14.542654046955489,A1B1,71.0726663047914,198.4
339.0,141,8.957448055522484,A1A2,1.6,344.6939103966305
339.0,142,12.470640770086185,B0C0,364.4039972743626,-1.6
339.0,143,0.0,C0B0,215.70203170896892,1.6
339.0,144,9.676799411471093,A1A2,1.6,365.7191902972884
339.0,145,15.119066689846747,B1B0,198.4,110.61360081162162
339.0,146,12.156576415549264,A1A2,1.6,293.81112040772234
339.0,147,0.0,C0B0,223.20303465321732,1.6
339.0,148,12.246733632014179,A1B1,166.63811350021595,198.4
339.0,149,0.00011127434456350077,A0B0,161.79461822737738,-1.6
339.0,75,0.25323306891694186,B2B1,198.4,215.93967435518866
339.0,83,12.441599184151851,B2C2,272.041996561256,398.4
339.0,92,0.000206476361698789,B0B1,201.6,176.79686972273058
339.0,93,12.36452425438045,B2A2,161.0905999654977,401.6
339.0,96,6.617447223412066,C2B2,387.3297468630498,401.6
339.0,97,11.520080892302879,C1C0,398.4,10.500728620544322
339.0,98,0.0,A0B0,184.2978116791153,-1.6
340.0,102,8.939893790939264,B2A2,177.71135729770538,401.6
340.0,103,9.245289429118857,A1A0,-1.6,177.44511319677346
340.0,104,6.42721753949021,B1B2,201.6,392.46433968485803
340.0,105,14.353495107507959,C0C1,401.6,59.93047790723124
340.0,112,0.0,B0B1,201.6,184.29790379679864
340.0,113,10.786291399316305,C2C1,398.4,360.8863306570198
340.0,115,12.458616277367733,A0A1,1.6,161.02467291326747
340.0,116,9.656420165217169,B1B2,201.6,375.97301829199
340.0,121,15.165936718824462,B2C2,361.7421472137934,398.4
340.0,122,11.85262615412846,C1C0,398.4,18.90484711052065
340.0,123,0.0,A0B0,169.29565029700063,-1.6
340.0,124,0.0,C0B0,208.20101148362698,1.6
340.0,125,15.587361816976228,B1B0,198.4,24.40007417774231
340.0,126,0.002689373397744177,B0B1,201.6,169.29483533327746
340.0,128,0.0,A0B0,191.7988992788361,-1.6
340.0,129,13.803722281566346,C1C2,401.6,272.8816264461136
340.0,132,0.0,B0B1,201.6,191.7989835600803
340.0,133,13.217468956198976,B1B2,201.6,327.26000246484034
340.0,134,6.420138442093127,A0A1,1.6,11.0655773576779
340.0,135,13.409375620590255,B0A0,132.23018649067018,1.6
340.0,136,15.106623543948418,C1C2,401.6,314.5678709151694
340.0,137,0.0,B2B1,198.4,208.20100999338698
340.0,138,0.0,A0B0,176.7967385564853,-1.6
340.0,140,14.552436764006472,A1B1,85.62510306879787,198.4
340.0,141,9.766003635332954,A1A2,1.6,354.4599140319634
340.0,142,12.191258008169108,B0C0,376.5952552825317,-1.6
340.0,143,0.0,C0B0,215.70203170896892,1.6
340.0,144,10.154536891640253,A1A2,1.6,375.87372718892857
340.0,145,14.667048497762242,B1B0,198.4,95.94655231385937
340.0,146,11.323773020764113,A1A2,1.6,305.13489342848646
340.0,147,0.0,C0B0,223.20303465321732,1.6
340.0,148,13.290903470275039,A1B1,179.92901697049098,198.4
340.0,149,0.0,A0B0,161.79461822737738,-1.6
340.0,75,0.1192816102595772,B2B1,198.4,215.82039274492908
340.0,83,12.696524566545262,B2C2,284.7385211278013,398.4
340.0,92,0.0,B0B1,201.6,176.79686972273058
340.0,93,11.973274547085822,B2A2,149.11732541841184,401.6
340.0,96,8.256425719233423,C2B2,379.0733211438164,401.6
340.0,98,0.0,A0B0,184.2978116791153,-1.6
341.0,102,10.579870851453766,B2A2,167.13148644625159,401.6
341.0,103,11.033534807879478,A1A0,-1.6,166.411578388894
341.0,104,5.481502454046287,:B2_3,203.54102736480476,397.32461641888284
341.0,105,14.39416532696753,C0C1,401.6,74.32464323419877
341.0,112,0.0,B0B1,201.6,184.29790379679864
341.0,113,12.784611530809105,C2C1,398.4,348.1017191262107
341.0,115,11.638214365301579,A0A1,1.6,172.66288727856906
341.0,116,6.963603278212878,B1B2,201.6,382.9366215702029
341.0,121,14.864953312058145,B2C2,376.6071005258515,398.4
341.0,122,9.830908906362756,C1C0,398.4,9.073938204157884
341.0,123,0.0,A0B0,169.29565029700063,-1.6
341.0,124,0.0,C0B0,208.20101148362698,1.6
341.0,125,12.738735955541582,B1B0,198.4,11.661338222200726
341.0,126,0.0005201805667108478,B0B1,201.6,169.29535551384419
341.0,128,0.0,A0B0,191.7988992788361,-1.6
341.0,129,13.252278675300525,C1C2,401.6,286.13390512141416
341.0,132,0.0,B0B1,201.6,191.7989835600803
341.0,133,13.58961626234694,B1B2,201.6,340.8496187271873
341.0,134,8.283823998827108,A0A1,1.6,19.34940135650501
341.0,135,13.509283905666054,B0A0,118.72090258500411,1.6
341.0,136,15.521959974486863,C1C2,401.6,330.08983088965624
341.0,137,0.0,B2B1,198.4,208.20100999338698
341.0,138,0.0,A0B0,176.7967385564853,-1.6
341.0,140,14.825697866481699,A1B1,100.45080093527957,198.4
341.0,141,11.341759752642409,A1A2,1.6,365.8016737846059
341.0,142,11.751613145735485,B0C0,388.34686842826716,-1.6
341.0,143,0.0,C0B0,215.70203170896892,1.6
341.0,144,9.422210775227375,A1A2,1.6,385.295937964156
341.0,145,15.608464076843754,B1B0,198.4,80.33808823701561
341.0,146,11.859283907899865,A1A2,1.6,316.9941773363863
341.0,147,0.0,C0B0,223.20303465321732,1.6
341.0,148,10.778310592062986,A1B1,190.70732756255396,198.4
341.0,149,0.0,A0B0,161.79461822737738,-1.6
341.0,75,0.09172443964742616,B2B1,198.4,215.72866830528164
341.0,83,12.64862244196061,B2C2,297.38714356976186,398.4
341.0,92,0.0,B0B1,201.6,176.79686972273058
341.0,93,12.374280176396207,B2A2,136.74304524201563,401.6
341.0,96,9.85780830955152,C2B2,369.21551283426487,401.6
341.0,98,0.0,A0B0,184.2978116791153,-1.6
342.0,102,12.78726285356041,B2A2,154.34422359269118,401.6
342.0,103,12.382718221755141,A1A0,-1.6,154.02886016713882
342.0,104,4.6225298055150885,B2C2,207.93837194441934,398.4
342.0,105,14.374081598139062,C0C1,401.6,88.69872483233783
342.0,112,0.0,B0B1,201.6,184.29790379679864
342.0,113,13.0729775382236,C2C1,398.4,335.02874158798716
342.0,115,11.824519670918992,A0A1,1.6,184.48740694948805
342.0,116,5.842876023356774,B1B2,201.6,388.77949759355965
342.0,121,11.186885848907234,B2C2,387.7939863747587,398.4
342.0,122,5.330908906362756,C1C0,398.4,3.7430292977951183
342.0,123,0.0,A0B0,169.29565029700063,-1.6
342.0,124,0.0,C0B0,208.20101148362698,1.6
342.0,125,9.080335281773099,:B0_1,199.3259075478675,2.723487420220817
342.0,126,0.00032064155435330706,B0B1,201.6,169.29567615539855
342.0,128,0.0,A0B0,191.7988992788361,-1.6
342.0,129,13.100343938380004,C1C2,401.6,299.2342490597942
342.0,132,0.0,B0B1,201.6,191.7989835600803
342.0,133,13.755281334852302,B1B2,201.6,354.60490006203963
342.0,134,9.981192744053521,A0A1,1.6,29.330594100558532
342.0,135,13.809639119802707,B0A0,104.9112634652014,1.6
342.0,136,14.954749646885803,C1C2,401.6,345.04458053654207
342.0,137,0.0,B2B1,198.4,208.20100999338698
342.0,138,0.0,A0B0,176.7967385564853,-1.6
342.0,140,14.307379223130614,A1B1,114.7581801584102,198.4
342.0,141,10.094802470784378,A1A2,1.6,375.8964762553902
342.0,142,7.494267561258181,B0C0,395.84113598952536,-1.6
342.0,143,0.0,C0B0,215.70203170896892,1.6
342.0,144,7.683615991206065,A1A2,1.6,392.979553955362
342.0,145,15.505397104899108,B1B0,198.4,64.83269113211651
342.0,146,12.067156492292181,A1A2,1.6,329.0613338286785
342.0,147,0.0,C0B0,223.20303465321732,1.6
342.0,148,6.2783105920629865,:B1_12,196.71753032924474,197.16948180245316
342.0,149,0.0,A0B0,161.79461822737738,-1.6
342.0,75,0.016353668928809118,B2B1,198.4,215.71231463635283
342.0,83,12.687941253155582,B2C2,310.07508482291746,398.4
342.0,92,0.0,B0B1,201.6,176.79686972273058
342.0,93,12.06730505760359,B2A2,124.67574018441205,401.6
342.0,96,11.839092715424677,C2B2,357.3764201188402,401.6
342.0,98,0.0,A0B0,184.2978116791153,-1.6
343.0,102,12.405702234609565,B2A2,141.93852135808163,401.6
343.0,103,12.784547818224318,A1A0,-1.6,141.2443123489145
343.0,104,7.151595732749567,B2C2,215.08996767716891,398.4
343.0,105,13.87596314815867,C0C1,401.6,102.57468798049652
343.0,112,0.0,B0B1,201.6,184.29790379679864
343.0,113,13.837736041288114,C2C1,398.4,321.191005546699
343.0,115,8.044290637086556,A0A1,1.6,192.5316975865746
343.0,116,5.230007492677817,:B2_3,201.7710766303328,393.9975364123296
343.0,121,8.744249439331256,B2C2,396.53823581408994,398.4
343.0,122,3.241161872648672,C0B0,396.6818674251465,1.6
343.0,123,0.0,A0B0,169.29565029700063,-1.6
343.0,124,0.0,C0B0,208.20101148362698,1.6
343.0,125,7.940480575810746,:B0_1,205.58561249145237,-1.369373213064624
343.0,126,0.00011819632567651674,B0B1,201.6,169.29579435172423
343.0,128,0.0,A0B0,191.7988992788361,-1.6
343.0,129,13.859724927645631,C1C2,401.6,313.0939739874398
343.0,132,0.0,B0B1,201.6,191.7989835600803
343.0,133,13.358419488198397,B1B2,201.6,367.963319550238
343.0,134,11.626060148208023,A0A1,1.6,40.95665424876656
343.0,135,13.641148280705059,B0A0,91.27011518449633,1.6
343.0,136,15.357309625843092,C1C2,401.6,360.40189016238514
343.0,137,0.0,B2B1,198.4,208.20100999338698
343.0,138,0.0,A0B0,176.7967385564853,-1.6
343.0,140,15.285721543737658,A1B1,130.04390170214785,198.4
343.0,141,7.458697540099084,A1A2,1.6,383.35517379548935
343.0,142,4.917332912637934,:C0_1,400.4455240010641,-0.3241266648931896
343.0,143,0.0,C0B0,215.70203170896892,1.6
343.0,144,3.813460701297191,A1A2,1.6,396.79301465665924
343.0,145,15.125701498155193,B1B0,198.4,49.706989633961314
343.0,146,12.196900917126097,A1A2,1.6,341.2582347458046
343.0,147,0.0,C0B0,223.20303465321732,1.6
343.0,148,5.811548512508377,B1B0,198.4,191.8328133328747
343.0,149,0.0,A0B0,161.79461822737738,-1.6
343.0,75,0.009945517508683345,B2B1,198.4,215.70236911884413
343.0,83,13.16476111460302,B2C2,323.2398459375205,398.4
343.0,92,0.0,B0B1,201.6,176.79686972273058
343.0,93,11.772816073513315,B2A2,112.90292411089874,401.6
343.0,96,13.458989600460106,C2B2,343.91743051838006,401.6
343.0,98,0.0,A0B0,184.2978116791153,-1.6
344.0,102,13.198204122405082,B2A2,128.7403172356765,401.6
344.0,103,13.214596691732668,A1A0,-1.6,128.02971565718184
344.0,104,9.017558971599804,B2C2,224.10752664876873,398.4
344.0,105,13.967726208954744,C0C1,401.6,116.54241418945126
344.0,112,0.0,B0B1,201.6,184.29790379679864
344.0,113,13.405159110113269,C2C1,398.4,307.78584643658576
344.0,115,5.286813585971744,:A1_6,3.4318248671619664,197.25909492029717
344.0,116,7.263886078547597,:B2_3,206.64889909502747,398.3212712992896
344.0,121,4.244249439331256,C2C1,398.4,395.3975147465788
344.0,122,5.402949116464742,C0B0,391.27891830868174,1.6
344.0,123,0.0,A0B0,169.29565029700063,-1.6
344.0,124,0.0,C0B0,208.20101148362698,1.6
344.0,125,9.114687242761814,B0C0,214.6841648781449,-1.6
344.0,126,0.0,B0B1,201.6,169.29579435172423
344.0,128,0.0,A0B0,191.7988992788361,-1.6
344.0,129,12.998313319495404,C1C2,401.6,326.09228730693525
344.0,132,0.0,B0B1,201.6,191.7989835600803
344.0,133,10.248025383129411,B1B2,201.6,378.2113449333674
344.0,134,13.795734246676409,A0A1,1.6,54.75238849544297
344.0,135,13.510725403254584,B0A0,77.75938978124175,1.6
344.0,136,14.741430308260506,C1C2,401.6,375.1433204706457
344.0,137,0.0,B2B1,198.4,208.20100999338698
344.0,138,0.0,A0B0,176.7967385564853,-1.6
344.0,140,14.722800319575676,A1B1,144.76670202172352,198.4
344.0,141,4.427418784178009,A1A2,1.6,387.7825925796673
344.0,142,4.688718197221018,C0C1,401.6,4.107187099384293
344.0,143,0.0,C0B0,215.70203170896892,1.6
344.0,144,1.6979926855181902,:A2_1,2.3439147961524047,398.2063488776914
344.0,145,14.671972781800376,B1B0,198.4,35.035016852160936
344.0,146,11.132127282211789,A1A2,1.6,352.3903620280164
344.0,147,0.0,C0B0,223.20303465321732,1.6
344.0,148,7.4054432131910986,B1B0,198.4,184.42737011968362
344.0,149,0.0,A0B0,161.79461822737738,-1.6
344.0,75,0.0002480535442570936,B2B1,198.4,215.70212106529988
344.0,83,12.31622151920397,B2C2,335.55606745672446,398.4
344.0,92,0.0,B0B1,201.6,176.79686972273058
344.0,93,12.531913747490108,B2A2,100.37101036340863,401.6
344.0,96,13.203165209614731,C2B2,330.71426530876533,401.6
344.0,98,0.0,A0B0,184.2978116791153,-1.6
345.0,102,13.038368648421534,B2A2,115.70194858725499,401.6
345.0,103,12.094801511410997,A1A0,-1.6,115.93491414577085
345.0,104,11.280014538944828,B2C2,235.38754118771357,398.4
345.0,105,13.668874672530846,C0C1,401.6,130.2112888619821
345.0,112,0.0,B0B1,201.6,184.29790379679864
345.0,113,12.885430091622508,C2C1,398.4,294.9004163449632
345.0,115,5.391770456916913,A1B1,8.580281629463254,198.4
345.0,116,6.433142441541798,B2C2,213.07653360632682,398.4
345.0,121,6.07890679112032,C2C1,398.4,389.31860795545845
345.0,122,7.536419568878637,C0B0,383.7424987398031,1.6
345.0,123,0.0,A0B0,169.29565029700063,-1.6
345.0,124,0.0,C0B0,208.20101148362698,1.6
345.0,125,10.542719938962348,B0C0,225.22688481710728,-1.6
345.0,126,0.0,B0B1,201.6,169.29579435172423
345.0,128,0.0,A0B0,191.7988992788361,-1.6
345.0,129,12.97152662915037,C1C2,401.6,339.0638139360856
345.0,132,0.0,B0B1,201.6,191.7989835600803
345.0,133,9.465912165004951,B1B2,201.6,387.67725709837237
345.0,134,16.0183069901267,A0A1,1.6,70.77069548556968
345.0,135,13.429917453838245,B0A0,64.3294723274035,1.6
345.0,136,12.690884847418584,C1C2,401.6,387.8342053180643
345.0,137,0.0,B2B1,198.4,208.20100999338698
345.0,138,0.0,A0B0,176.7967385564853,-1.6
345.0,140,14.290481358490855,A1B1,159.05718338021438,198.4
345.0,141,2.132134181537781,A1A2,1.6,389.9147267612051
345.0,142,6.0992134230035235,C0C1,401.6,10.20640052238782
345.0,143,0.0,C0B0,215.70203170896892,1.6
345.0,144,1.8365045281471313,A2B2,4.1475118703245455,398.4
345.0,145,15.385921184633569,B1B0,198.4,19.649095667527376
345.0,146,11.59504615173419,A1A2,1.6,363.9854081797506
345.0,147,0.0,C0B0,223.20303465321732,1.6
345.0,148,9.899029536019293,B1B0,198.4,174.52834058366432
345.0,149,0.0,A0B0,161.79461822737738,-1.6
345.0,75,0.0,B2B1,198.4,215.70212106529988
345.0,83,12.923628444357886,B2C2,348.4796959010823,398.4
345.0,92,0.0,B0B1,201.6,176.79686972273058
345.0,93,12.662745698858709,B2A2,87.7082646645499,401.6
345.0,96,12.732078478992976,C2B2,317.98218682977233,401.6
345.0,98,0.0,A0B0,184.2978116791153,-1.6
346.0,102,12.352876285152092,B2A2,103.3490723021029,401.6
346.0,103,13.13604257053733,A1A0,-1.6,102.79887157523352
346.0,104,12.101192358339489,B2C2,247.48873354605306,398.4
346.0,105,14.470705022742667,C0C1,401.6,144.68199388472476
346.0,112,0.0,B0B1,201.6,184.29790379679864
346.0,113,13.199026569145023,C2C1,398.4,281.7013897758182
346.0,115,7.630284212016762,A1B1,16.21056584148002,198.4
346.0,116,7.759415388859719,B2C2,220.83594899518656,398.4
346.0,121,8.357482670688555,C2C1,398.4,380.9611252847699
346.0,122,8.872505951921493,C0B0,374.8699927878816,1.6
346.0,123,0.0,A0B0,169.29565029700063,-1.6
346.0,124,0.0,C0B0,208.20101148362698,1.6
346.0,125,12.070126575611159,B0C0,237.29701139271842,-1.6
346.0,126,0.0,B0B1,201.6,169.29579435172423
346.0,128,0.0,A0B0,191.7988992788361,-1.6
346.0,129,13.831522772296788,C1C2,401.6,352.8953367083824
346.0,132,0.0,B0B1,201.6,191.7989835600803
346.0,133,6.611676538383194,:B2_3,201.81059998197915,394.2741998738541
346.0,134,15.787575865375215,A0A1,1.6,86.55827135094489
346.0,135,13.020013302474947,B0A0,51.30945902492854,1.6
346.0,136,8.4750991631683,C1C2,401.6,396.3093044812325
346.0,137,0.0,B2B1,198.4,208.20100999338698
346.0,138,0.0,A0B0,176.7967385564853,-1.6
346.0,140,14.92560453312841,A1B1,173.9827879133428,198.4
346.0,141,2.908819480833548,A1A2,1.6,392.8235462420387
346.0,142,8.142847591527818,C0C1,401.6,18.349248113915642
346.0,143,0.0,C0B0,215.70203170896892,1.6
346.0,144,3.949679443041757,A2B2,8.097191313366304,398.4
346.0,145,11.849329282530913,B1B0,198.4,7.799766384996474
346.0,146,10.0522074842683,A1A2,1.6,374.03761566401886
346.0,147,0.0,C0B0,223.20303465321732,1.6
346.0,148,12.23867312512382,B1B0,198.4,162.2896674585405
346.0,149,0.0,A0B0,161.79461822737738,-1.6
346.0,75,0.0,B2B1,198.4,215.70212106529988
346.0,83,13.27545566565182,B2C2,361.7551515667342,398.4
346.0,92,0.0,B0B1,201.6,176.79686972273058
346.0,93,11.89790520133982,B2A2,75.81035946321006,401.6
346.0,96,13.073929461552822,C2B2,304.90825736821955,401.6
346.0,98,0.0,A0B0,184.2978116791153,-1.6
347.0,102,13.013904833924538,B2A2,90.33516746817835,401.6
347.0,103,12.689790515909344,A1A0,-1.6,90.10908105932415
347.0,104,11.435135756589755,B2C2,258.9238693026428,398.4
347.0,105,14.102924329983697,C0C1,401.6,158.78491821470845
347.0,112,0.0,B0B1,201.6,184.29790379679864
347.0,113,13.131925246401911,C2C1,398.4,268.5694645294163
347.0,115,9.976479642767721,A1B1,26.18704548424774,198.4
347.0,116,9.971375551291652,B2C2,230.8073245464782,398.4
347.0,121,9.681569448717422,C2C1,398.4,371.27955583605245
347.0,122,10.978629477221556,C0B0,363.89136331066004,1.6
347.0,123,0.0,A0B0,169.29565029700063,-1.6
347.0,124,0.0,C0B0,208.20101148362698,1.6
347.0,125,13.488091258129662,B0C0,250.7851026508481,-1.6
347.0,126,0.0,B0B1,201.6,169.29579435172423
347.0,128,0.0,A0B0,191.7988992788361,-1.6
347.0,129,13.49057386282225,C1C2,401.6,366.38591057120465
347.0,132,0.0,B0B1,201.6,191.7989835600803
347.0,133,6.729813137298056,:B2_3,206.3967745413019,398.28525350590024
347.0,134,15.758076984506438,A0A1,1.6,102.31634833545132
347.0,135,13.234454653159448,B0A0,38.0750043717691,1.6
347.0,136,6.428777337694019,:C2_0,398.5840872753888,401.3451303892302
347.0,137,0.0,B2B1,198.4,208.20100999338698
347.0,138,0.0,A0B0,176.7967385564853,-1.6
347.0,140,15.456711954394326,A1B1,189.43949986773714,198.4
347.0,141,2.6911577074899813,A1A2,1.6,395.51470394952867
347.0,142,9.545750402641563,C0C1,401.6,27.894998516557205
347.0,143,0.0,C0B0,215.70203170896892,1.6
347.0,144,5.949132445535586,A2B2,14.046323758901892,398.4
347.0,145,7.908573283677549,:B0_1,200.78336660764515,0.4899800354129001
347.0,146,7.815941585021252,A1A2,1.6,381.85355724904014
347.0,147,0.0,C0B0,223.20303465321732,1.6
347.0,148,13.060322668013209,B1B0,198.4,149.22934479052728
347.0,149,0.0,A0B0,161.79461822737738,-1.6
347.0,75,0.0,B2B1,198.4,215.70212106529988
347.0,83,13.084829052531273,B2C2,374.8399806192655,398.4
347.0,92,0.0,B0B1,201.6,176.79686972273058
347.0,93,12.221007277691461,B2A2,63.58935218551861,401.6
347.0,96,12.794849566528633,C2B2,292.11340780169087,401.6
347.0,98,0.0,A0B0,184.2978116791153,-1.6
348.0,102,13.158296872852883,B2A2,77.17687059532544,401.6
348.0,103,12.268570966697672,A1A0,-1.6,77.84051009262649
348.0,104,11.432367897795796,B2C2,270.3562372004386,398.4
348.0,105,14.179252286079034,C0C1,401.6,172.9641705007875
348.0,112,0.0,B0B1,201.6,184.29790379679864
348.0,113,12.903483538542165,C2C1,398.4,255.66598099087412
348.0,115,12.51585730027806,A1B1,38.702902784525804,198.4
348.0,116,11.392968690379433,B2C2,242.20029323685765,398.4
348.0,121,11.069250084341986,C2C1,398.4,360.2103057517105
348.0,122,12.714305399839803,C0B0,351.1770579108202,1.6
348.0,123,0.0,A0B0,169.29565029700063,-1.6
348.0,124,0.0,C0B0,208.20101148362698,1.6
348.0,125,15.025794408291588,B0C0,265.8108970591397,-1.6
348.0,126,0.0,B0B1,201.6,169.29579435172423
348.0,128,0.0,A0B0,191.7988992788361,-1.6
348.0,129,12.920414116045915,C1C2,401.6,379.3063246872506
348.0,132,0.0,B0B1,201.6,191.7989835600803
348.0,133,5.563811877972052,B2C2,211.95255865202563,398.4
348.0,134,15.85511570673097,A0A1,1.6,118.17146404218231
348.0,135,13.762616830718436,B0A0,24.31238754105067,1.6
348.0,136,6.1046345321372515,C2B2,392.4972836489362,401.6
348.0,137,0.0,B2B1,198.4,208.20100999338698
348.0,138,0.0,A0B0,176.7967385564853,-1.6
348.0,141,3.8101874992386247,:A2_1,3.1454367761799036,398.39220525374
348.0,142,11.356099065468726,C0C1,401.6,39.251097582025935
348.0,143,0.0,C0B0,215.70203170896892,1.6
348.0,144,8.178158923622183,A2B2,22.224482682524076,398.4
348.0,145,8.438869591386617,B0C0,208.75767649006767,-1.6
348.0,146,4.396251171054381,A1A2,1.6,386.2498084200945
348.0,147,0.0,C0B0,223.20303465321732,1.6
348.0,148,12.778506796672986,B1B0,198.4,136.4508379938543
348.0,149,0.0,A0B0,161.79461822737738,-1.6
348.0,75,0.0,B2B1,198.4,215.70212106529988
348.0,83,12.585515061386973,B2C2,387.42549568065243,398.4
348.0,92,0.0,B0B1,201.6,176.79686972273058
348.0,93,12.296512926221551,B2A2,51.29283925929707,401.6
348.0,96,13.45884925599216,C2B2,278.6545585456987,401.6
348.0,98,0.0,A0B0,184.2978116791153,-1.6
349.0,102,12.183908767989418,B2A2,64.99296182733603,401.6
349.0,103,12.182113816850261,A1A0,-1.6,65.65839627577624
349.0,104,12.213649782439045,B2C2,282.5698869828777,398.4
349.0,105,14.628960482855954,C0C1,401.6,187.59313098364345
349.0,112,0.0,B0B1,201.6,184.29790379679864
349.0,113,13.229466874202004,C2C1,398.4,242.4365141166721
349.0,115,12.092327605818324,A1B1,50.79523039034413,198.4
349.0,116,13.31320455421964,B2C2,255.51349779107727,398.4
349.0,121,13.545924671016184,C2C1,398.4,346.6643810806943
349.0,122,13.351735864584619,C0B0,337.8253220462356,1.6
349.0,123,0.0,A0B0,169.29565029700063,-1.6
349.0,124,0.0,C0B0,208.20101148362698,1.6
349.0,125,14.799234475808227,B0C0,280.6101315349479,-1.6
349.0,126,0.0,B0B1,201.6,169.29579435172423
349.0,128,0.0,A0B0,191.7988992788361,-1.6
349.0,129,9.98264859918289,C1C2,401.6,389.2889732864335
349.0,132,0.0,B0B1,201.6,191.7989835600803
349.0,133,7.055975611597836,B2C2,219.00853426362346,398.4
349.0,134,16.824927440170537,A0A1,1.6,134.99639148235283
349.0,135,13.308819700548158,B0A0,11.003567840502512,1.6
349.0,136,8.052014079937189,C2B2,384.44526956899904,401.6
349.0,137,0.0,B2B1,198.4,208.20100999338698
349.0,138,0.0,A0B0,176.7967385564853,-1.6
349.0,141,3.3416101506347573,A2B2,6.486501599402036,398.4
349.0,142,11.881145602880142,C0C1,401.6,51.13224318490608
349.0,143,0.0,C0B0,215.70203170896892,1.6
349.0,144,9.212393064266161,A2B2,31.436875746790243,398.4
349.0,145,9.9978205120923,B0C0,218.75549700215998,-1.6
349.0,146,4.40594734066843,A1A2,1.6,390.655755760763
349.0,147,0.0,C0B0,223.20303465321732,1.6
349.0,148,13.089194678660528,B1B0,198.4,123.36164331519376
349.0,149,0.0,A0B0,161.79461822737738,-1.6
349.0,75,0.00010865135975737438,B2B1,198.4,215.7020124139401
349.0,92,0.0,B0B1,201.6,176.79686972273058
349.0,93,12.686929891971596,B2A2,38.60590936732547,401.6
349.0,96,12.83939966235316,C2B2,265.8151588833456,401.6
349.0,98,0.0,A0B0,184.2978116791153,-1.6
350.0,102,12.504894847437322,B2A2,52.48806697989872,401.6
350.0,103,12.505616433667392,A1A0,-1.6,53.15277984210883
350.0,104,12.341057709924229,B2C2,294.9109446928019,398.4
350.0,112,0.0,B0B1,201.6,184.29790379679864
350.0,113,12.830171476470529,C2C1,398.4,229.60634264020158
350.0,115,11.840178861750216,A1B1,62.63540925209436,198.4
350.0,116,14.18647090085322,B2C2,269.6999686919305,398.4
350.0,121,14.892396210473173,C2C1,398.4,331.7719848702211
350.0,122,13.65717170688352,C0B0,324.1681503393521,1.6
350.0,123,0.0,A0B0,169.29565029700063,-1.6
350.0,124,0.0,C0B0,208.20101148362698,1.6
350.0,125,15.503019094637605,B0C0,296.1131506295855,-1.6
350.0,126,0.0,B0B1,201.6,169.29579435172423
350.0,128,0.00010055050601543861,A0B0,191.7989998293421,-1.6
350.0,129,6.890925819508442,C1C2,401.6,396.1798991059419
350.0,132,0.0,B0B1,201.6,191.7989835600803
350.0,133,8.644288738092012,B2C2,227.65282300171546,398.4
350.0,134,16.459947862244547,A0A1,1.6,151.45633934459738
350.0,136,10.256321036573908,C2B2,374.1889485324251,401.6
350.0,137,0.0,B2B1,198.4,208.20100999338698
350.0,138,0.0,A0B0,176.7967385564853,-1.6
350.0,141,4.869583792578875,A2B2,11.356085391980912,398.4
350.0,142,13.0021013554615,C0C1,401.6,64.1343445403676
350.0,143,0.0,C0B0,215.70203170896892,1.6
350.0,144,9.665486368774527,A2B2,41.102362115564766,398.4
350.0,145,12.08124366256278,B0C0,230.83674066472275,-1.6
350.0,146,4.040410504609692,A1A2,1.6,394.69616626537265
350.0,147,0.0,C0B0,223.20303465321732,1.6
350.0,148,13.275779961753683,B1B0,198.4,110.08586335344008
350.0,149,0.0,A0B0,161.79461822737738,-1.6
350.0,75,0.0,B2B1,198.4,215.7020124139401
350.0,92,0.0,B0B1,201.6,176.79686972273058
350.0,93,11.976913139494792,B2A2,26.62899622783067,401.6
350.0,96,13.566155918287173,C2B2,252.2490029650584,401.6
350.0,98,0.0,A0B0,184.2978116791153,-1.6
351.0,102,13.36551461214251,B2A2,39.122552367756214,401.6
351.0,103,12.357199585582503,A1A0,-1.6,40.795580256526335
351.0,104,11.539480661268628,B2C2,306.45042535407055,398.4
351.0,112,0.0,B0B1,201.6,184.29790379679864
351.0,113,11.502315385192642,C2C1,398.4,218.10402725500893
351.0,115,12.121526735883132,A1B1,74.75693598797749,198.4
351.0,116,12.73475084443541,B2C2,282.43471953636595,398.4
351.0,121,15.245617212787414,C2C1,398.4,316.5263676574337
351.0,122,13.213321014801325,C0B0,310.95482932455076,1.6
351.0,123,0.0,A0B0,169.29565029700063,-1.6
351.0,124,0.0,C0B0,208.20101148362698,1.6
351.0,125,15.356228926389488,B0C0,311.469379555975,-1.6
351.0,126,0.0,B0B1,201.6,169.29579435172423
351.0,128,0.0,A0B0,191.7989998293421,-1.6
351.0,129,5.680879035686456,:C2_0,399.3787563000289,401.01274621998266
351.0,132,0.0,B0B1,201.6,191.7989835600803
351.0,133,10.271778364802314,B2C2,237.92460136651778,398.4
351.0,134,16.49915852532849,A0A1,1.6,167.95549786992586
351.0,136,12.534130651564746,C2B2,361.6548178808604,401.6
351.0,137,0.0,B2B1,198.4,208.20100999338698
351.0,138,0.0,A0B0,176.7967385564853,-1.6
351.0,141,6.805593579718359,A2B2,18.161678971699274,398.4
351.0,142,11.77845928987591,C0C1,401.6,75.91280383024349
351.0,143,0.0,C0B0,215.70203170896892,1.6
351.0,144,9.821428689039402,A2B2,50.923790804604174,398.4
351.0,145,13.73273433808107,B0C0,244.56947500280384,-1.6
351.0,146,2.3957553540733456,:A2_1,1.6412904150171648,397.0890329051202
351.0,147,0.0,C0B0,223.20303465321732,1.6
351.0,148,12.52248908330784,B1B0,198.4,97.56337427013223
351.0,149,0.0,A0B0,161.79461822737738,-1.6
351.0,75,0.0,B2B1,198.4,215.7020124139401
351.0,92,0.0,B0B1,201.6,176.79686972273058
351.0,93,12.28680952127623,B2A2,14.342186706554429,401.6
351.0,96,13.86878118004656,C2B2,238.38022178501183,401.6
351.0,98,0.0001827575030475475,A0B0,184.29799443661835,-1.6
352.0,102,13.139335865262478,B2A2,25.983216502493747,401.6
352.0,103,12.201763412291557,A1A0,-1.6,28.593816844234766
352.0,104,11.340630729443676,B2C2,317.7910560835142,398.4
352.0,112,0.0,B0B1,201.6,184.29790379679864
352.0,113,7.002315385192642,C2C1,398.4,211.10171186981628
352.0,115,12.169435169828981,A1B1,86.92637115780647,198.4
352.0,116,12.318137488867205,B2C2,294.75285702523314,398.4
352.0,121,14.791877513997399,C2C1,398.4,301.7344901434363
352.0,122,13.670501143629947,C0B0,297.2843281809208,1.6
352.0,123,0.0,A0B0,169.29565029700063,-1.6
352.0,124,0.0,C0B0,208.20101148362698,1.6
352.0,125,15.020423098521317,B0C0,326.4898026544963,-1.6
352.0,126,0.0,B0B1,201.6,169.29579435172423
352.0,128,0.0,A0B0,191.7989998293421,-1.6
352.0,129,5.058164632298365,C2B2,394.4210572260733,401.6
352.0,132,0.0,B0B1,201.6,191.7989835600803
352.0,133,11.850311421180677,B2C2,249.77491278769847,398.4
352.0,134,16.28721134397328,A0A1,1.6,184.24270921389913
352.0,136,14.266231464026905,C2B2,347.38858641683345,401.6
352.0,137,0.0,B2B1,198.4,208.20100999338698
352.0,138,0.00019686085842500058,A0B0,176.79693541734375,-1.6
352.0,141,9.21458122384686,A2B2,27.376260195546134,398.4
352.0,142,12.262573294384502,C0C1,401.6,88.175377124628
352.0,143,0.0,C0B0,215.70203170896892,1.6
352.0,144,9.061072677215652,A2B2,59.98486348181983,398.4
352.0,145,15.780093834790112,B0C0,260.34956883759395,-1.6
352.0,146,2.7629057296928763,A2B2,3.6748273491388628,398.4
352.0,147,0.0,C0B0,223.20303465321732,1.6
352.0,148,12.35084757623826,B1B0,198.4,85.21252669389395
352.0,149,0.0,A0B0,161.79461822737738,-1.6
352.0,75,0.0,B2B1,198.4,215.7020124139401
352.0,92,0.0,B0B1,201.6,176.79686972273058
352.0,93,9.128817287606456,B2A2,5.213369418947963,401.6
352.0,96,13.671504550771848,C2B2,224.70871723423997,401.6
352.0,98,0.0,A0B0,184.29799443661835,-1.6
353.0,102,9.675329868317926,B2A2,16.307886634175816,401.6
353.0,103,12.360785374585912,A1A0,-1.6,16.233031469648864
353.0,104,11.1374816582243,B2C2,328.9285377417385,398.4
353.0,112,0.0,B0B1,201.6,184.29790379679864
353.0,113,2.5023153851926416,C2C1,398.4,208.59939648462364
353.0,115,12.209557708587424,A1B1,99.1359288663939,198.4
353.0,116,12.0561038337109,B2C2,306.80896085894403,398.4
353.0,121,14.581491174771593,C2C1,398.4,287.1529989686647
353.0,122,14.323312691534223,C0B0,282.96101548938657,1.6
353.0,123,0.00017380265430042447,A0B0,169.29582409965494,-1.6
353.0,124,0.0,C0B0,208.20101148362698,1.6
353.0,125,15.68608726284747,B0C0,342.17588991734385,-1.6
353.0,126,0.0,B0B1,201.6,169.29579435172423
353.0,128,0.0,A0B0,191.7989998293421,-1.6
353.0,129,7.624537481159285,C2B2,386.796519744914,401.6
353.0,132,0.0,B0B1,201.6,191.7989835600803
353.0,133,14.144518899538056,B2C2,263.9194316872365,398.4
353.0,136,14.50716442802038,C2B2,332.8814219888131,401.6
353.0,137,0.0,B2B1,198.4,208.20100999338698
353.0,138,0.0,A0B0,176.79693541734375,-1.6
353.0,141,11.800120204002111,A2B2,39.17638039954825,398.4
353.0,142,12.631455263817779,C0C1,401.6,100.8068323884458
353.0,143,0.0,C0B0,215.70203170896892,1.6
353.0,144,9.522275056345478,A2B2,69.50713853816531,398.4
353.0,145,15.71848880861298,B0C0,276.0680576462069,-1.6
353.0,146,4.518724430343584,A2B2,8.193551779482448,398.4
353.0,147,0.0,C0B0,223.20303465321732,1.6
353.0,148,12.704215861955703,B1B0,198.4,72.50831083193823
353.0,149,0.0,A0B0,161.79461822737738,-1.6
353.0,75,0.0,B2B1,198.4,215.7020124139401
353.0,92,0.0,B0B1,201.6,176.79686972273058
353.0,93,5.105240872439265,:A2_0,0.26734419125553766,400.8004065147533
353.0,96,13.998024545651921,C2B2,210.71069268858804,401.6
353.0,98,0.0,A0B0,184.29799443661835,-1.6
354.0,102,6.20459829877071,B2A2,10.103288335405097,401.6
354.0,103,9.834599920454249,A1A0,-1.6,6.398431549194612
354.0,104,12.394782993214488,B2C2,341.323320734953,398.4
354.0,112,0.0,B0B1,201.6,184.29790379679864
354.0,113,0.20950446569919837,C2C1,398.4,208.38989201892443
354.0,115,11.873277780881077,A1B1,111.009206647275,198.4
354.0,116,12.030894632219207,B2C2,318.83985549116323,398.4
354.0,121,14.639534981981063,C2C1,398.4,272.51346398668363
354.0,122,14.241917575015972,C0B0,268.71909791437065,1.6
354.0,123,0.0,A0B0,169.29582409965494,-1.6
354.0,124,0.0,C0B0,208.20101148362698,1.6
354.0,125,15.432054501453424,B0C0,357.6079444187973,-1.6
354.0,126,0.0,B0B1,201.6,169.29579435172423
354.0,128,0.0,A0B0,191.7989998293421,-1.6
354.0,129,9.752068313352146,C2B2,377.04445143156187,401.6
354.0,132,0.0,B0B1,201.6,191.7989835600803
354.0,133,13.516701732708574,B2C2,277.4361334199451,398.4
354.0,136,15.23976335067816,C2B2,317.6416586381349,401.6
354.0,137,0.0,B2B1,198.4,208.20100999338698
354.0,138,0.0,A0B0,176.79693541734375,-1.6
354.0,141,13.681320466147202,A2B2,52.85770086569546,398.4
354.0,142,12.722420309224264,C0C1,401.6,113.52925269767007
354.0,143,0.0,C0B0,215.70203170896892,1.6
354.0,144,8.948754450427458,A2B2,78.45589298859277,398.4
354.0,145,14.78882295387675,B0C0,290.8568806000837,-1.6
354.0,146,6.466627024640776,A2B2,14.660178804123227,398.4
354.0,147,0.0,C0B0,223.20303465321732,1.6
354.0,148,12.797871045541063,B1B0,198.4,59.71043978639719
354.0,149,0.00011761459776148853,A0B0,161.79473584197515,-1.6
354.0,75,0.0,B2B1,198.4,215.7020124139401
354.0,92,0.0,B0B1,201.6,176.79686972273058
354.0,93,4.6925491696291495,A2A1,-1.6,396.7555793768796
354.0,98,0.0,A0B0,184.29799443661835,-1.6
355.0,102,4.9118156331552365,B2A2,5.191472702249854,401.6
355.0,103,5.334599920454249,:A0_0,-1.2921886785260275,1.0869811308767123
355.0,104,12.385189349966407,B2C2,353.7085100849194,398.4
355.0,112,0.0,B0B1,201.6,184.29790379679864
355.0,113,0.16654767764084313,C2C1,398.4,208.2233443412836
355.0,115,11.581850371558145,A1B1,122.59105701883313,198.4
355.0,116,12.853965950468565,B2C2,331.6938214416318,398.4
355.0,121,14.15767803286589,C2C1,398.4,258.35578595381776
355.0,122,13.040182754122936,C0B0,255.6789151602477,1.6
355.0,123,0.0,A0B0,169.29582409965494,-1.6
355.0,124,0.0,C0B0,208.20101148362698,1.6
355.0,125,15.453328138574037,B0C0,373.06127255737124,-1.6
355.0,126,0.0,B0B1,201.6,169.29579435172423
355.0,128,0.0,A0B0,191.7989998293421,-1.6
355.0,129,12.148803194380678,C2B2,364.8956482371812,401.6
355.0,132,0.0,B0B1,201.6,191.7989835600803
355.0,133,13.267346398455524,B2C2,290.70347981840064,398.4
355.0,136,15.143280672804005,C2B2,302.49837796533086,401.6
355.0,137,0.0,B2B1,198.4,208.20100999338698
355.0,138,0.0,A0B0,176.79693541734375,-1.6
355.0,141,11.614640801073449,A2B2,64.47234166676891,398.4
355.0,142,12.629064887339347,C0C1,401.6,126.15831758500941
355.0,143,0.0,C0B0,215.70203170896892,1.6
355.0,144,9.034629070833416,A2B2,87.49052205942618,398.4
355.0,145,15.079510130601646,B0C0,305.93639073068533,-1.6
355.0,146,8.890699907360116,A2B2,23.550878711483342,398.4
355.0,147,0.0,C0B0,223.20303465321732,1.6
355.0,148,12.174597221409016,B1B0,198.4,47.53584256498817
355.0,149,0.0,A0B0,161.79473584197515,-1.6
355.0,75,0.0,B2B1,198.4,215.7020124139401
355.0,92,0.0,B0B1,201.6,176.79686972273058
355.0,93,6.414065533953056,A2A1,-1.6,390.34151384292653
355.0,98,0.0,A0B0,184.29799443661835,-1.6
356.0,102,5.537250650534912,:A2_0,-0.12193835599563196,400.5668369864026
356.0,103,4.9025112802617254,:A0_0,2.5056195764967475,-1.5008027966423927
356.0,104,11.731216072657428,B2C2,365.43972615757684,398.4
356.0,112,0.0,B0B1,201.6,184.29790379679864
356.0,113,0.01767850666175328,C2C1,398.4,208.20566583462184
356.0,115,12.691748474214151,A1B1,135.28280549304728,198.4
356.0,116,11.85900201216909,B2C2,343.5528234538009,398.4
356.0,121,14.83089249668564,C2C1,398.4,243.5248934571321
356.0,122,11.864944393048326,C0B0,243.81397076719938,1.6
356.0,123,0.0,A0B0,169.29582409965494,-1.6
356.0,124,0.0,C0B0,208.20101148362698,1.6
356.0,125,13.223030746326335,B0C0,386.2843033036976,-1.6
356.0,126,0.0,B0B1,201.6,169.29579435172423
356.0,128,0.0,A0B0,191.7989998293421,-1.6
356.0,129,13.805066322603718,C2B2,351.09058191457746,401.6
356.0,132,0.0,B0B1,201.6,191.7989835600803
356.0,133,13.402953021640391,B2C2,304.106432840041,398.4
356.0,136,14.390461371965259,C2B2,288.10791659336564,401.6
356.0,137,0.0,B2B1,198.4,208.20100999338698
356.0,138,0.0,A0B0,176.79693541734375,-1.6
356.0,141,10.696750496602322,A2B2,75.16909216337123,398.4
356.0,142,11.804834686146215,C0C1,401.6,137.96315227115562
356.0,143,0.0,C0B0,215.70203170896892,1.6
356.0,144,10.101223153043628,A2B2,97.59174521246982,398.4
356.0,145,14.878360897450419,B0C0,320.81475162813575,-1.6
356.0,146,10.338947875532769,A2B2,33.88982658701612,398.4
356.0,147,0.0,C0B0,223.20303465321732,1.6
356.0,148,12.489860324637078,B1B0,198.4,35.045982240351094
356.0,149,0.0,A0B0,161.79473584197515,-1.6
356.0,75,0.0,B2B1,198.4,215.7020124139401
356.0,92,0.0,B0B1,201.6,176.79686972273058
356.0,93,8.500790409913556,A2A1,-1.6,381.84072343301295
356.0,98,0.0,A0B0,184.29799443661835,-1.6
357.0,102,5.438309934828936,A2A1,-1.6,395.555912116886
357.0,103,5.731143445124664,A0B0,8.229823096646019,-1.6
357.0,104,12.295634953624852,B2C2,377.73536111120166,398.4
357.0,112,0.0,B0B1,201.6,184.29790379679864
357.0,113,0.0030900819846518372,C2C1,398.4,208.2025757526372
357.0,115,12.413347156813295,A1B1,147.69615264986058,198.4
357.0,116,11.341952562976472,B2C2,354.89477601677737,398.4
357.0,121,12.622394206943301,C2C1,398.4,230.90249925018878
357.0,122,8.784808917297319,C0B0,235.02916184990207,1.6
357.0,123,0.00010956826143074467,A0B0,169.29593366791636,-1.6
357.0,124,0.0,C0B0,208.20101148362698,1.6
357.0,125,10.07066647633306,B0C0,396.3549697800307,-1.6
357.0,126,0.0,B0B1,201.6,169.29579435172423
357.0,128,0.0,A0B0,191.7989998293421,-1.6
357.0,129,13.18169271582597,C2B2,337.9088891987515,401.6
357.0,132,0.0,B0B1,201.6,191.7989835600803
357.0,133,13.412009099444807,B2C2,317.5184419394858,398.4
357.0,136,15.4928949261415,C2B2,272.61502166722414,401.6
357.0,137,0.0,B2B1,198.4,208.20100999338698
357.0,138,0.0,A0B0,176.79693541734375,-1.6
357.0,141,11.21123925864059,A2B2,86.38033142201182,398.4
357.0,142,12.992109432766311,C0C1,401.6,150.95526170392193
357.0,143,0.0,C0B0,215.70203170896892,1.6
357.0,144,8.999095124197282,A2B2,106.59084033666711,398.4
357.0,145,15.106954812406272,B0C0,335.92170644054204,-1.6
357.0,146,11.691366025993831,A2B2,45.58119261300995,398.4
357.0,147,0.0,C0B0,223.20303465321732,1.6
357.0,148,12.812842801288747,B1B0,198.4,22.23313943906234
357.0,149,0.0,A0B0,161.79473584197515,-1.6
357.0,75,0.0,B2B1,198.4,215.7020124139401
357.0,92,0.0,B0B1,201.6,176.79686972273058
357.0,93,10.913529094734498,A2A1,-1.6,370.92719433827847
357.0,98,0.0,A0B0,184.29799443661835,-1.6
358.0,102,6.939908759529277,A2A1,-1.6,388.61600335735676
358.0,103,7.123084756498039,A0B0,15.352907853144064,-1.6
358.0,104,11.110279942843913,B2C2,388.8456410540456,398.4
358.0,112,0.0,B0B1,201.6,184.29790379679864
358.0,113,0.0015376154814221998,C2C1,398.4,208.20103813715576
358.0,115,12.174841854397133,A1B1,159.8709945042577,198.4
358.0,116,12.549714211359605,B2C2,367.44449022813694,398.4
358.0,121,8.840027011239439,C2C1,398.4,222.06247223894934
358.0,122,4.284808917297319,C0B0,230.74435293260476,1.6
358.0,123,0.0,A0B0,169.29593366791636,-1.6
358.0,124,0.0,C0B0,208.20101148362698,1.6
358.0,125,5.742260698992551,:C0_1,401.1344189908203,0.8240316513671316
358.0,126,0.0,B0B1,201.6,169.29579435172423
358.0,128,0.0,A0B0,191.7989998293421,-1.6
358.0,129,13.940385626953551,C2B2,323.96850357179795,401.6
358.0,132,0.0,B0B1,201.6,191.7989835600803
358.0,133,13.869831971328207,B2C2,331.388273910814,398.4
358.0,136,15.252316079787462,C2B2,257.3627055874366,401.6
358.0,137,0.0,B2B1,198.4,208.20100999338698
358.0,138,0.0,A0B0,176.79693541734375,-1.6
358.0,141,9.042045064308157,A2B2,95.42237648631998,398.4
358.0,142,12.534999152152896,C0C1,401.6,163.49026085607483
358.0,143,0.0,C0B0,215.70203170896892,1.6
358.0,144,9.660769090503544,A2B2,116.25160942717066,398.4
358.0,145,14.901343863861346,B0C0,350.82305030440335,-1.6
358.0,146,11.143963270007864,A2B2,56.72515588301783,398.4
358.0,147,0.0,C0B0,223.20303465321732,1.6
358.0,148,8.906706566548642,B1B0,198.4,13.326432872513692
358.0,149,0.00015546453263475148,A0B0,161.7948913065078,-1.6
358.0,75,0.0,B2B1,198.4,215.7020124139401
358.0,92,0.0,B0B1,201.6,176.79686972273058
358.0,93,12.39452620396922,A2A1,-1.6,358.53266813430923
358.0,98,0.0,A0B0,184.29799443661835,-1.6
359.0,102,8.268223958532833,A2A1,-1.6,380.34777939882395
359.0,103,9.261764765669406,A0B0,24.614672618813465,-1.6
359.0,104,7.231164160212364,B2C2,396.0768052142579,398.4
359.0,112,0.0,B0B1,201.6,184.29790379679864
359.0,113,0.0,C2C1,398.4,208.20103813715576
359.0,115,12.139999584762306,A1B1,172.01099408902002,198.4
359.0,116,12.02293917252554,B2C2,379.46742940066247,398.4
359.0,121,4.599490343682298,C2C1,398.4,217.46298189526703
359.0,122,0.028557862801343502,C0B0,230.71579506980342,1.6
359.0,123,0.0,A0B0,169.29593366791636,-1.6
359.0,124,0.0,C0B0,208.20101148362698,1.6
359.0,125,5.830021976092622,C0C1,401.6,6.587252455115822
359.0,126,0.0,B0B1,201.6,169.29579435172423
359.0,128,0.0,A0B0,191.7989998293421,-1.6
359.0,129,13.694687130347349,C2B2,310.2738164414506,401.6
359.0,132,0.0,B0B1,201.6,191.7989835600803
359.0,133,14.25493212269383,B2C2,345.6432060335079,398.4
359.0,136,15.266690024696773,C2B2,242.09601556273986,401.6
359.0,137,0.0,B2B1,198.4,208.20100999338698
359.0,138,0.0,A0B0,176.79693541734375,-1.6
359.0,141,10.012140430584886,A2B2,105.43451691690488,398.4
359.0,142,12.480303105312496,C0C1,401.6,175.9705639613873
359.0,143,0.0,C0B0,215.70203170896892,1.6
359.0,144,9.0915819799575,A2B2,125.34319140712816,398.4
359.0,145,14.548271265773744,B0C0,365.3713215701771,-1.6
359.0,146,12.268483542885862,A2B2,68.99363942590368,398.4
359.0,147,0.0,C0B0,223.20303465321732,1.6
359.0,148,4.460940730768453,B1B0,198.4,8.86549214174525
359.0,149,0.0,A0B0,161.7948913065078,-1.6
359.0,75,0.0,B2B1,198.4,215.7020124139401
359.0,92,0.0,B0B1,201.6,176.79686972273058
359.0,93,12.642663840288952,A2A1,-1.6,345.8900042940203
359.0,98,0.0,A0B0,184.29799443661835,-1.6
360.0,102,10.850133877061813,A2A1,-1.6,369.49764552176214
360.0,103,11.243924647545256,A0B0,35.85859726635873,-1.6
360.0,104,2.731164160212364,:C2_1,398.319089987321,397.36637008875306
360.0,112,0.0,B0B1,201.6,184.29790379679864
360.0,113,0.0,C2C1,398.4,208.20103813715576
360.0,115,12.225322425274104,A1B1,184.23631651429412,198.4
360.0,116,7.52293917252554,B2C2,386.990368573188,398.4
360.0,121,1.0134081185942518,C2C1,398.4,216.4495737766728
360.0,122,0.011607135973251696,C0B0,230.70418793383016,1.6
360.0,123,0.0,A0B0,169.29593366791636,-1.6
360.0,124,0.0,C0B0,208.20101148362698,1.6
360.0,125,7.289005291620061,C0C1,401.6,13.876257746735885
360.0,126,0.0,B0B1,201.6,169.29579435172423
360.0,128,0.0,A0B0,191.7989998293421,-1.6
360.0,129,13.900006743495808,C2B2,296.3738096979548,401.6
360.0,132,0.0,B0B1,201.6,191.7989835600803
360.0,133,14.210949352097199,B2C2,359.85415538560505,398.4
360.0,136,15.427600778788811,C2B2,226.66841478395105,401.6
360.0,137,0.0,B2B1,198.4,208.20100999338698
360.0,138,0.0,A0B0,176.79693541734375,-1.6
360.0,141,9.351999007752415,A2B2,114.7865159246573,398.4
360.0,142,9.535258685655375,C0C1,401.6,185.5058226470427
360.0,143,0.0,C0B0,215.70203170896892,1.6
360.0,144,9.619934916338043,A2B2,134.96312632346618,398.4
360.0,145,15.545265211592138,B0C0,380.9165867817692,-1.6
360.0,146,12.151089211182901,A2B2,81.14472863708659,398.4
360.0,147,0.0,C0B0,223.20303465321732,1.6
360.0,148,0.3844427797509288,B1B0,198.4,8.481049361994309
360.0,149,0.0,A0B0,161.7948913065078,-1.6
360.0,75,0.0,B2B1,198.4,215.7020124139401
360.0,92,0.0,B0B1,201.6,176.79686972273058
360.0,93,12.554048197288722,A2A1,-1.6,333.33595609673154
360.0,98,0.0,A0B0,184.29799443661835,-1.6
361.0,102,12.80231528968136,A2A1,-1.6,356.6953302320808
361.0,103,12.321199770789036,A0B0,48.179797037147765,-1.6
361.0,104,3.314233443301208,C2C1,398.4,394.0577971822285
361.0,112,0.0,B0B1,201.6,184.29790379679864
361.0,113,1.5222682371968403,:C1_1,398.4,206.67876989995892
361.0,116,4.008310623046633,B2C2,390.99867919623466,398.4
361.0,121,0.4481697038741343,C2C1,398.4,216.00140407279866
361.0,122,0.0001082629747604154,C0B0,230.7040796708554,1.6
361.0,123,0.0,A0B0,169.29593366791636,-1.6
361.0,124,1.6394309952156618,:B0_4,206.56158048841132,1.6
361.0,125,9.881436959672511,C0C1,401.6,23.757694706408394
361.0,126,0.0,B0B1,201.6,169.29579435172423
361.0,128,1.7569819361902774,:B0_7,193.54728341264214,-1.4932452267654084
361.0,129,12.849497470980035,C2B2,283.52431222697476,401.6
361.0,132,1.5488222009502353,:B1_9,201.6,193.34780576103054
361.0,133,11.0687703118544,B2C2,370.9229256974595,398.4
361.0,136,14.447245207159332,C2B2,212.2211695767917,401.6
361.0,137,2.409448786545545,:B1_0,198.20078549027593,205.80549843193145
361.0,138,0.0,A0B0,176.79693541734375,-1.6
361.0,141,10.16736392755702,A2B2,124.95387985221431,398.4
361.0,142,10.905730011195358,:C1_3,401.6,196.41155265823804
361.0,143,0.0,C0B0,215.70203170896892,1.6
361.0,144,8.89253476837659,A2B2,143.85566109184276,398.4
361.0,145,11.045265211592138,B0C0,391.9618519933614,-1.6
361.0,146,11.480704887679078,A2B2,92.62543352476567,398.4
361.0,147,0.0,C0B0,223.20303465321732,1.6
361.0,148,0.2754656767670632,B1B0,198.4,8.205583685227253
361.0,149,0.0,A0B0,161.7948913065078,-1.6
361.0,75,0.0,B2B1,198.4,215.7020124139401
361.0,92,0.0,B0B1,201.6,176.79686972273058
361.0,93,12.49265279748077,A2A1,-1.6,320.8433032992508
361.0,98,0.0,A0B0,184.29799443661835,-1.6
362.0,102,12.558338869726798,A2A1,-1.6,344.13699136235397
362.0,103,12.340949349855446,A0B0,60.520746387003214,-1.6
362.0,104,4.766523934059814,C2C1,398.4,389.29127324816875
362.0,112,0.9947709885252324,B0B1,201.6,185.29267478532387
362.0,113,4.090653017698787,:C1_1,398.4,202.58811688226015
362.0,121,1.7022698901670663,C2C1,398.4,214.2991341826316
362.0,122,0.0,C0B0,230.7040796708554,1.6
362.0,123,0.0,A0B0,169.29593366791636,-1.6
362.0,124,3.7962268133414905,:B0_4,202.76535367506983,1.6
362.0,125,11.399123902055226,C0C1,401.6,35.156818608463624
362.0,126,0.0,B0B1,201.6,169.29579435172423
362.0,128,3.213018234467632,:B0_7,196.7135205530051,-1.0118876681969333
362.0,129,13.021550247001917,C2B2,270.50276197997283,401.6
362.0,132,3.0882080135401337,:B1_9,201.6,196.43601377457068
362.0,133,7.580229069490569,B2C2,378.50315476695005,398.4
362.0,137,4.410147042339668,:B1_0,195.88200935561878,202.32920561337124
362.0,138,0.0,A0B0,176.79693541734375,-1.6
362.0,141,9.749829034901145,A2B2,134.70370888711545,398.4
362.0,142,12.40893112443956,C1C2,401.6,208.82048378267757
362.0,143,1.480787174714112,C0B0,214.2212445342548,1.6
362.0,144,9.41977158799311,A2B2,153.27543267983586,398.4
362.0,145,6.545265211592138,:C0_1,398.4902244036078,-1.3585393709131748
362.0,146,11.044285997447789,A2B2,103.66971952221347,398.4
362.0,147,0.0,C0B0,223.20303465321732,1.6
362.0,148,0.0023487665239077518,B1B0,198.4,8.203234918703345
362.0,149,0.0,A0B0,161.7948913065078,-1.6
362.0,75,1.211967680270537,B2B1,198.4,214.49004473366958
362.0,92,0.0,B0B1,201.6,176.79686972273058
362.0,93,12.637937986795515,A2A1,-1.6,308.2053653124553
362.0,98,1.6246781216611614,A0B0,185.92267255827952,-1.6
363.0,102,13.111195184491157,A2A1,-1.6,331.0257961778628
363.0,103,12.493444381659293,A0B0,73.0141907686625,-1.6
363.0,104,6.717260499994308,C2C1,398.4,382.5740127481744
363.0,112,2.987888051808221,B0B1,201.6,188.2805628371321
363.0,113,5.444397630728782,:C1_1,398.4,197.14371925153137
363.0,121,3.7563703505531225,C2C1,398.4,210.5427638320785
363.0,122,0.0,C0B0,230.7040796708554,1.6
363.0,123,0.0,A0B0,169.29593366791636,-1.6
363.0,124,6.265752337453886,:B0_4,196.49960133761596,1.6
363.0,125,13.115305533348375,C0C1,401.6,48.272124141812
363.0,126,0.0,B0B1,201.6,169.29579435172423
363.0,128,0.0,:B0_7,196.7135205530051,-1.0118876681969333
363.0,129,13.231918506253034,C2B2,257.27084347371976,401.6
363.0,132,5.521772417146712,:B1_9,201.6,201.9577861917174
363.0,133,9.662122828082765,B2C2,388.1652775950328,398.4
363.0,137,6.237263163606123,B1A1,189.77415100089567,201.6
363.0,138,1.1285213989415843,A0B0,177.92545681628533,-1.6
363.0,141,9.455318266946822,A2B2,144.15902715406227,398.4
363.0,142,12.628128019996085,C1C2,401.6,221.44861180267367
363.0,143,3.6147708345085268,C0B0,210.60647369974626,1.6
363.0,144,10.037066430207432,A2B2,163.3124991100433,398.4
363.0,145,6.897112751999624,C0C1,401.6,4.06422995695313
363.0,146,12.289576411738292,A2B2,115.95929593395175,398.4
363.0,147,0.8273138876871593,C0B0,222.37572076553016,1.6
363.0,148,0.001288380103869463,B1B0,198.4,8.201946538599486
363.0,149,0.0,A0B0,161.7948913065078,-1.6
363.0,75,3.2266501125811926,B2B1,198.4,211.2633946210884
363.0,92,0.6345060305031917,B0B1,201.6,177.43137575323377
363.0,93,12.7857345403784,A2A1,-1.6,295.41963077207686
363.0,98,2.122654693783459,A0B0,188.04532725206298,-1.6
364.0,102,12.20438981919135,A2A1,-1.6,318.8214063586714
364.0,103,12.866277168044263,A0B0,85.88046793670676,-1.6
364.0,104,8.374859790664203,C2C1,398.4,374.1991529575102
364.0,112,5.005217486486179,:B1_9,201.6,193.28578032361827
364.0,113,6.802991086966358,C1C0,398.4,190.340728164565
364.0,121,3.3946984989003464,:C1_2,398.42885259267877,207.1567211109818
364.0,122,0.4728587820322914,C0B0,230.23122088882312,1.6
364.0,123,0.8215026266936503,A0B0,170.11743629461,-1.6
364.0,124,8.553370495955459,B0A0,187.9462308416605,1.6
364.0,125,14.839508672472812,C0C1,401.6,63.11163281428481
364.0,126,0.5109052329983154,B0B1,201.6,169.80669958472254
364.0,128,0.0,:B0_7,196.7135205530051,-1.0118876681969333
364.0,129,12.86645547053636,C2B2,244.40438800318344,401.6
364.0,132,7.002951346500776,B1B2,201.6,208.96073753821815
364.0,133,8.324878164821902,B2C2,396.4901557598547,398.4
364.0,137,8.103818655790247,B1A1,181.6703323451054,201.6
364.0,138,2.2399497953537484,A0B0,180.16540661163907,-1.6
364.0,141,9.311728995350531,A2B2,153.4707561494128,398.4
364.0,142,12.161411413546748,C1C2,401.6,233.6100232162204
364.0,143,6.182539103401068,:B0_3,204.49135757459482,2.1051854552431126
364.0,144,9.65533344764737,A2B2,172.96783255769066,398.4
364.0,145,8.685934790634304,C0C1,401.6,12.750164747587437
364.0,146,11.439482931608566,A2B2,127.39877886556032,398.4
364.0,147,3.04811434686253,C0B0,219.32760641866764,1.6
364.0,148,0.0007431873803821216,B1B0,198.4,8.201203351219107
364.0,149,0.0,A0B0,161.7948913065078,-1.6
364.0,92,2.2524865715126476,B0B1,201.6,179.6838623247464
364.0,93,11.717511453750268,A2A1,-1.6,283.7021193183266
364.0,98,0.7577685039204344,A0B0,188.8030957559834,-1.6
365.0,102,12.582136907838798,A2A1,-1.6,306.23926945083264
365.0,103,12.231366158048996,A0B0,98.11183409475576,-1.6
365.0,104,9.752953012494407,C2C1,398.4,364.4461999450158
365.0,112,6.64788574705713,:B1_9,201.6,199.9336660706754
365.0,113,8.935541926603763,C1C0,398.4,181.40518623796126
365.0,121,3.347682578502521,:C1_9,400.8950839299803,206.1426258949704
365.0,122,2.760411830468821,C0B0,227.4708090583543,1.6
365.0,123,1.555951114038837,A0B0,171.67338740864884,-1.6
365.0,124,10.592552793445064,B0A0,177.35367804821544,1.6
365.0,125,14.992826256535956,C0C1,401.6,78.10445907082078
365.0,126,1.8283446379897792,B0B1,201.6,171.6350442227123
365.0,128,0.0,:B0_7,196.7135205530051,-1.0118876681969333
365.0,129,13.906860020662181,C2B2,230.49752798252126,401.6
365.0,132,9.329369402187876,B1B2,201.6,218.29010694040602
365.0,133,3.824878164821902,C2C1,398.4,395.86496607532337
365.0,137,10.597255874596023,B1A1,171.0730764705094,201.6
365.0,138,0.8443011432048508,A0B0,181.00970775484393,-1.6
365.0,141,9.48471462146156,A2B2,162.95547077087437,398.4
365.0,142,11.794450852387682,C1C2,401.6,245.4044740686081
365.0,143,6.413270871426873,B0B1,201.6,7.359336275081671
365.0,144,8.937156121088282,A2B2,181.90498867877895,398.4
365.0,145,10.104037851715214,C0C1,401.6,22.854202599302653
365.0,146,11.203335547798545,A2B2,138.60211441335886,398.4
365.0,147,5.517658054768798,C0B0,213.80994836389885,1.6
365.0,148,0.00012577135057798092,B1B0,198.4,8.201077579868524
365.0,149,0.45467512383106184,A0B0,162.24956643033886,-1.6
365.0,92,3.7493676466695005,B0B1,201.6,183.4332299714159
365.0,93,12.380428145677508,A2A1,-1.6,271.3216911726491
365.0,98,0.45869276059911684,A0B0,189.26178851658253,-1.6
366.0,102,13.285338791404433,A2A1,-1.6,292.9539306594282
366.0,103,12.260840523667076,A0B0,110.37267461842283,-1.6
366.0,104,11.337264210914299,C2C1,398.4,353.1089357341015
366.0,112,8.933353554190813,B1B2,201.6,208.8670196248662
366.0,113,10.261166784935629,C1C0,398.4,171.14401945302563
366.0,121,3.6324002995521947,C1C2,401.6,209.56201754487654
366.0,122,4.140545293887865,C0B0,223.33026376446642,1.6
366.0,123,1.372044017392063,A0B0,173.0454314260409,-1.6
366.0,124,12.295081173232754,B0A0,165.05859687498267,1.6
366.0,125,15.24564691473079,C0C1,401.6,93.35010598555156
366.0,126,4.12370509144831,B0B1,201.6,175.7587493141606
366.0,128,0.0,:B0_7,196.7135205530051,-1.0118876681969333
366.0,129,13.76333567069237,C2B2,216.73419231182888,401.6
366.0,132,11.395867923856711,B1B2,201.6,229.68597486426273
366.0,133,6.332979376333432,C2C1,398.4,389.53198669898995
366.0,137,11.961429717003785,B1A1,159.1116467535056,201.6
366.0,138,0.5601729786167785,A0B0,181.5698807334607,-1.6
366.0,141,8.928754910061516,A2B2,171.88422568093588,398.4
366.0,142,12.010129682040871,C1C2,401.6,257.414603750649
366.0,143,8.050138993227817,B0B1,201.6,15.409475268309489
366.0,144,9.376147479685114,A2B2,191.28113615846405,398.4
366.0,145,12.212204765566378,C0C1,401.6,35.066407364869036
366.0,146,11.874745604117061,A2B2,150.47686001747593,398.4
366.0,147,5.691143555821464,C0B0,208.11880480807739,1.6
366.0,148,0.0,B1B0,198.4,8.201077579868524
366.0,149,0.9967100874465816,A0B0,163.24627651778545,-1.6
366.0,92,5.244787791284264,B0B1,201.6,188.67801776270016
366.0,93,12.74882658104478,A2A1,-1.6,258.57286459160434
366.0,98,0.004424850018064376,A0B0,189.2662133666006,-1.6
367.0,102,12.684183949223302,A2A1,-1.6,280.2697467102049
367.0,103,12.957866408285128,A0B0,123.33054102670798,-1.6
367.0,104,11.415622220880635,C2C1,398.4,341.69331351322086
367.0,112,11.270311818633905,B1B2,201.6,220.1373314435001
367.0,113,11.733293692395089,C1C0,398.4,159.41072576063053
367.0,121,5.778575951200277,C1C2,401.6,215.34059349607682
367.0,122,6.196574993680178,C0B0,217.13368877078625,1.6
367.0,123,1.0070459432241956,A0B0,174.0524773692651,-1.6
367.0,124,14.350977251048596,B0A0,150.70761962393408,1.6
367.0,125,15.367328083103532,C0C1,401.6,108.71743406865512
367.0,126,4.901963500544898,B0B1,201.6,180.6607128147055
367.0,128,0.0,:B0_7,196.7135205530051,-1.0118876681969333
367.0,132,12.650453239204355,B1B2,201.6,242.33642810346709
367.0,133,7.89456596677065,C2C1,398.4,381.6374207322193
367.0,137,13.399050241501513,B1A1,145.7125965120041,201.6
367.0,138,0.12129026275580825,A0B0,181.69117099621653,-1.6
367.0,141,9.732049291035159,A2B2,181.61627497197105,398.4
367.0,142,11.774195178105593,C1C2,401.6,269.1887989287546
367.0,143,10.502862304371744,B0B1,201.6,25.912337572681235
367.0,145,14.705331900381235,C0C1,401.6,49.77173926525027
367.0,146,10.561532353484962,A2B2,161.03839237096088,398.4
367.0,147,5.979913644742526,:B0_3,202.7189853309634,3.4683577817276676
367.0,148,0.0,B1B0,198.4,8.201077579868524
367.0,149,1.69614111082356,A0B0,164.942417628609,-1.6
367.0,93,11.564873406328918,A2A1,-1.6,247.0079911852754
367.0,98,0.001414334336931325,A0B0,189.26762770093754,-1.6
368.0,102,12.61002839623536,A2A1,-1.6,267.6597183139695
368.0,103,12.012400291655586,A0B0,135.34294131836356,-1.6
368.0,104,12.203640473814033,C2C1,398.4,329.48967303940685
368.0,112,12.101404975154825,B1B2,201.6,232.23873641865492
368.0,113,13.972804243656098,C1C0,398.4,145.43792151697443
368.0,121,8.26640709751688,C1C2,401.6,223.6070005935937
368.0,122,8.098313151362298,C0B0,209.03537561942395,1.6
368.0,123,0.0753260345039849,A0B0,174.12780340376906,-1.6
368.0,124,14.09277747818122,B0A0,136.61484214575285,1.6
368.0,125,15.775767944783913,C0C1,401.6,124.493202013439
368.0,126,7.1615165961734055,B0B1,201.6,187.82222941087892
368.0,128,0.0,:B0_7,196.7135205530051,-1.0118876681969333
368.0,132,12.476123319836326,B1B2,201.6,254.81255142330343
368.0,133,9.816017196396032,C2C1,398.4,371.82140353582326
368.0,137,13.120829531645844,B1A1,132.59176698035824,201.6
368.0,138,0.06076423613258839,A0B0,181.75193523234913,-1.6
368.0,142,12.52160270844689,C1C2,401.6,281.71040163720147
368.0,143,11.84568414736256,B0B1,201.6,37.7580217200438
368.0,145,15.461969776925342,C0C1,401.6,65.2337090421756
368.0,146,9.648625605846917,A2B2,170.6870179768078,398.4
368.0,147,6.2908743099713025,B0B1,201.6,9.521983146636446
368.0,148,0.0,B1B0,198.4,8.201077579868524
368.0,149,1.0465574748680266,A0B0,165.98897510347703,-1.6
368.0,93,12.675313381865346,A2A1,-1.6,234.33267780341004
368.0,98,0.0002698820683900348,A0B0,189.26789758300592,-1.6
369.0,102,12.234287987733774,A2A1,-1.6,255.42543032623576
369.0,103,11.259698203600125,A0B0,146.60263952196368,-1.6
369.0,104,12.121254587819152,C2C1,398.4,317.3684184515877
369.0,112,12.072510538765794,B1B2,201.6,244.31124695742074
369.0,113,13.674212765207736,C1C0,398.4,131.7637087517667
369.0,121,9.864226241143719,C1C2,401.6,233.47122683473742
369.0,123,0.09797786608750372,A0B0,174.22578126985655,-1.6
369.0,124,13.656098478518821,B0A0,122.95874366723403,1.6
369.0,125,15.223951736006896,C0C1,401.6,139.71715374944588
369.0,126,6.451438542652148,:B1_10,201.3918983031403,194.25671187801805
369.0,128,1.3049637080868706,:B0_11,197.83220751057414,-0.3406754936555161
369.0,132,13.251121489042408,B1B2,201.6,268.06367291234585
369.0,133,12.227063804677353,C2C1,398.4,359.5943397311459
369.0,137,13.334575372494267,B1A1,119.25719160786397,201.6
369.0,138,0.011927317390121053,A0B0,181.76386254973926,-1.6
369.0,142,12.866644837866634,C1C2,401.6,294.5770464750681
369.0,143,13.90071742317356,B0B1,201.6,51.65873914321736
369.0,145,15.675942370676145,C0C1,401.6,80.90965141285176
369.0,146,11.613243388119315,A2B2,182.3002613649271,398.4
369.0,147,7.841828055277771,B0B1,201.6,17.363811201914217
369.0,148,0.0,B1B0,198.4,8.201077579868524
369.0,149,0.5098677618397238,A0B0,166.49884286531676,-1.6
369.0,93,12.574834617335075,A2A1,-1.6,221.75784318607495
369.0,98,0.0,A0B0,189.26789758300592,-1.6
370.0,102,12.217682913169778,A2A1,-1.6,243.207747413066
370.0,103,7.151751078685203,A0B0,153.7543906006489,-1.6
370.0,104,12.375463406269722,C2C1,398.4,304.99295504531796
370.0,112,13.994801244610503,B1B2,201.6,258.3060482020312
370.0,113,13.931584571607633,C1C0,398.4,117.83212418015906
370.0,121,12.132895220177547,C1C2,401.6,245.60412205491497
370.0,123,0.03012778320340151,A0B0,174.25590905305995,-1.6
370.0,124,13.986136591665842,B0A0,108.97260707556819,1.6
370.0,125,15.913844994486318,C0C1,401.6,155.6309987439322
370.0,126,7.1978879749657585,:B1_20,198.05489720510857,200.20706167693487
370.0,128,3.0810541607672346,:B0_11,200.04423303333814,1.6737217222302347
370.0,132,12.19072861991822,B1B2,201.6,280.25440153226407
370.0,133,14.37114149128782,C2C1,398.4,345.2231982398581
370.0,137,12.951444603551622,B1A1,106.30574700431235,201.6
370.0,138,0.002065713233359899,A0B0,181.7659282629726,-1.6
370.0,142,11.995209475393503,C1C2,401.6,306.5722559504616
370.0,143,15.14657822514087,B0B1,201.6,66.80531736835823
370.0,145,14.757260775993288,C0C1,401.6,95.66691218884505
370.0,147,9.38606358793874,B0B1,201.6,26.74987478985296
370.0,148,0.0,B1B0,198.4,8.201077579868524
370.0,149,0.16853996558094755,A0B0,166.6673828308977,-1.6
370.0,93,12.50708930449626,A2A1,-1.6,209.2507538815787
370.0,98,2.511622623540461,A0B0,191.77952020654638,-1.6
371.0,102,13.41311474881652,A2A1,-1.6,229.79463266424946
371.0,103,4.583073041160215,A0B0,158.3374636418091,-1.6
371.0,104,12.116831636632144,C2C1,398.4,292.87612340868577
371.0,112,12.896985831455218,B1B2,201.6,271.20303403348646
371.0,113,13.417200997684374,C1C0,398.4,104.41492318247468
371.0,121,14.449505479973109,C1C2,401.6,260.05362753488805
371.0,123,0.007701723398950623,A0B0,174.2636107764589,-1.6
371.0,124,13.974645813250378,B0A0,94.9979612623178,1.6
371.0,125,15.520736633225354,C0C1,401.6,171.15173537715756
371.0,126,7.242374180827662,B1A1,191.08606989067553,201.6
371.0,128,4.838702340074815,:B0_11,201.45771575234588,6.204010266421081
371.0,132,12.781607237681738,B1B2,201.6,293.0360087699458
371.0,133,13.314471395283439,C2C1,398.4,331.90872684457463
371.0,137,13.553352838547411,B1A1,92.75239416576494,201.6
371.0,138,1.592929482179735,A0B0,183.35885774515233,-1.6
371.0,142,12.629284083839602,C1C2,401.6,319.2015400343012
371.0,143,15.554560497562811,B0B1,201.6,82.35987786592105
371.0,145,14.581490622725047,C0C1,401.6,110.2484028115701
371.0,147,11.015776073274507,B0B1,201.6,37.765650863127476
371.0,148,0.0,B1B0,198.4,8.201077579868524
371.0,149,0.05396194411114315,A0B0,166.72134477500884,-1.6
372.0,102,12.755192809938967,A2A1,-1.6,217.0394398543105
372.0,103,0.7060181395890439,A0B0,159.04348178139816,-1.6
372.0,104,11.350495242391064,C2C1,398.4,281.5256281662947
372.0,112,12.856616078566375,B1B2,201.6,284.05965011205285
372.0,113,13.64587268713232,C1C0,398.4,90.76905049534234
372.0,121,14.616181942554332,C1C2,401.6,274.6698094774424
372.0,123,0.9665999598000669,A0B0,175.23021073625898,-1.6
372.0,124,13.897848845667601,B0A0,81.1001124166502,1.6
372.0,125,14.763966225164951,C0C1,401.6,185.9157016023225
372.0,126,9.693055642547458,B1A1,181.39301424812808,201.6
372.0,128,6.3654319282388325,B0B1,201.6,12.559152137167752
372.0,132,12.563989315987557,B1B2,201.6,305.59999808593335
372.0,133,13.621178912410945,C2C1,398.4,318.2875479321637
372.0,137,13.014418881575088,B1A1,79.73797528418984,201.6
372.0,138,3.783909679878545,A0B0,187.14276742503088,-1.6
372.0,142,12.871074601771406,C1C2,401.6,332.0726146360726
372.0,143,14.461587679010295,B0B1,201.6,96.82146554493134
372.0,145,14.695291128669576,C0C1,401.6,124.94369394023968
372.0,147,13.526855825696444,B0B1,201.6,51.29250668882392
372.0,148,0.0,B1B0,198.4,8.201077579868524
372.0,149,0.024883697606116154,A0B0,166.74622847261497,-1.6
373.0,103,0.1121369380594409,A0B0,159.1556187194576,-1.6
373.0,104,11.342928991064712,C2C1,398.4,270.18269917523
373.0,112,12.264865518539885,B1B2,201.6,296.3245156305927
373.0,113,13.914587513337134,C1C0,398.4,76.85446298200522
373.0,121,15.043068426814072,C1C2,401.6,289.7128779042565
373.0,123,2.5521405293038586,A0B0,177.78235126556285,-1.6
373.0,124,14.270537165993288,B0A0,66.82957525065692,1.6
373.0,126,11.773849666921794,B1A1,169.6191645812063,201.6
373.0,128,8.280140968435445,B0B1,201.6,20.839293105603197
373.0,132,12.732601159824982,B1B2,201.6,318.33259924575833
373.0,133,13.362459325969652,C2C1,398.4,304.92508860619404
373.0,137,13.62322270716771,B1A1,66.11475257702212,201.6
373.0,138,5.500934156471906,A0B0,192.6437015815028,-1.6
373.0,142,12.545229237569593,C1C2,401.6,344.6178438736422
373.0,143,15.207129453305566,B0B1,201.6,112.02859499823691
373.0,145,15.302988959717274,C0C1,401.6,140.24668289995694
373.0,147,13.15050453028436,B0B1,201.6,64.44301121910829
373.0,148,0.0,B1B0,198.4,8.201077579868524
373.0,149,0.6596231098463927,A0B0,167.40585158246137,-1.6
374.0,103,0.46871315463446933,A0B0,159.62433187409206,-1.6
374.0,104,11.917922997328736,C2C1,398.4,258.2647761779013
374.0,112,12.265454855521968,B1B2,201.6,308.5899704861147
374.0,113,12.881397733328155,C1C0,398.4,63.973065248677045
374.0,121,14.13722864560704,C1C2,401.6,303.85010654986354
374.0,123,3.915274794808636,A0B0,181.69762606037148,-1.6
374.0,124,14.544368998239213,B0A0,52.28520625241771,1.6
374.0,126,13.573313582202971,B1A1,156.0458509990033,201.6
374.0,128,10.740650634537452,B0B1,201.6,31.579943740140653
374.0,132,12.187697106706903,B1B2,201.6,330.52029635246527
374.0,133,14.108264076074088,C2C1,398.4,290.81682453011996
374.0,137,13.418346219419012,B1A1,52.69640635760311,201.6
374.0,138,7.0407607431372625,:B0_11,199.21295408674544,0.48777245204726816
374.0,142,12.039530595132247,C1C2,401.6,356.6573744687745
374.0,143,14.388343029489219,B0B1,201.6,126.41693802772615
374.0,145,14.555872600114615,C0C1,401.6,154.80255550007155
374.0,147,13.886888230026505,B0B1,201.6,78.32989944913479
374.0,148,0.0,B1B0,198.4,8.201077579868524
374.0,149,1.9401937174096808,A0B0,169.34604529987104,-1.6
375.0,103,1.790814717863889,A0B0,161.41514659195596,-1.6
375.0,104,11.210281015157983,C2C1,398.4,247.0544951627433
375.0,112,11.941264458685376,B1B2,201.6,320.5312349448001
375.0,113,12.752651782080752,C1C0,398.4,51.220413466596284
375.0,121,14.842510001397834,C1C2,401.6,318.6926165512614
375.0,123,6.3048669831725315,A0B0,188.002493043544,-1.6
375.0,124,14.549498323046997,B0A0,37.735707929370705,1.6
375.0,126,14.215398787780286,B1A1,141.83045221122302,201.6
375.0,128,13.2827221195912,B0B1,201.6,44.862665859731855
375.0,132,12.430491518010378,B1B2,201.6,342.95078787047566
375.0,133,14.01932423966235,C2C1,398.4,276.7975002904576
375.0,137,13.948181792118097,B1A1,38.748224565485,201.6
375.0,138,7.863928296867572,B0B1,201.6,7.7483906215076255
375.0,142,12.188841840341784,C1C2,401.6,368.84621630911624
375.0,143,15.063138902230598,B0B1,201.6,141.48007692995674
375.0,145,14.69436811831192,C0C1,401.6,169.49692361838348
375.0,147,12.652303823123493,B0B1,201.6,90.98220327225827
375.0,148,0.0,B1B0,198.4,8.201077579868524
375.0,149,4.348593843327659,A0B0,173.69463914319869,-1.6
376.0,103,3.7310471768772393,A0B0,165.1461937688332,-1.6
376.0,104,12.213151604722537,C2C1,398.4,234.84134355802078
376.0,112,13.176508803769764,B1B2,201.6,333.7077437485698
376.0,113,13.190730904208719,C1C0,398.4,38.02968256238756
376.0,121,15.033246064758071,C1C2,401.6,333.72586261601947
376.0,123,8.42838471961585,:B0_6,196.43087776315986,-1.6
376.0,124,13.959914184010982,B0A0,23.77579374535972,1.6
376.0,126,13.901185726005204,B1A1,127.92926648521781,201.6
376.0,128,14.704244836612256,B0B1,201.6,59.56691069634412
376.0,132,12.767278065476559,B1B2,201.6,355.71806593595215
376.0,133,14.144660648743123,C2C1,398.4,262.6528396417145
376.0,137,13.190337717838096,B1A1,25.5578868476469,201.6
376.0,138,9.605835748378933,B0B1,201.6,17.35422636988656
376.0,142,12.521647963622682,C1C2,401.6,381.3678642727389
376.0,143,14.84767127257906,B0B1,201.6,156.3277482025358
376.0,145,14.682000725817577,C0C1,401.6,184.17892434420105
376.0,147,12.630855744348645,B0B1,201.6,103.61305901660694
376.0,148,0.0,B1B0,198.4,8.201077579868524
376.0,149,6.343843946418422,A0B0,180.0384830896171,-1.6
377.0,103,5.958442644989321,A0B0,171.10463641382253,-1.6
377.0,104,11.438710716616646,C2C1,398.4,223.40263284140414
377.0,112,12.217847864551342,B1B2,201.6,345.9255916131211
377.0,113,12.72474071544431,C1C0,398.4,25.30494184694325
377.0,121,14.530444211828664,C1C2,401.6,348.2563068278481
377.0,123,10.29790592695498,:B0_6,206.72878369011482,-1.6
377.0,124,13.92912047360877,B0A0,9.846673271750944,1.6
377.0,126,13.406582523070828,B1A1,114.52268396214698,201.6
377.0,128,15.113864499499673,B0B1,201.6,74.6807751958438
377.0,132,13.234571415036909,B1B2,201.6,368.9526373509891
377.0,133,13.985551682340414,C2C1,398.4,248.66728795937408
377.0,137,9.190110720361584,B1A1,16.36777612728531,201.6
377.0,138,11.273972207083181,B0B1,201.6,28.628198576969744
377.0,142,11.90088122598464,C1C2,401.6,393.26874549872355
377.0,143,14.821034083069712,B0B1,201.6,171.1487822856055
377.0,147,13.439870573689968,B0B1,201.6,117.05292959029693
377.0,148,0.0,B1B0,198.4,8.201077579868524
377.0,149,8.423146482970441,A0B0,188.46162957258755,-1.6
378.0,103,7.368325376329216,A0B0,178.47296179015174,-1.6
378.0,104,12.360930608020448,C2C1,398.4,211.0417022333837
378.0,112,13.573283394138727,B1B2,201.6,359.4988750072599
378.0,113,13.06887218021158,C1C0,398.4,12.23606966673168
378.0,121,14.295132781601653,C1C2,401.6,362.55143960944974
378.0,123,12.055696453562986,B0C0,218.7844801436778,-1.6
378.0,126,14.089195816920691,B1A1,100.43348814522629,201.6
378.0,128,15.3660997213159,B0B1,201.6,90.0468749171597
378.0,132,11.292105601647082,B1B2,201.6,380.24474295263616
378.0,133,12.986728853479164,C2C1,398.4,235.6805591058949
378.0,137,6.0800561501462935,B1A1,10.287719977139005,201.6
378.0,138,13.766669963611104,B0B1,201.6,42.39486854058085
378.0,143,12.562750979142283,B0B1,201.6,183.7115332647478
378.0,147,13.036268731991566,B0B1,201.6,130.08919832228847
378.0,148,0.0,B1B0,198.4,8.201077579868524
378.0,149,9.431570796085508,:B0_6,197.89320036867306,-1.6
379.0,103,8.678931963984128,A0B0,187.15189375413587,-1.6
379.0,112,10.814054897911458,B1B2,201.6,370.31292990517136
379.0,121,14.9313974984122,C1C2,401.6,377.482837107862
379.0,123,13.609395609956632,B0C0,232.39387575363443,-1.6
379.0,126,14.273530331583315,B1A1,86.15995781364298,201.6
379.0,128,14.482484967756667,B0B1,201.6,104.52935988491639
379.0,132,7.508617736446355,B1B2,201.6,387.7533606890825
379.0,133,13.015097516548758,C2C1,398.4,222.66546158934614
379.0,137,1.5800561501462935,B1A1,8.7076638269927,201.6
379.0,138,13.616752837209873,B0B1,201.6,56.01162137779073
379.0,143,8.305752377295418,B0B1,201.6,192.01728564204322
379.0,147,13.026219873100326,B0B1,201.6,143.1154181953888
379.0,148,0.0,B1B0,198.4,8.201077579868524
379.0,149,12.026714332307675,B0C0,209.9199147009807,-1.6
380.0,112,8.670734591893467,B1B2,201.6,378.98366449706486
380.0,121,10.855605089831826,C1C2,401.6,388.3384421976938
380.0,123,13.914833380326094,B0C0,246.30870913396052,-1.6
380.0,126,13.186489012351812,B1A1,72.97346880129113,201.6
380.0,128,14.346183678001747,B0B1,201.6,118.87554356291814
380.0,132,3.3245633787714484,B1B2,201.6,391.0779240678539
380.0,133,14.047833052666359,C2C1,398.4,208.61762853667977
380.0,137,0.4655189121930016,B1A1,8.242144914799695,201.6
380.0,138,13.56111573575335,B0B1,201.6,69.57273711354408
380.0,143,4.134036670387497,:B1_10,201.12674830292022,196.11276187955852
380.0,147,13.220843135558805,B0B1,201.6,156.3362613309476
380.0,148,0.0,B1B0,198.4,8.201077579868524
380.0,149,13.78023373605093,B0C0,223.70014843703166,-1.6
381.0,112,4.287239162598069,B1B2,201.6,383.2709036596629
381.0,121,7.948573823277553,C1C2,401.6,396.28701602097135
381.0,123,13.926463863344328,B0C0,260.23517299730486,-1.6
381.0,126,14.197930169458122,B1A1,58.77553863183303,201.6
381.0,128,15.079882154177525,B0B1,201.6,133.95542571709564
381.0,132,0.687763752970826,B1B2,201.6,391.7656878208248
381.0,137,0.020716031398097353,B1A1,8.221428883401586,201.6
381.0,138,13.867472254445687,B0B1,201.6,83.44020936798977
381.0,143,6.721401122021263,:B1_20,196.8536187832552,200.9278287300469
381.0,147,13.824122347676001,B0B1,201.6,170.1603836786236
381.0,148,0.0,B1B0,198.4,8.201077579868524
381.0,149,14.06948036226756,B0C0,237.7696287992992,-1.6
382.0,112,0.8907558074314862,B1B2,201.6,384.1616594670944
382.0,121,6.67649107632669,:C2_0,398.3608926959024,401.3770153291568
382.0,123,13.231110691020662,B0C0,273.4662836883255,-1.6
382.0,126,13.350687427915252,B1A1,45.42485120391777,201.6
382.0,128,15.398938501958387,B0B1,201.6,149.35436421905402
382.0,132,0.022858221445182753,B1B2,201.6,391.78854604226996
382.0,137,0.013503728507400545,B1A1,8.207925154894184,201.6
382.0,138,12.828546235391782,B0B1,201.6,96.26875560338155
382.0,143,7.9287002399964255,B1A1,188.99857632555162,201.6
382.0,147,13.291909138055,B0B1,201.6,183.45229281667858
382.0,148,0.0,B1B0,198.4,8.201077579868524
382.0,149,13.889343257361904,B0C0,251.65897205666113,-1.6
383.0,112,0.12094342303029171,B1B2,201.6,384.2826028901247
383.0,121,6.0792575882419415,C2B2,392.29723531446,401.6
383.0,123,13.938041631944873,B0C0,287.4043253202704,-1.6
383.0,126,12.947564553894962,B1A1,32.47728665002282,201.6
383.0,128,14.359196448984207,B0B1,201.6,163.71356066803824
383.0,132,0.006169045037933128,B1B2,201.6,391.79471508730785
383.0,137,0.00423301124162211,B1A1,8.203692143652574,201.6
383.0,138,12.679711680657142,B0B1,201.6,108.9484672840387
383.0,143,9.524187809362076,B1A1,179.47438851618952,201.6
383.0,147,8.791909138055,B0B1,201.6,192.24420195473357
383.0,148,0.0,B1B0,198.4,8.201077579868524
383.0,149,13.238214599234192,B0C0,264.8971866558953,-1.6
384.0,112,0.007382577400850744,B1B2,201.6,384.2899854675255
384.0,121,7.807867365320906,C2B2,384.48936794913914,401.6
384.0,123,13.281516039601923,B0C0,300.6858413598723,-1.6
384.0,126,9.269342593323241,B1A1,23.207944056699574,201.6
384.0,128,12.626233458768699,B0B1,201.6,176.33979412680694
384.0,132,0.002193131853822513,B1B2,201.6,391.7969082191617
384.0,137,0.002601907317827673,B1A1,8.20109023633475,201.6
384.0,138,13.015081791819917,B0B1,201.6,121.96354907585861
384.0,143,11.218529295239597,B1A1,168.25585922094993,201.6
384.0,147,5.996405172295242,:B1_8,203.79382583042207,197.47629549825322
384.0,148,0.0,B1B0,198.4,8.201077579868524
384.0,149,13.690759989526194,B0C0,278.58794664542154,-1.6
385.0,112,0.003333491324902276,B1B2,201.6,384.2933189588504
385.0,121,10.234712446355022,C2B2,374.2546555027841,401.6
385.0,123,13.894497792513507,B0C0,314.5803391523858,-1.6
385.0,126,5.421182625068302,B1A1,17.786761431631277,201.6
385.0,128,9.658892626081169,B0B1,201.6,185.99868675288812
385.0,132,0.0020582529119215274,B1B2,201.6,391.79896647207363
385.0,137,0.0,B1A1,8.20109023633475,201.6
385.0,138,13.446887913376935,B0B1,201.6,135.41043698923554
385.0,143,13.57545823819749,B1A1,154.68040098275245,201.6
385.0,147,6.094593813054569,B1C1,209.70520094008336,198.4
385.0,148,0.0,B1B0,198.4,8.201077579868524
385.0,149,12.572964535449918,B0C0,291.16091118087144,-1.6
386.0,112,0.00274494428028205,B1B2,201.6,384.29606390313074
386.0,121,11.844678457816824,C2B2,362.40997704496726,401.6
386.0,123,13.065130057835416,B0C0,327.6454692102213,-1.6
386.0,126,1.7230049094379878,B1A1,16.0637565221933,201.6
386.0,128,12.060728926652617,:B1_9,201.6,198.05941567954073
386.0,132,0.0,B1B2,201.6,391.79896647207363
386.0,137,0.0,B1A1,8.20109023633475,201.6
386.0,138,13.610721380596893,B0B1,201.6,149.02115836983242
386.0,143,14.40756726956129,B1A1,140.27283371319115,201.6
386.0,147,8.646858830697209,B1C1,218.35205977078058,198.4
386.0,148,0.0,B1B0,198.4,8.201077579868524
386.0,149,13.80480154811842,B0C0,304.96571272898984,-1.6
387.0,112,0.0016875114049883602,B1B2,201.6,384.2977514145357
387.0,121,14.101639349749073,C2B2,348.3083376952182,401.6
387.0,123,13.648838180580572,B0C0,341.2943073908018,-1.6
387.0,126,0.20895598895760398,B1A1,15.854800533235704,201.6
387.0,128,13.866467516472138,B1B2,201.6,211.92588319601285
387.0,132,0.0,B1B2,201.6,391.79896647207363
387.0,137,0.0,B1A1,8.20109023633475,201.6
387.0,138,13.36063600225179,B0B1,201.6,162.38179437208422
387.0,143,15.182909265203811,B1A1,125.08992444798734,201.6
387.0,147,10.874005562573045,B1C1,229.22606533335363,198.4
387.0,148,0.0,B1B0,198.4,8.201077579868524
387.0,149,12.422488911055048,B0C0,317.38820164004494,-1.6
388.0,112,0.0001531430380011236,B1B2,201.6,384.2979045575737
388.0,121,15.192229803129242,C2B2,333.11610789208896,401.6
388.0,123,13.829788619044633,B0C0,355.1240960098464,-1.6
388.0,126,0.10615120450284311,B1A1,15.748649328732853,201.6
388.0,128,15.213118634123006,B1B2,201.6,227.13900183013587
388.0,132,0.0,B1B2,201.6,391.79896647207363
388.0,137,0.0,B1A1,8.20109023633475,201.6
388.0,138,13.639587042231955,B0B1,201.6,176.02138141431618
388.0,143,15.276641339153462,B1A1,109.81328310883389,201.6
388.0,147,13.44404115254835,B1C1,242.67010648590198,198.4
388.0,148,0.0,B1B0,198.4,8.201077579868524
388.0,149,14.18540684078422,B0C0,331.57360848082914,-1.6
389.0,112,0.0,B1B2,201.6,384.2979045575737
389.0,121,14.528403892753788,C2B2,318.5877039993352,401.6
389.0,123,13.051189966637107,B0C0,368.17528597648356,-1.6
389.0,126,0.0283628744993599,B1A1,15.720286454233502,201.6
389.0,128,14.47336843026022,B1B2,201.6,241.6123702603961
389.0,132,0.0,B1B2,201.6,391.79896647207363
389.0,137,0.0,B1A1,8.20109023633475,201.6
389.0,138,9.787774377767494,B0B1,201.6,185.8091557920837
389.0,143,15.135121921050773,B1A1,94.6781611877831,201.6
389.0,147,13.63178413940388,B1C1,256.3018906253059,198.4
389.0,148,0.0,B1B0,198.4,8.201077579868524
389.0,149,13.365890678743503,B0C0,344.9394991595726,-1.6
390.0,112,0.0,B1B2,201.6,384.2979045575737
390.0,121,14.512265579858006,C2B2,304.07543841947717,401.6
390.0,123,12.938724598705234,B0C0,381.1140105751888,-1.6
390.0,126,0.017447841179718784,B1A1,15.702838613053785,201.6
390.0,128,14.998183226707974,B1B2,201.6,256.6105534871041
390.0,132,0.0,B1B2,201.6,391.79896647207363
390.0,137,0.0,B1A1,8.20109023633475,201.6
390.0,138,5.848722464784896,B0B1,201.6,191.65787825686857
390.0,143,14.571052662535982,B1A1,80.10710852524713,201.6
390.0,147,12.723423393529647,B1C1,269.0253140188355,198.4
390.0,148,0.0,B1B0,198.4,8.201077579868524
390.0,149,12.805779987861388,B0C0,357.7452791474341,-1.6
391.0,112,0.0,B1B2,201.6,384.2979045575737
391.0,121,14.454455331609728,C2B2,289.62098308786744,401.6
391.0,123,14.069119904164621,B0C0,395.1831304793534,-1.6
391.0,126,0.0006452153938134184,B1A1,15.702193397659983,201.6
391.0,128,15.119971551612602,B1B2,201.6,271.7305250387167
391.0,132,0.0,B1B2,201.6,391.79896647207363
391.0,137,0.0,B1A1,8.20109023633475,201.6
391.0,138,6.5314517228254445,:B1_8,203.74984915513932,197.4499094930836
391.0,143,15.553567733426057,B1A1,64.55354079182106,201.6
391.0,147,12.660664234000995,B1C1,281.6859782528365,198.4
391.0,148,0.0,B1B0,198.4,8.201077579868524
391.0,149,12.65072223676237,B0C0,370.39600138419644,-1.6
392.0,112,0.0,B1B2,201.6,384.2979045575737
392.0,121,14.096729548614615,C2B2,275.5242535392528,401.6
392.0,126,0.0,B1A1,15.702193397659983,201.6
392.0,128,14.32050933484605,B1B2,201.6,286.05103437356274
392.0,132,0.0,B1B2,201.6,391.79896647207363
392.0,137,0.0,B1A1,8.20109023633475,201.6
392.0,138,5.73407636306671,B1C1,209.2934063427607,198.4
392.0,143,15.333186724382863,B1A1,49.220354067438194,201.6
392.0,147,13.144592968484194,B1C1,294.8305712213207,198.4
392.0,148,0.0,B1B0,198.4,8.201077579868524
392.0,149,13.192437163326764,B0C0,383.5884385475232,-1.6
393.0,112,0.0,B1B2,201.6,384.2979045575737
393.0,121,14.751309220762135,C2B2,260.77294431849066,401.6
393.0,126,0.0,B1A1,15.702193397659983,201.6
393.0,128,14.40781467531959,B1B2,201.6,300.4588490488823
393.0,132,0.0,B1B2,201.6,391.79896647207363
393.0,137,0.0,B1A1,8.20109023633475,201.6
393.0,138,7.128618640717618,B1C1,216.4220249834783,198.4
393.0,143,12.382206337943586,B1A1,36.83814772949461,201.6
393.0,147,13.799615682491838,B1C1,308.63018690381256,198.4
393.0,148,0.0,B1B0,198.4,8.201077579868524
393.0,149,10.385364786617279,B0C0,393.9738033341405,-1.6
394.0,112,0.0,B1B2,201.6,384.2979045575737
394.0,121,14.97665099039595,C2B2,245.79629332809472,401.6
394.0,126,0.0,B1A1,15.702193397659983,201.6
394.0,128,15.461628495209501,B1B2,201.6,315.9204775440918
394.0,132,0.0,B1B2,201.6,391.79896647207363
394.0,137,0.0,B1A1,8.20109023633475,201.6
394.0,138,8.913350313375272,B1C1,225.33537529685358,198.4
394.0,143,8.570024802309403,B1A1,28.268122927185203,201.6
394.0,147,13.916379546623483,B1C1,322.546566450436,198.4
394.0,148,0.0,B1B0,198.4,8.201077579868524
394.0,149,5.885364786617279,:C0_1,399.7046085417057,-0.817234874976569
395.0,112,0.0,B1B2,201.6,384.2979045575737
395.0,121,14.696425347462439,C2B2,231.09986798063227,401.6
395.0,126,0.0,B1A1,15.702193397659983,201.6
395.0,128,14.537913400523015,B1B2,201.6,330.45839094461485
395.0,132,0.0,B1B2,201.6,391.79896647207363
395.0,137,0.0,B1A1,8.20109023633475,201.6
395.0,138,11.444016927815541,B1C1,236.77939222466912,198.4
395.0,143,4.070024802309403,B1A1,24.1980981248758,201.6
395.0,147,12.997723441215038,B1C1,335.54428989165103,198.4
395.0,148,0.0,B1B0,198.4,8.201077579868524
395.0,149,5.430637884827152,C0C1,401.6,3.949806005584885
396.0,112,0.0,B1B2,201.6,384.2979045575737
396.0,121,14.967900217267827,C2B2,216.13196776336443,401.6
396.0,126,0.0,B1A1,15.702193397659983,201.6
396.0,128,14.611530640145414,B1B2,201.6,345.0699215847602
396.0,132,0.0,B1B2,201.6,391.79896647207363
396.0,137,0.0,B1A1,8.20109023633475,201.6
396.0,138,13.284831897176714,B1C1,250.06422412184585,198.4
396.0,143,0.7534030698274705,B1A1,23.444695055048328,201.6
396.0,147,13.22248319898992,B1C1,348.766773090641,198.4
396.0,148,0.0,B1B0,198.4,8.201077579868524
396.0,149,7.420196098822922,C0C1,401.6,11.37000210440781
397.0,112,0.0,B1B2,201.6,384.2979045575737
397.0,126,0.0,B1A1,15.702193397659983,201.6
397.0,128,14.504898639033936,B1B2,201.6,359.5748202237942
397.0,132,0.0,B1B2,201.6,391.79896647207363
397.0,137,0.0,B1A1,8.20109023633475,201.6
397.0,138,12.845069820371368,B1C1,262.90929394221723,198.4
397.0,143,0.2196024250205228,B1A1,23.225092630027802,201.6
397.0,147,12.789149895722783,B1C1,361.5559229863637,198.4
397.0,148,0.0,B1B0,198.4,8.201077579868524
397.0,149,9.042858125607305,C0C1,401.6,20.412860230015113
398.0,112,0.0,B1B2,201.6,384.2979045575737
398.0,126,0.0,B1A1,15.702193397659983,201.6
398.0,128,10.131908849955614,B1B2,201.6,369.7067290737498
398.0,132,0.0,B1B2,201.6,391.79896647207363
398.0,137,0.0,B1A1,8.20109023633475,201.6
398.0,138,12.775850470045492,B1C1,275.68514441226273,198.4
398.0,143,0.016460981258941253,B1A1,23.208631648768858,201.6
398.0,147,13.749031512479103,B1C1,375.30495449884285,198.4
398.0,148,0.0,B1B0,198.4,8.201077579868524
398.0,149,11.410803711728946,C0C1,401.6,31.823663941744062
399.0,112,0.0,B1B2,201.6,384.2979045575737
399.0,126,0.0,B1A1,15.702193397659983,201.6
399.0,128,5.6319088499556145,B1B2,201.6,375.3386379237054
399.0,132,0.0,B1B2,201.6,391.79896647207363
399.0,137,0.0,B1A1,8.20109023633475,201.6
399.0,138,13.280535661087283,B1C1,288.96568007335,198.4
399.0,143,0.004412049734092723,B1A1,23.204219599034758,201.6
399.0,147,13.051990556523942,B1C1,388.3569450553668,198.4
399.0,148,0.0,B1B0,198.4,8.201077579868524
399.0,149,12.748304572131305,C0C1,401.6,44.57196851387537
400.0,112,0.0,B1B2,201.6,384.2979045575737
400.0,126,0.0,B1A1,15.702193397659983,201.6
400.0,128,1.1736683095396954,B1B2,201.6,376.5123062332451
400.0,132,0.0,B1B2,201.6,391.79896647207363
400.0,137,0.0,B1A1,8.20109023633475,201.6
400.0,138,12.727193870263086,B1C1,301.6928739436131,198.4
400.0,143,0.0007563712680948274,B1A1,23.20346322776666,201.6
400.0,148,0.0,B1B0,198.4,8.201077579868524
400.0,149,13.827302816748494,C0C1,401.6,58.39927133062387
401.0,112,0.0,B1B2,201.6,384.2979045575737
401.0,126,0.0,B1A1,15.702193397659983,201.6
401.0,128,0.21677059769722137,B1B2,201.6,376.7290768309423
401.0,132,0.0,B1B2,201.6,391.79896647207363
401.0,137,0.0,B1A1,8.20109023633475,201.6
401.0,138,12.793775683322833,B1C1,314.48664962693596,198.4
401.0,143,0.0001766671285096534,B1A1,23.203286560638162,201.6
401.0,148,0.0,B1B0,198.4,8.201077579868524
401.0,149,14.348591884952844,C0C1,401.6,72.74786321557671
402.0,112,0.0,B1B2,201.6,384.2979045575737
402.0,126,0.0,B1A1,15.702193397659983,201.6
402.0,128,0.042363058312437044,B1B2,201.6,376.7714398892548
402.0,132,0.0,B1B2,201.6,391.79896647207363
402.0,137,0.0,B1A1,8.20109023633475,201.6
402.0,138,13.877354989021928,B1C1,328.36400461595787,198.4
402.0,143,0.0,B1A1,23.203286560638162,201.6
402.0,148,0.0,B1B0,198.4,8.201077579868524
402.0,149,13.7730194408734,C0C1,401.6,86.52088265645011
403.0,112,0.0,B1B2,201.6,384.2979045575737
403.0,126,0.00010261678314248177,B1A1,15.70209078087683,201.6
403.0,128,0.019104743222396543,B1B2,201.6,376.7905446324771
403.0,132,0.0,B1B2,201.6,391.79896647207363
403.0,137,0.0,B1A1,8.20109023633475,201.6
403.0,138,13.654733346479857,B1C1,342.01873796243774,198.4
403.0,143,0.0,B1A1,23.203286560638162,201.6
403.0,148,0.0,B1B0,198.4,8.201077579868524
403.0,149,14.373172075004192,C0C1,401.6,100.8940547314543
404.0,112,0.0,B1B2,201.6,384.2979045575737
404.0,126,0.0,B1A1,15.70209078087683,201.6
404.0,128,0.004599360187164702,B1B2,201.6,376.7951439926643
404.0,132,0.0,B1B2,201.6,391.79896647207363
404.0,137,0.0,B1A1,8.20109023633475,201.6
404.0,138,13.499821915298611,B1C1,355.5185598777363,198.4
404.0,143,0.00017003905351319583,B1A1,23.20311652158466,201.6
404.0,148,0.0,B1B0,198.4,8.201077579868524
404.0,149,14.16371562392997,C0C1,401.6,115.05777035538429
405.0,112,0.0,B1B2,201.6,384.2979045575737
405.0,126,0.0,B1A1,15.70209078087683,201.6
405.0,128,0.0015366588883502514,B1B2,201.6,376.79668065155266
405.0,132,0.0,B1B2,201.6,391.79896647207363
405.0,137,0.0,B1A1,8.20109023633475,201.6
405.0,138,13.34971543844594,B1C1,368.86827531618223,198.4
405.0,143,0.0,B1A1,23.20311652158466,201.6
405.0,148,0.0,B1B0,198.4,8.201077579868524
405.0,149,13.264697693549902,C0C1,401.6,128.32246804893418
406.0,112,0.0,B1B2,201.6,384.2979045575737
406.0,126,0.0,B1A1,15.70209078087683,201.6
406.0,128,0.00014756290749861484,B1B2,201.6,376.79682821446016
406.0,132,2.087591202859767,:B2_3,201.7536865183991,393.8758056287938
406.0,137,2.2748825538670645,:A1_4,5.938812511540585,201.4198303587915
406.0,138,13.718854849187569,B1C1,382.58713016536984,198.4
406.0,143,0.0,B1A1,23.20311652158466,201.6
406.0,148,2.4609012230299414,:B0_0,198.19351743734364,5.754622061405457
406.0,149,13.613255764060527,C0C1,401.6,141.93572381299472
407.0,112,1.675703688255256,B1B2,201.6,385.9736082458289
407.0,126,1.2427926646386045,B1A1,14.459298116238216,201.6
407.0,128,0.0,B1B2,201.6,376.79682821446016
407.0,132,3.4237897878047088,:B2_3,202.99760591455208,396.9960098575868
407.0,137,4.608668054710143,:A1_4,1.6399069419593302,200.0239441651756
407.0,143,0.0,B1A1,23.20311652158466,201.6
407.0,148,3.787188038835302,:B0_0,196.37220688522035,2.623324131132205
407.0,149,14.293000937933908,C0C1,401.6,156.22872475092862
408.0,112,3.0403645896374702,B1B2,201.6,389.01397283546646
408.0,126,2.6490359073345324,B1A1,11.81026220890368,201.6
408.0,128,0.8441809445552162,B1B2,201.6,377.64100915901537
408.0,132,4.996209508134053,B2C2,207.67655697087213,398.4
408.0,137,6.375150393019432,:A1_4,-1.326676107002753,194.71326725098075
408.0,143,0.9502981734176452,B1A1,22.25281834816701,201.6
408.0,148,6.288242499097466,B0A0,190.29474581890585,1.6
408.0,149,13.772323351708115,C0C1,401.6,170.00104810263673
409.0,112,4.33468634842429,:B2_4,201.5223957257814,393.34322991953024
409.0,126,4.169926147356513,B1A1,7.640336061547174,201.6
409.0,128,3.1465502484866987,B1B2,201.6,380.78755940750204
409.0,132,6.436381111689845,B2C2,214.11293808256198,398.4
409.0,137,7.855766835364887,A1A0,-1.6,186.87662239937325
409.0,143,2.7763329538945176,B1A1,19.476485394272487,201.6
409.0,148,8.146655573146633,B0A0,182.14809024575922,1.6
409.0,149,10.508957713194846,C0C1,401.6,180.5100058158316
410.0,112,5.930323982215483,:B2_4,199.7169876681629,398.87168721972847
410.0,128,4.3221251182358476,B1B2,201.6,385.1096845257379
410.0,132,8.43537072709296,B2C2,222.54830880965494,398.4
410.0,137,10.275112799157762,A1A0,-1.6,176.60150960021548
410.0,143,3.0405957092138562,B1A1,16.43588968505864,201.6
410.0,148,10.259340815022803,B0A0,171.8887494307364,1.6
410.0,149,7.770067808117901,C0C1,401.6,188.2800736239495
411.0,112,7.9744533016579195,B2A2,192.53656353223587,401.6
411.0,128,5.381551667284579,B1B2,201.6,390.4912361930225
411.0,132,10.339058593311348,B2C2,232.88736740296628,398.4
411.0,137,11.72268785829507,A1A0,-1.6,164.8788217419204
411.0,143,5.350518873061855,B1A1,11.085370811996796,201.6
411.0,148,11.633993460922717,B0A0,160.2547559698137,1.6
411.0,149,3.2700678081179007,C0C1,401.6,191.55014143206742
412.0,112,9.644596831873057,B2A2,182.89196670036284,401.6
412.0,128,6.7923771434048055,:B2_4,200.7437577085764,397.16040381903935
412.0,132,12.433514738921076,B2C2,245.32088214188735,398.4
412.0,137,13.411834264618786,A1A0,-1.6,151.46698747730161
412.0,143,7.224387337414417,:A1_4,3.8940247576825753,201.12771782252608
412.0,148,12.161548387032047,B0A0,148.09320758278164,1.6
412.0,149,0.23267657492180854,C0C1,401.6,191.78281800698923
413.0,112,11.67690224861726,B2A2,171.21506445174558,401.6
413.0,128,8.753799001702854,:B2_4,193.743161317803,401.4652626688853
413.0,132,12.14053215129766,B2C2,257.46141429318504,398.4
413.0,137,13.398612067943882,A1A0,-1.6,138.0683754093577
413.0,143,8.499954061483033,:A1_4,-1.267462175742025,195.12776476980582
413.0,148,12.724366574437402,B0A0,135.36884100834422,1.6
413.0,149,0.015435338772699769,C0C1,401.6,191.79825334576194
414.0,112,13.957998104905707,B2A2,157.25706634683985,401.6
414.0,128,7.872094400662743,B2A2,185.88049326120714,401.6
414.0,132,12.632702844417647,B2C2,270.09411713760267,398.4
414.0,137,14.001665654943768,A1A0,-1.6,124.06670975441396
414.0,143,7.73328758973442,A1A0,-1.6,187.41774182336496
414.0,148,12.927580641006164,B0A0,122.44126036733806,1.6
414.0,149,0.000586170034372557,C0C1,401.6,191.79883951579632
415.0,112,15.085792423661763,B2A2,142.1712739231781,401.6
415.0,128,10.243427064961567,B2A2,175.63706619624557,401.6
415.0,132,13.229965109485194,B2C2,283.32408224708786,398.4
415.0,137,14.052119694722327,A1A0,-1.6,110.01459005969164
415.0,143,9.114314778328874,A1A0,-1.6,178.30342704503607
415.0,148,12.512300223792948,B0A0,109.92896014354511,1.6
415.0,149,0.0,C0C1,401.6,191.79883951579632
416.0,112,14.44439749337543,B2A2,127.72687642980266,401.6
416.0,128,11.8813879672138,B2A2,163.75567822903176,401.6
416.0,132,13.217358754891894,B2C2,296.54144100197976,398.4
416.0,137,13.478356005114014,A1A0,-1.6,96.53623405457762
416.0,143,11.022348342154174,A1A0,-1.6,167.2810787028819
416.0,148,12.340657408843795,B0A0,97.58830273470132,1.6
416.0,149,0.00011592823258541396,C0C1,401.6,191.7989554440289
417.0,112,15.07790391183734,B2A2,112.64897251796532,401.6
417.0,128,13.587819281516408,B2A2,150.16785894751536,401.6
417.0,132,12.488031928092234,B2C2,309.029472930072,398.4
417.0,137,13.331091013925592,A1A0,-1.6,83.20514304065205
417.0,143,12.842039469669572,A1A0,-1.6,154.43903923321233
417.0,148,12.645147543126763,B0A0,84.94315519157453,1.6
417.0,149,0.0,C0C1,401.6,191.7989554440289
418.0,112,14.02421891672347,B2A2,98.62475360124185,401.6
418.0,128,14.366915186174797,B2A2,135.80094376134053,401.6
418.0,132,12.464221937456161,B2C2,321.4936948675282,398.4
418.0,137,13.986131567277457,A1A0,-1.6,69.2190114733746
418.0,143,14.729694291407242,A1A0,-1.6,139.70934494180509
418.0,148,13.34112535885633,B0A0,71.6020298327182,1.6
418.0,149,0.0,C0C1,401.6,191.7989554440289
419.0,112,14.635668131399864,B2A2,83.98908546984197,401.6
419.0,128,15.128796357504674,B2A2,120.67214740383588,401.6
419.0,132,12.32195984715595,B2C2,333.8156547146841,398.4
419.0,137,13.417448523386824,A1A0,-1.6,55.801562949987755
419.0,143,15.316741518044322,A1A0,-1.6,124.39260342376075
419.0,148,12.681532562203751,B0A0,58.92049727051446,1.6
419.0,149,0.0,C0C1,401.6,191.7989554440289
420.0,112,14.092413012653553,B2A2,69.8966724571884,401.6
420.0,128,14.327384131943457,B2A2,106.34476327189242,401.6
420.0,132,12.407116679279126,B2C2,346.2227713939633,398.4
420.0,137,13.011582080486672,A1A0,-1.6,42.78998086950108
420.0,143,14.575231387416311,A1A0,-1.6,109.81737203634444
420.0,148,12.350431091809691,B0A0,46.570066178704764,1.6
420.0,149,0.0,C0C1,401.6,191.7989554440289
421.0,112,14.579769548464531,B2A2,55.316902908723875,401.6
421.0,128,14.981909017224448,B2A2,91.36285425466795,401.6
421.0,132,13.179524060119867,B2C2,359.4022954540831,398.4
421.0,137,13.100244793833676,A1A0,-1.6,29.689736075667412
421.0,143,15.390284927698263,A1A0,-1.6,94.42708710864616
421.0,148,12.37275609551561,B0A0,34.197310083189166,1.6
421.0,149,0.0,C0C1,401.6,191.7989554440289
422.0,112,14.207291388435253,B2A2,41.10961152028861,401.6
422.0,128,14.4311422406059,B2A2,76.93171201406204,401.6
422.0,132,12.798004139042451,B2C2,372.2002995931256,398.4
422.0,137,13.422997498654272,A1A0,-1.6,16.266738577013143
422.0,143,14.584483165290617,A1A0,-1.6,79.84260394335553
422.0,148,12.469114714610436,B0A0,21.728195368578724,1.6
422.0,149,0.0,C0C1,401.6,191.7989554440289
423.0,112,14.584228830009664,B2A2,26.525382690278946,401.6
423.0,128,15.430560589867294,B2A2,61.501151424194774,401.6
423.0,132,12.095660884319797,B2C2,384.29596047744536,398.4
423.0,143,14.43258388822101,A1A0,-1.6,65.41002005513454
423.0,148,11.065570000622461,B0A0,10.662625367956252,1.6
423.0,149,0.0,C0C1,401.6,191.7989554440289
424.0,112,14.43090334522348,B2A2,12.094479345055476,401.6
424.0,128,14.859617757384317,B2A2,46.64153366681046,401.6
424.0,132,12.389598718392655,B2C2,396.685559195838,398.4
424.0,143,15.61635540418461,A1A0,-1.6,49.79366465094992
424.0,148,7.136605155298514,B0A0,3.526020212657727,1.6
424.0,149,0.0,C0C1,401.6,191.7989554440289
425.0,128,14.543136314844364,B2A2,32.0983973519661,401.6
425.0,143,14.74392545180995,A1A0,-1.6,35.049739199139964
425.0,148,2.8766274214521794,:A0_1,1.6041574192062016,3.1708980655565897
425.0,149,0.0,C0C1,401.6,191.7989554440289
426.0,128,15.024588237173507,B2A2,17.073809114792596,401.6
426.0,143,14.799520801307112,A1A0,-1.6,20.25021839783284
426.0,148,3.6707704629315807,A0A1,1.6,6.841377671726027
426.0,149,0.0,C0C1,401.6,191.7989554440289
427.0,128,10.524588237173507,B2A2,6.549220877619092,401.6
427.0,143,14.41746771302674,A1A0,-1.6,5.832750684806086
427.0,148,6.189574125342518,A0A1,1.6,13.030951797068546
427.0,149,0.0,C0C1,401.6,191.7989554440289
428.0,128,6.024588237173507,:A2_0,0.6245494229232631,401.01472965375393
428.0,148,7.580630201407224,A0A1,1.6,20.61158199847577
428.0,149,0.0,C0C1,401.6,191.7989554440289
429.0,128,6.202603776679867,A2A1,-1.6,395.6620288637657
429.0,148,9.213317655425966,A0A1,1.6,29.824899653901742
429.0,149,0.0,C0C1,401.6,191.7989554440289
430.0,128,7.627830634728566,A2A1,-1.6,388.0341982290372
430.0,148,11.706228876000717,A0A1,1.6,41.53112852990246
430.0,149,0.0,C0C1,401.6,191.7989554440289
431.0,128,9.840790664284981,A2A1,-1.6,378.1934075647522
431.0,148,13.15326398998131,A0A1,1.6,54.68439251988377
431.0,149,0.0,C0C1,401.6,191.7989554440289
432.0,128,11.592056140649623,A2A1,-1.6,366.6013514241026
432.0,148,13.110344681661621,A0A1,1.6,67.7947372015454
432.0,149,0.0,C0C1,401.6,191.7989554440289
433.0,128,13.144241096425361,A2A1,-1.6,353.4571103276772
433.0,148,13.23238475507223,A0A1,1.6,81.02712195661763
433.0,149,0.0,C0C1,401.6,191.7989554440289
434.0,128,15.498774774658145,A2A1,-1.6,337.9583355530191
434.0,148,12.409448651532689,A0A1,1.6,93.43657060815032
434.0,149,0.0,C0C1,401.6,191.7989554440289
435.0,128,14.94037304081174,A2A1,-1.6,323.0179625122073
435.0,148,12.635301168571273,A0A1,1.6,106.0718717767216
435.0,149,0.0,C0C1,401.6,191.7989554440289
436.0,128,14.372177092318074,A2A1,-1.6,308.64578541988925
436.0,148,12.781829490308695,A0A1,1.6,118.85370126703029
436.0,149,0.0,C0C1,401.6,191.7989554440289
437.0,128,14.863382002181956,A2A1,-1.6,293.7824034177073
437.0,148,13.26545580919464,A0A1,1.6,132.11915707622492
437.0,149,0.0,C0C1,401.6,191.7989554440289
438.0,128,14.586050111666903,A2A1,-1.6,279.19635330604035
438.0,148,13.376167395972692,A0A1,1.6,145.4953244721976
438.0,149,0.0,C0C1,401.6,191.7989554440289
439.0,128,15.503019784001285,A2A1,-1.6,263.6933335220391
439.0,148,12.700671530706854,A0A1,1.6,158.19599600290445
439.0,149,0.0,C0C1,401.6,191.7989554440289
440.0,128,14.649467825942324,A2A1,-1.6,249.0438656960968
440.0,148,12.491084480850072,A0A1,1.6,170.68708048375453
440.0,149,0.0,C0C1,401.6,191.7989554440289
441.0,128,14.364054371376174,A2A1,-1.6,234.67981132472062
441.0,148,12.743040964804635,A0A1,1.6,183.43012144855916
441.0,149,0.0,C0C1,401.6,191.7989554440289
442.0,128,14.51824605835753,A2A1,-1.6,220.16156526636308
442.0,149,0.0,C0C1,401.6,191.7989554440289
443.0,149,0.0,C0C1,401.6,191.7989554440289
444.0,149,0.0,C0C1,401.6,191.7989554440289
445.0,149,0.0,C0C1,401.6,191.7989554440289
446.0,149,0.0,C0C1,401.6,191.7989554440289
447.0,149,0.0,C0C1,401.6,191.7989554440289
448.0,149,0.0,C0C1,401.6,191.7989554440289
449.0,149,0.0,C0C1,401.6,191.7989554440289
450.0,149,0.0,C0C1,401.6,191.7989554440289
451.0,149,2.399927636026405,:C1_3,401.6,194.1988830800553
452.0,149,3.7295442932518195,:C1_3,401.6,197.92842737330713
453.0,149,5.679293947969563,:C1_3,401.6,203.60772132127667
454.0,149,7.684374502929859,C1C2,401.6,211.29209582420654
455.0,149,8.990723036043347,C1C2,401.6,220.28281886024988
456.0,149,10.952897116309032,C1C2,401.6,231.2357159765589
457.0,149,12.658367538359016,C1C2,401.6,243.89408351491792
458.0,149,14.242518018261404,C1C2,401.6,258.1366015331794
459.0,149,13.715043399744541,C1C2,401.6,271.8516449329239
460.0,149,14.075806216528514,C1C2,401.6,285.9274511494524
461.0,149,14.159678126737349,C1C2,401.6,300.0871292761898
462.0,149,13.31764776656019,C1C2,401.6,313.40477704274997
463.0,149,13.575599511764818,C1C2,401.6,326.98037655451475
464.0,149,14.352672230411196,C1C2,401.6,341.33304878492595
465.0,149,13.870395030319566,C1C2,401.6,355.2034438152456
466.0,149,14.156351518240632,C1C2,401.6,369.3597953334862
467.0,149,14.068894954985813,C1C2,401.6,383.428690288472
